id,target
31715,0.7956005407491694
31716,0.40408693579120614
31717,0.7333848265594999
31718,0.27311769984326806
31719,0.21852359944077895
31720,0.2616691060434638
31721,0.2843815713138431
31722,0.5588830951590434
31723,0.39623265832056465
31724,0.5209220784860682
31725,0.6384426496748042
31726,0.3624394528248347
31727,0.3541387022733567
31728,0.5039154622888488
31729,0.3199420878287952
31730,0.2628691448386073
31731,0.1865019416015108
31732,0.7221491608660432
31733,0.2848435815023014
31734,0.5789307493840623
31735,0.809908788454934
31736,0.7841365461378108
31737,0.6127066612295078
31738,0.15309466023468854
31739,0.09336150692307368
31740,0.5026454258968683
31741,0.4865442241107218
31742,0.782503784789854
31743,0.7089476574627553
31744,0.9003535428340252
31745,0.18759573301797644
31746,0.537382331407766
31747,0.8025384411837742
31748,0.4736611386520759
31749,0.5811696003636307
31750,0.7876471107263732
31751,0.5479209003451515
31752,0.8716906517938482
31753,0.32114666087566995
31754,0.6549197912683186
31755,0.6753176130889403
31756,0.1557887293047672
31757,0.39685838139350793
31758,0.18220484864029515
31759,0.6655209353495982
31760,0.8809777985125684
31761,0.9054634966679663
31762,0.7964481659383136
31763,0.7024343784570591
31764,0.7531667843537608
31765,0.4682738072518594
31766,0.5544287533251571
31767,0.84779169252896
31768,0.4933849877422788
31769,0.5475963299970665
31770,0.8193115516288679
31771,0.8106202104880379
31772,0.42331505986865536
31773,0.6296604869461102
31774,0.5784629972863915
31775,0.7950659698202938
31776,0.6836181628690416
31777,0.6209780123131565
31778,0.7507359881387122
31779,0.521193770458341
31780,0.2987079319058939
31781,0.6554419945006503
31782,0.661260878816538
31783,0.27855701385686643
31784,0.49960589465834787
31785,0.5406400253477313
31786,0.620089815986065
31787,0.4294812817940341
31788,0.42474515028164594
31789,0.7717544746641706
31790,0.9547146467646006
31791,0.5881566909891494
31792,0.8174026717249483
31793,0.9249629766719802
31794,0.6853250163599182
31795,0.625794873510565
31796,0.7526572850680464
31797,0.6402240929419165
31798,0.7501921045066718
31799,0.5731568256628203
31800,0.887060014166566
31801,0.6095691132933152
31802,0.8105311319037465
31803,0.7738175426696465
31804,0.89053378243204
31805,0.8922241502416836
31806,0.3134788528799975
31807,0.31323613884504986
31808,0.6004383055559456
31809,0.6377057995024272
31810,0.4702113802825967
31811,0.24585337594581722
31812,0.48246392795902815
31813,0.531951664168679
31814,0.7069745721126894
31815,0.371018463432422
31816,0.6285789557652124
31817,0.3909889930913132
31818,0.22826312683586397
31819,0.7173478146918731
31820,0.12818031579739678
31821,0.2945864589766006
31822,0.3302347355135397
31823,0.4190455630228018
31824,0.6166397007641112
31825,0.7767073827747366
31826,0.35963722211433397
31827,0.38001355977011014
31828,0.8283909481233461
31829,0.37028138568114494
31830,0.2452843960742748
31831,0.8104367437215863
31832,0.4591088452836851
31833,0.719169237611527
31834,0.7529767931500717
31835,0.32090819158138334
31836,0.5917228375907987
31837,0.31027155590224115
31838,0.6137472421195194
31839,0.8482525064421355
31840,0.20563305391278996
31841,0.3626945203839571
31842,0.255868347817873
31843,0.19360355188562084
31844,0.6558282707584716
31845,0.8955143438184138
31846,0.790351809907686
31847,0.40804141209021927
31848,0.25917229508311834
31849,0.27713147383850534
31850,0.8063700017018752
31851,0.10111566205819912
31852,0.2332863214149994
31853,0.18592200537271045
31854,0.13801037737655805
31855,0.46535106534190945
31856,0.48580871371746287
31857,0.09816233365052254
31858,0.6734443965139144
31859,0.5470853100526025
31860,0.7083732936149177
31861,0.39037133170058663
31862,0.8626461043308258
31863,0.8969149422344641
31864,0.5892177540839106
31865,0.7834153232840307
31866,0.18332793946703427
31867,0.7808637684187372
31868,0.4107936425187395
31869,0.4688656569713733
31870,0.12677989331988038
31871,0.14662461485699013
31872,0.6148805215969374
31873,0.6243754401812609
31874,0.5838989278544439
31875,0.36904422291628
31876,0.153580825703887
31877,0.29672118112995205
31878,0.17853594098856113
31879,0.5262495086600768
31880,0.7818416384004248
31881,0.15516938184090182
31882,0.2699021565833816
31883,0.5207434822745673
31884,0.19410610598019024
31885,0.7646626146628726
31886,0.5046153991873614
31887,0.5021390982685595
31888,0.2813651187067139
31889,0.6050570446991773
31890,0.16691338196475375
31891,0.1222021207062575
31892,0.2701057545414895
31893,0.3381095804997853
31894,0.5539944899578819
31895,0.2631555915973797
31896,0.24905175580124359
31897,0.1660919225638304
31898,0.4802171756613534
31899,0.6176181485825727
31900,0.7286270326860407
31901,0.9016029918831984
31902,0.5775462761370905
31903,0.408648621584367
31904,0.6355683579669938
31905,0.2065718315858114
31906,0.32420964944928615
31907,0.6632286791406415
31908,0.5217887465174743
31909,0.5800977236516796
31910,0.6198157424675859
31911,0.300271275030235
31912,0.24008972236470172
31913,0.5435363485356921
31914,0.42998243886771004
31915,0.7047605087737496
31916,0.3593587555739905
31917,0.7045440772111927
31918,0.40471565624818695
31919,0.4043851641347702
31920,0.5648213534696352
31921,0.2796940639406743
31922,0.09449656008470192
31923,0.2206388078199457
31924,0.15883976479764994
31925,0.2345844310308163
31926,0.4964697933564062
31927,0.6923679048227968
31928,0.4863619726248991
31929,0.3823006947651603
31930,0.6709688397455178
31931,0.30174420034670524
31932,0.18432900267654045
31933,0.657224369090096
31934,0.10563303580727515
31935,0.535429889484591
31936,0.6778130298179651
31937,0.3825270092801487
31938,0.3343465683553029
31939,0.40823998140540446
31940,0.8577761798647514
31941,0.6037467661334353
31942,0.7613518544439398
31943,0.2582087273982192
31944,0.46166685314394684
31945,0.4288322663396509
31946,0.6391806801385067
31947,0.5540523657359194
31948,0.638890235085128
31949,0.37169155100479595
31950,0.3448362500832058
31951,0.6134645074976626
31952,0.2622989718314363
31953,0.19375534934789718
31954,0.6206117836702509
31955,0.19718028251454825
31956,0.16537785917670053
31957,0.7651022264989007
31958,0.8614357701851137
31959,0.34233025594235034
31960,0.8661778605409339
31961,0.3677421242493342
31962,0.3179579983946879
31963,0.11215907512274509
31964,0.5462063879981341
31965,0.3272964146857713
31966,0.2506498323172212
31967,0.37687115422998746
31968,0.5216541986995513
31969,0.7344797855615942
31970,0.3352271418967355
31971,0.5881360961727305
31972,0.25245225916995506
31973,0.1498439353394804
31974,0.6000071396754763
31975,0.5417616257982529
31976,0.44193377125879024
31977,0.28598102781314955
31978,0.17307380182624751
31979,0.3711296982669734
31980,0.5859003064347749
31981,0.38835432545940535
31982,0.24943449027665382
31983,0.15471704973023895
31984,0.1694359038474189
31985,0.5472899335726251
31986,0.1512941573888253
31987,0.17297227607004656
31988,0.7422222937791226
31989,0.24258589110882942
31990,0.2115864698211814
31991,0.4307385254374407
31992,0.13927528936145084
31993,0.4800408652637081
31994,0.7969627084018247
31995,0.7593253345851866
31996,0.6854129906385965
31997,0.5035980960653319
31998,0.5850952747882119
31999,0.5919754415125448
32000,0.5846805423763698
32001,0.616831612858395
32002,0.5976759798115392
32003,0.46451176340679673
32004,0.5363292517101901
32005,0.41879685987972726
32006,0.4326069872108483
32007,0.5476020957036708
32008,0.3895988447959544
32009,0.39412109750100877
32010,0.2068567342452908
32011,0.3840330107863126
32012,0.2950436075272731
32013,0.2531444388820547
32014,0.37020177811714633
32015,0.8773241179800461
32016,0.1452218424556487
32017,0.13182766261005385
32018,0.5430876146209538
32019,0.22851274411923123
32020,0.41328412403935416
32021,0.18727869639278544
32022,0.6639447803256379
32023,0.5808492165650898
32024,0.5187178200075028
32025,0.6680706518547977
32026,0.48282673988382163
32027,0.6192252141454576
32028,0.5918500107117235
32029,0.47348093350117654
32030,0.6808063046458374
32031,0.43479453455734823
32032,0.5050845324250617
32033,0.7173391193110716
32034,0.1912677936390211
32035,0.4835765991645377
32036,0.34825649394207137
32037,0.3116969907686239
32038,0.3184620819631354
32039,0.23093540301853818
32040,0.4772879252172867
32041,0.4277572262438023
32042,0.21736104942825935
32043,0.5551547775209549
32044,0.7037234249037876
32045,0.4837555914636725
32046,0.4609432564664515
32047,0.2231401078112109
32048,0.7025542158993311
32049,0.4384391750239733
32050,0.20164610405953795
32051,0.30139653888249457
32052,0.8072977003288085
32053,0.6649439229917203
32054,0.6046243217086413
32055,0.2505218856909791
32056,0.8991633083646513
32057,0.5161949305763138
32058,0.5202087342976817
32059,0.3966920220581943
32060,0.7820716116382179
32061,0.4812223314875066
32062,0.6315356087194407
32063,0.7733655098004953
32064,0.5230407935604625
32065,0.5834085318219445
32066,0.705967959271389
32067,0.5482455939691179
32068,0.7822901286342671
32069,0.19014813053275423
32070,0.37445579256945166
32071,0.47975595899858353
32072,0.19547328324351523
32073,0.45194516359474923
32074,0.4512276228715374
32075,0.2771778443641856
32076,0.7023475768986023
32077,0.5497436900801712
32078,0.3786321691876735
32079,0.5153533186412991
32080,0.376851352402485
32081,0.4122474379025141
32082,0.40523877019231397
32083,0.22671160174841942
32084,0.19581474315769537
32085,0.46943305246410594
32086,0.7883225268472451
32087,0.298726870512762
32088,0.3974745259817327
32089,0.7934527110581847
32090,0.517303208422664
32091,0.3524081541438664
32092,0.2551630176695922
32093,0.9240190983246753
32094,0.2531590207607903
32095,0.5837289643953094
32096,0.5563175655559099
32097,0.2752962075628415
32098,0.37431079739348594
32099,0.3369933699409087
32100,0.4970069183121489
32101,0.9012258024895973
32102,0.2022998007640931
32103,0.527966893089293
32104,0.20108457660195062
32105,0.29122445357082394
32106,0.3157052289981012
32107,0.44099620039469983
32108,0.8057039115914106
32109,0.22242599733792298
32110,0.1667065781082328
32111,0.3250705955273285
32112,0.2845755259666851
32113,0.7027836227977255
32114,0.2259241396943538
32115,0.4556591594558131
32116,0.5922242769299932
32117,0.44641296870075853
32118,0.5210415832719436
32119,0.20419494607240737
32120,0.5846154836973846
32121,0.3878487868945899
32122,0.7228208263086172
32123,0.7254156218850433
32124,0.5274637083338655
32125,0.5824550140866472
32126,0.2620580711708299
32127,0.5319447426190368
32128,0.4156343535798585
32129,0.42574070242270406
32130,0.6508889046777349
32131,0.4310423947301904
32132,0.6439813993672243
32133,0.4476880866180982
32134,0.5670873792380711
32135,0.42476772658836504
32136,0.4990623179006853
32137,0.5083758871611028
32138,0.4325720170507961
32139,0.5477356859390026
32140,0.5781549997439834
32141,0.544620261856605
32142,0.7718013365502543
32143,0.7095756310921189
32144,0.32874992120463137
32145,0.1467348848953108
32146,0.3456075404709134
32147,0.4865948088975429
32148,0.1937663370138466
32149,0.8364298375258552
32150,0.6262352417302416
32151,0.6681310535261099
32152,0.1516840051161731
32153,0.4847706195668042
32154,0.6833059609818861
32155,0.29628838750689673
32156,0.3259218078104074
32157,0.2571723025735785
32158,0.4028809021061264
32159,0.8354043198153188
32160,0.8769742761802745
32161,0.4884615015438777
32162,0.40317452712041985
32163,0.25699226987992735
32164,0.5616763198289207
32165,0.5116738380469212
32166,0.6069968085469217
32167,0.5496438268522821
32168,0.8992354988051258
32169,0.4197108275294274
32170,0.5422741915194541
32171,0.3104516272197104
32172,0.6508955470779303
32173,0.21391989451457064
32174,0.5474068236310132
32175,0.7421219494056093
32176,0.7546954325479898
32177,0.2920699550488497
32178,0.6403795244269483
32179,0.4881699002767899
32180,0.7026360020978405
32181,0.866635736925938
32182,0.8496637220361751
32183,0.8842887276008379
32184,0.6574260832414127
32185,0.8580375361772746
32186,0.806815092287041
32187,0.6356782438560208
32188,0.5533050860966152
32189,0.8812060117313565
32190,0.8798745350560593
32191,0.7802138905815077
32192,0.7031023596362324
32193,0.7733055189469795
32194,0.8064132103455008
32195,0.8818405899369436
32196,0.5026129429757382
32197,0.6492355329384045
32198,0.6060086451763415
32199,0.8241189122013626
32200,0.7730435293276778
32201,0.6826553048848807
32202,0.7388378667293858
32203,0.7440156976527571
32204,0.27931498046333514
32205,0.4055976346072297
32206,0.6831988857361981
32207,0.26599442738034595
32208,0.55764860887607
32209,0.5245425096045941
32210,0.43448089752069174
32211,0.5112307731042617
32212,0.621853249342766
32213,0.6234389347693648
32214,0.8863278090481976
32215,0.7835384520754194
32216,0.40367048989904175
32217,0.7647879120516188
32218,0.15952687755279057
32219,0.6496964689996585
32220,0.5647448318771664
32221,0.7247209362372306
32222,0.4129370553709301
32223,0.3924484210254234
32224,0.6753200041612055
32225,0.6821734535697302
32226,0.8382823209699748
32227,0.8615536274050829
32228,0.6294230071918525
32229,0.6978244715223163
32230,0.7279309837396722
32231,0.40688765955867706
32232,0.42169542861027165
32233,0.9399187427810586
32234,0.7517107433988005
32235,0.7788731544596795
32236,0.9117637652899263
32237,0.656888100611739
32238,0.5095541199287815
32239,0.5065997775542787
32240,0.8614506570867133
32241,0.40708262585239824
32242,0.6259342567788071
32243,0.7081773789875748
32244,0.8289506856938665
32245,0.5393817012282254
32246,0.5899625507502114
32247,0.23638912730786124
32248,0.4421129092132139
32249,0.6995955067905255
32250,0.7396842934897747
32251,0.831588458879123
32252,0.6290858199204706
32253,0.33175738222492734
32254,0.20052672240110517
32255,0.3635844862665519
32256,0.27981487877754435
32257,0.7137687445631458
32258,0.6814424699827264
32259,0.729451035614475
32260,0.3925194606038519
32261,0.2186422144690672
32262,0.5165475978850195
32263,0.6856537696233009
32264,0.5127190479597453
32265,0.11324263702383348
32266,0.637551788225655
32267,0.8429907089176745
32268,0.8000708966830762
32269,0.9002266803303571
32270,0.32324541132844314
32271,0.6815431210364552
32272,0.4676882932644997
32273,0.5467601734197555
32274,0.5393573332334552
32275,0.5907344298203342
32276,0.340126934745354
32277,0.7116858050770597
32278,0.4673719757567072
32279,0.5731761881928085
32280,0.6985428680698123
32281,0.40941641893314046
32282,0.10241579687526162
32283,0.17761437368082664
32284,0.7964022167832117
32285,0.6645704156164489
32286,0.49918669110633396
32287,0.4860892780513416
32288,0.372861158722058
32289,0.7327821967858491
32290,0.34393404419602114
32291,0.41402342418732085
32292,0.1881683898434623
32293,0.3562266916477032
32294,0.3664135670768089
32295,0.5810964308018084
32296,0.560932304792672
32297,0.49995215141162497
32298,0.3855180608583917
32299,0.7625799182847168
32300,0.27839462409907945
32301,0.2749507241537719
32302,0.32924299195436585
32303,0.24672200856850393
32304,0.7468748269880983
32305,0.7791951182569156
32306,0.48878463792410426
32307,0.2886650791117529
32308,0.7312217805207252
32309,0.5251922027337551
32310,0.5496231153711687
32311,0.17121880878756948
32312,0.6925415831852755
32313,0.6208690922243149
32314,0.6449804989693355
32315,0.1371850937550905
32316,0.3332327886869562
32317,0.2957054993496268
32318,0.6017969889717563
32319,0.2003011705786023
32320,0.27972400276846837
32321,0.19682439639943558
32322,0.23311064996718409
32323,0.49981414460186874
32324,0.33953962341641947
32325,0.9245556675299171
32326,0.636436923850098
32327,0.45550746754490096
32328,0.5799276314243971
32329,0.544044043504421
32330,0.30705878007639953
32331,0.6169323152396492
32332,0.8132536784121677
32333,0.3392474153903509
32334,0.559807407385646
32335,0.5259385298581228
32336,0.8717291083936454
32337,0.8058710072642435
32338,0.7486635537437519
32339,0.360570377454489
32340,0.5241552138826312
32341,0.6333169833507649
32342,0.561029958002003
32343,0.7066569102549712
32344,0.8326599852285307
32345,0.5271864812929314
32346,0.7733914912804827
32347,0.5268162672868428
32348,0.6367110131292186
32349,0.870166979044976
32350,0.7059508005854978
32351,0.8395076004899396
32352,0.6803549821024957
32353,0.7584146226844728
32354,0.6039637503193783
32355,0.2406145893121151
32356,0.6783559127366837
32357,0.6311907952230188
32358,0.8034375665837447
32359,0.36884172685014643
32360,0.33373236287944225
32361,0.6830712501130088
32362,0.7621323573234334
32363,0.37121790355949735
32364,0.48125275892669617
32365,0.889176032109976
32366,0.45035285296405764
32367,0.3825206190863462
32368,0.6242583483759598
32369,0.4470063268983282
32370,0.7648783029412397
32371,0.7535015996253553
32372,0.7819459004567993
32373,0.5546442867983514
32374,0.8397358817838744
32375,0.7232462626152886
32376,0.6737147925333395
32377,0.6165447357000668
32378,0.7378150658542697
32379,0.8045453558294703
32380,0.3387084867097507
32381,0.14532017725142524
32382,0.7594485408897332
32383,0.2996337083907548
32384,0.737362325390778
32385,0.28445419281839956
32386,0.21764386196179744
32387,0.35710529707905186
32388,0.5222617478823006
32389,0.32638496998742494
32390,0.23432130782249108
32391,0.18484931077703948
32392,0.6031117578376659
32393,0.5150520753098381
32394,0.39626326867320455
32395,0.679624474439718
32396,0.16308648584523672
32397,0.47790662556385954
32398,0.16730892045432724
32399,0.36303470857606657
32400,0.599573131661963
32401,0.34469403013420835
32402,0.7256924831679451
32403,0.45938222689550356
32404,0.6987711817181276
32405,0.7114080385113927
32406,0.6678963759078415
32407,0.3926090014769436
32408,0.8750819151644577
32409,0.7100851585945589
32410,0.6770824657624764
32411,0.6326852676215716
32412,0.5995587170049278
32413,0.6684146231168072
32414,0.26290863902086997
32415,0.6561736098524239
32416,0.8360120848153011
32417,0.6482684444755341
32418,0.6024608225299627
32419,0.2611409262167812
32420,0.4449301039480553
32421,0.6083229516914231
32422,0.5587467946417943
32423,0.7634190210913496
32424,0.7631885353275647
32425,0.6497788841840112
32426,0.7454821211506426
32427,0.6962428328591473
32428,0.6547849898951512
32429,0.5133214541539353
32430,0.22184051748745365
32431,0.3238577566789192
32432,0.6892376297034237
32433,0.7509966185066301
32434,0.3708219678108841
32435,0.8389317475049611
32436,0.7945594797337261
32437,0.3819518786301085
32438,0.3179839686364331
32439,0.5448525572902787
32440,0.39176024511941593
32441,0.21114832609342477
32442,0.6327192546976707
32443,0.16347456185579845
32444,0.7499855910381377
32445,0.7618074390440102
32446,0.27661999004824994
32447,0.141458871544416
32448,0.34750714522671006
32449,0.5461891735191045
32450,0.33891775978132926
32451,0.7029682045704225
32452,0.5153821642114476
32453,0.93083793578598
32454,0.7162687141496145
32455,0.4973063991661971
32456,0.8469418497260828
32457,0.8519193222653382
32458,0.7340930151116148
32459,0.1471596644473825
32460,0.556962987266112
32461,0.4380861724185025
32462,0.46384102544444683
32463,0.17866555976093815
32464,0.41313979584203014
32465,0.2869129012092373
32466,0.17945394322767913
32467,0.15889805028009898
32468,0.6130391967328489
32469,0.19211823315936366
32470,0.2670557444273084
32471,0.4113285135091406
32472,0.3701646111742632
32473,0.807226908895421
32474,0.2307655792634766
32475,0.18052855526069714
32476,0.18713252296533361
32477,0.18214174017117896
32478,0.30232865985142277
32479,0.6747469134039465
32480,0.2558328098596438
32481,0.7069681476820854
32482,0.29074019502461196
32483,0.7704359319556432
32484,0.259712520504874
32485,0.13909882481230276
32486,0.1796060298418126
32487,0.25704409622315594
32488,0.4882293625894901
32489,0.42487911009951906
32490,0.23588367596515317
32491,0.5613753374686439
32492,0.1794272020472013
32493,0.6839507490826903
32494,0.6540242364821429
32495,0.6814695280151639
32496,0.3833194489981533
32497,0.26161190566369763
32498,0.09823655461183133
32499,0.10725238922780736
32500,0.22141509572226378
32501,0.20878840230908938
32502,0.31972440964685694
32503,0.9500586033830675
32504,0.6652058681749018
32505,0.6003278003031586
32506,0.5141743763200561
32507,0.30965653934992876
32508,0.6066397287874263
32509,0.42657007451177315
32510,0.6813905003195934
32511,0.730116608231079
32512,0.9048961596044659
32513,0.2840011453976545
32514,0.9051527502949728
32515,0.31459488175854255
32516,0.2250108250264025
32517,0.3656145838078668
32518,0.7146160580107942
32519,0.5972464308856374
32520,0.8479881635478732
32521,0.8082487996012958
32522,0.4884545251930303
32523,0.7767447590930214
32524,0.4296072164573196
32525,0.7798445641146076
32526,0.6712626750527122
32527,0.21132061108435884
32528,0.2631410419388841
32529,0.4788045248255279
32530,0.6756777861617085
32531,0.1938069945698461
32532,0.30346127037568654
32533,0.6595773944481069
32534,0.7914029216089717
32535,0.760905861167183
32536,0.4232295707038937
32537,0.7398480556281254
32538,0.3046220753778654
32539,0.504799484772809
32540,0.7678231619163717
32541,0.5484813775450005
32542,0.7626292370744273
32543,0.5160235744535029
32544,0.812384224063932
32545,0.6766338987209328
32546,0.3148142947103921
32547,0.285150525414096
32548,0.21599563360720592
32549,0.7811829045279766
32550,0.20929612344331802
32551,0.5440536229340576
32552,0.2542833581360791
32553,0.15400376692333184
32554,0.42162390024143226
32555,0.38284871973665524
32556,0.7117136217868231
32557,0.15336466982399963
32558,0.34881329324390786
32559,0.24874021342373698
32560,0.26169915250935327
32561,0.6364991434842491
32562,0.13782974069722626
32563,0.5707942703138498
32564,0.702051029236905
32565,0.6982663697717223
32566,0.3270827142176367
32567,0.34536273864094946
32568,0.37526809517755966
32569,0.4071454779762706
32570,0.22799637122593935
32571,0.3325801757819847
32572,0.1555320085832555
32573,0.829612714643266
32574,0.36078833916991937
32575,0.24281806060023367
32576,0.5865796151726264
32577,0.4313493529848657
32578,0.32980213892758126
32579,0.41420197218025573
32580,0.5060270277833538
32581,0.2274857733841605
32582,0.8968186767872077
32583,0.4663697999914787
32584,0.19831181046384502
32585,0.21645552765844417
32586,0.24488030784059575
32587,0.2714699557925185
32588,0.7163399914438927
32589,0.3690112796240724
32590,0.5567218777541624
32591,0.7071952494788786
32592,0.43839340974058344
32593,0.5934070278507888
32594,0.8179694577365878
32595,0.5959221610064145
32596,0.23771560095492442
32597,0.6333527705975118
32598,0.41112913090389985
32599,0.3321048526499816
32600,0.7537493382655315
32601,0.6179153554834884
32602,0.5334117940818442
32603,0.1811911592578873
32604,0.24738302985255248
32605,0.2572273308278229
32606,0.6514295000502967
32607,0.7308379769923026
32608,0.4897801689287345
32609,0.7659510801441607
32610,0.41923334079893726
32611,0.2557580766583182
32612,0.8183020759950584
32613,0.4580797821604288
32614,0.37704311623617837
32615,0.8428612655482923
32616,0.8979336604184875
32617,0.31826648631374105
32618,0.11902201919971465
32619,0.27174208463916616
32620,0.7967012468041617
32621,0.3795345821437167
32622,0.41139584510748217
32623,0.45806029954596483
32624,0.41548026205051325
32625,0.11251069796827688
32626,0.6942356314627129
32627,0.2458496537825199
32628,0.255793466847798
32629,0.4339545987381978
32630,0.5392719973674945
32631,0.7332520255259084
32632,0.32045763357971485
32633,0.8423135452755532
32634,0.792692964685929
32635,0.7516031368136981
32636,0.8088253393103787
32637,0.8561762279361396
32638,0.6686584717243622
32639,0.6891225058036544
32640,0.23382098510103733
32641,0.586867672483411
32642,0.5244524443588988
32643,0.3674054835812427
32644,0.7456634522897492
32645,0.2916633831430813
32646,0.7819649039844299
32647,0.7289796800207622
32648,0.5928205287484151
32649,0.7382424748988105
32650,0.2618959306821928
32651,0.48226093357173677
32652,0.6990496814032807
32653,0.43704566857248117
32654,0.7013078716997968
32655,0.18531942321716197
32656,0.339066886118139
32657,0.5981803767262036
32658,0.18021505046847947
32659,0.43939868699347767
32660,0.8921322081599431
32661,0.8328120179983571
32662,0.8828187862305155
32663,0.6623779924902209
32664,0.6378628654466488
32665,0.788902916646916
32666,0.3222708801617629
32667,0.7442351836988086
32668,0.8364496542723385
32669,0.7135987125016712
32670,0.7259197480909302
32671,0.7380999938868549
32672,0.7279138305798839
32673,0.5088125586759985
32674,0.41395799335337696
32675,0.44552560539271446
32676,0.48565507961280757
32677,0.642367390816186
32678,0.4409328718649147
32679,0.39163251055514214
32680,0.38404579462668326
32681,0.7168614550918432
32682,0.7024947127799511
32683,0.8126276865759453
32684,0.8781010219516234
32685,0.7718621894055591
32686,0.623983082104609
32687,0.8190462989888561
32688,0.2853628465807348
32689,0.7621433948082389
32690,0.30985250361375116
32691,0.6056012970329172
32692,0.5273542279822887
32693,0.7869730019296752
32694,0.8398355510418873
32695,0.2733620125767367
32696,0.4671281756960862
32697,0.9400078544728376
32698,0.839074795101352
32699,0.33899081114242097
32700,0.4179985919243437
32701,0.7605322929786973
32702,0.28229753057841084
32703,0.7052794799710594
32704,0.7566080626797237
32705,0.7528186150565571
32706,0.6072522352702459
32707,0.7499402791408037
32708,0.6029526781095288
32709,0.7801276255819712
32710,0.6678197556971477
32711,0.7997085403111743
32712,0.6260402862779535
32713,0.7677884393327863
32714,0.29469385778878493
32715,0.9546822784538015
32716,0.6873628596361895
32717,0.2531263348146499
32718,0.8179720354185248
32719,0.3630968810452143
32720,0.7506764240440422
32721,0.20273248181507666
32722,0.39169650588049487
32723,0.19236671091597607
32724,0.21295167644633795
32725,0.31395441591646733
32726,0.6625723322633077
32727,0.5192910494946907
32728,0.5385553470756231
32729,0.3512185681071113
32730,0.5483588569256529
32731,0.5289818959050425
32732,0.9002121654529082
32733,0.6626137453444391
32734,0.693582533177124
32735,0.5282369790232944
32736,0.8747419089849964
32737,0.4691987274941585
32738,0.36913025865310944
32739,0.5777496592812112
32740,0.23741339851749826
32741,0.3773631502718237
32742,0.5169057185181702
32743,0.5711223459277105
32744,0.6977021884374199
32745,0.7026608145327206
32746,0.6152730421775812
32747,0.22593905690580918
32748,0.386546167710181
32749,0.665559078520016
32750,0.8079823961558035
32751,0.13147273555109684
32752,0.17451297959946
32753,0.17686912571747648
32754,0.5393745895873795
32755,0.4732502757560218
32756,0.7396182404360695
32757,0.7455530982487933
32758,0.374478301430012
32759,0.2609508981074851
32760,0.4777291204117841
32761,0.6583980215192066
32762,0.5227363381025829
32763,0.3597035964127345
32764,0.506446940074091
32765,0.09564824286345326
32766,0.6927217818027425
32767,0.6946358539824036
32768,0.5765848354862066
32769,0.6402281398162232
32770,0.6394040393320196
32771,0.4211413856677283
32772,0.6831688168624204
32773,0.4825392618640307
32774,0.4190156649046188
32775,0.27948875465491924
32776,0.45131152907671435
32777,0.7283456234204659
32778,0.49247817694237733
32779,0.48050490366979803
32780,0.5328398058975901
32781,0.4751001486811188
32782,0.5670351198675695
32783,0.7411889318685551
32784,0.5850814317356685
32785,0.7205885039438984
32786,0.31023418472725056
32787,0.3802718847103961
32788,0.35885222690341506
32789,0.5987717842265151
32790,0.22019864986226545
32791,0.1564134075239908
32792,0.35871425286844005
32793,0.665464453080607
32794,0.19488912213228157
32795,0.8479229718269702
32796,0.6725444238636641
32797,0.23783096505228682
32798,0.4234305798574059
32799,0.6225466842270906
32800,0.7963538180759474
32801,0.3420991336453814
32802,0.16789256234404018
32803,0.3590081746505743
32804,0.7381589610317436
32805,0.7143316362457796
32806,0.8973378968539739
32807,0.6154902171595702
32808,0.35526792508720073
32809,0.4027449855156138
32810,0.3982957922313882
32811,0.7152427393197885
32812,0.7415900838007573
32813,0.24975093846608412
32814,0.23637019224070469
32815,0.5295345312739109
32816,0.24546383777664527
32817,0.4643459432011357
32818,0.755117912840253
32819,0.31342541226715315
32820,0.30557874497987364
32821,0.6793941717724093
32822,0.8993387313557211
32823,0.8699042747709442
32824,0.6332430131158985
32825,0.26581497083906164
32826,0.30756810025627923
32827,0.7908270138881159
32828,0.29336247260824533
32829,0.5581525120303514
32830,0.22920906858606316
32831,0.5702221616860956
32832,0.3139015841650351
32833,0.3378150699558781
32834,0.6816329524666646
32835,0.4939434069301426
32836,0.2916073643922176
32837,0.08408203127412332
32838,0.8244675541146255
32839,0.7015054185807508
32840,0.5723697051287611
32841,0.39428468982145276
32842,0.5391559332846952
32843,0.27938866701329285
32844,0.6198407918812002
32845,0.5253210766156676
32846,0.2323489414877425
32847,0.27107068601110673
32848,0.5984033958908782
32849,0.660918372293037
32850,0.14283905243346315
32851,0.6616263177132712
32852,0.3185417089999163
32853,0.49919830090696593
32854,0.262913282922903
32855,0.2191467363726482
32856,0.24897251242980067
32857,0.24457678363544627
32858,0.7268541192894624
32859,0.2173866401015788
32860,0.5799944899839375
32861,0.35790970705501224
32862,0.4262397772465709
32863,0.6262867236061291
32864,0.19196315815411685
32865,0.6834469796774802
32866,0.10567710334180275
32867,0.1182269072910485
32868,0.3123533364352516
32869,0.37707834679941404
32870,0.8824123550136757
32871,0.7051076210896892
32872,0.18826294556384196
32873,0.49336443844976846
32874,0.42063772409026323
32875,0.5706227955821052
32876,0.48759271458857045
32877,0.16481610308717565
32878,0.6374335926474989
32879,0.6408024207724038
32880,0.5351763844990981
32881,0.281662190902817
32882,0.6870312224233446
32883,0.38997815009572406
32884,0.6263841669912026
32885,0.20776291445042647
32886,0.7024688227269579
32887,0.2805893488377681
32888,0.13734717793747853
32889,0.5738893708754096
32890,0.43900926461699696
32891,0.5412565303407118
32892,0.9024551349089865
32893,0.1345355899914805
32894,0.21031054305711488
32895,0.5004968378783193
32896,0.15540891983656974
32897,0.2407154615607813
32898,0.6229246998724695
32899,0.4510776988934074
32900,0.12735500484977813
32901,0.6021173474837231
32902,0.8006416177973361
32903,0.8168342013677502
32904,0.8743664830665908
32905,0.614983943210062
32906,0.8707140632723398
32907,0.6860035553674927
32908,0.7921630672980348
32909,0.3667587721318859
32910,0.12203524663915072
32911,0.510638154271473
32912,0.32906257451173143
32913,0.6790000328006596
32914,0.3526586780561888
32915,0.4081588450000005
32916,0.15132628268591078
32917,0.6860509575498729
32918,0.272311559347852
32919,0.3437871064087334
32920,0.904739914230092
32921,0.34692626249570135
32922,0.34340426708260496
32923,0.7358032664590262
32924,0.3899657508728965
32925,0.1257743142171042
32926,0.1572360314488663
32927,0.17274454722618782
32928,0.2527860129598021
32929,0.5074606770042929
32930,0.8391387050722883
32931,0.7829463363918082
32932,0.4813091663608886
32933,0.29748629269611
32934,0.32853405269987984
32935,0.32128586454026925
32936,0.1306323706507267
32937,0.5919590126799047
32938,0.2657948107371249
32939,0.3259052108960054
32940,0.7364832829417365
32941,0.5437547953889796
32942,0.49872440023098047
32943,0.12261964614418774
32944,0.26287429404117396
32945,0.5433230564911086
32946,0.6900148911204688
32947,0.8110110108751944
32948,0.6490206186861422
32949,0.5640313797313777
32950,0.3408010613177584
32951,0.7621210264374805
32952,0.2640865705740051
32953,0.19131306634037026
32954,0.6496477467172995
32955,0.6890152688863908
32956,0.46416441779378514
32957,0.8722321095222334
32958,0.6643577145941001
32959,0.3992285425237987
32960,0.19823806729643056
32961,0.634402556159598
32962,0.7719770929413162
32963,0.5177842245167739
32964,0.5602262839435099
32965,0.5854139681902897
32966,0.38556520614262363
32967,0.21083929820578784
32968,0.7313435509944104
32969,0.34621689075925033
32970,0.7656700294936626
32971,0.5839377501545863
32972,0.39308172331594793
32973,0.3495394360989852
32974,0.8973678794596377
32975,0.2428783200574106
32976,0.6365850154501359
32977,0.29023325184565085
32978,0.3454708867873019
32979,0.834152077112165
32980,0.5731704673407048
32981,0.3898281359034744
32982,0.14862468597814632
32983,0.7789683349721245
32984,0.8471836545304474
32985,0.7474544345185732
32986,0.7576154076145577
32987,0.18966206475138944
32988,0.1907233131654084
32989,0.6220640350865735
32990,0.34680216718895407
32991,0.2551184096640761
32992,0.4793075607271845
32993,0.6271647540720318
32994,0.38137823164396784
32995,0.21797930576061456
32996,0.38196021634498073
32997,0.2434917610472979
32998,0.8583265068948068
32999,0.18177919938455617
33000,0.6661534156689277
33001,0.6963391031292374
33002,0.34374444336318105
33003,0.3752434773245827
33004,0.2338984400601493
33005,0.25892244738018827
33006,0.16748709599281192
33007,0.12620113060572385
33008,0.46282249991975194
33009,0.7248610239489345
33010,0.26847048260326845
33011,0.6394434836071797
33012,0.45022163763357076
33013,0.16175090138695308
33014,0.48194014615158304
33015,0.43500672942390617
33016,0.2553937594332327
33017,0.5723857314455366
33018,0.8436350088337717
33019,0.18985121369861294
33020,0.32378798034469686
33021,0.1066109749896639
33022,0.17825822677441192
33023,0.777811676132775
33024,0.20296325951807176
33025,0.7914263604402398
33026,0.2965915269307823
33027,0.5648604825565913
33028,0.5061430852442366
33029,0.6722542254926157
33030,0.6059981030501725
33031,0.26785551998567275
33032,0.6343735137971729
33033,0.761974353473602
33034,0.2974831334141478
33035,0.39798925042971894
33036,0.7410825225353631
33037,0.41236529703825003
33038,0.34842810684883674
33039,0.4280200787265837
33040,0.1630201964851906
33041,0.827077018866621
33042,0.679669704148529
33043,0.19226159264722817
33044,0.4866623934380883
33045,0.3641012480170431
33046,0.3746005694885056
33047,0.6700906651913954
33048,0.8055318684222527
33049,0.7549817868685612
33050,0.6095320128537206
33051,0.916885061683072
33052,0.5950568411913428
33053,0.690875504770392
33054,0.1747715138758999
33055,0.3714841593817345
33056,0.37687742954680586
33057,0.39632714734246144
33058,0.7513918480116437
33059,0.4041637807109351
33060,0.8167729583087076
33061,0.6023704034409125
33062,0.5930418128678862
33063,0.7650654734215874
33064,0.6085808447152264
33065,0.3330470399219188
33066,0.5552705791456993
33067,0.6370788196789614
33068,0.42764136095180144
33069,0.6955288764923534
33070,0.28158727215126017
33071,0.2875435586730723
33072,0.6420552861337613
33073,0.25089245054851617
33074,0.30985975299018365
33075,0.6980590697140765
33076,0.43740602815245505
33077,0.20951484478623936
33078,0.3595368770801451
33079,0.20126750884481598
33080,0.9364414251443072
33081,0.8497335166838194
33082,0.7039135685699845
33083,0.7749141803374872
33084,0.6120187773669842
33085,0.8820393473990659
33086,0.392937145612574
33087,0.5675336908953961
33088,0.3303426099695703
33089,0.8665065066411242
33090,0.8855391753501403
33091,0.6070651210220468
33092,0.7873993887013397
33093,0.40735030428830354
33094,0.8362712446373936
33095,0.4483599917088385
33096,0.8687976706187943
33097,0.8716071071397848
33098,0.35404883077600086
33099,0.7131411297804588
33100,0.638044192239309
33101,0.8029416049666226
33102,0.5838936719209334
33103,0.7225265438748387
33104,0.585469349694583
33105,0.2554645252245008
33106,0.6208114328279178
33107,0.5236860304553881
33108,0.7529812578903279
33109,0.6655394352417164
33110,0.23570907370536184
33111,0.5477225412019537
33112,0.8328608446221716
33113,0.8577544883962174
33114,0.41645925479251567
33115,0.9123502384467934
33116,0.35947192714375475
33117,0.8154640813503096
33118,0.3601854163713394
33119,0.37199896747861205
33120,0.5372613835701603
33121,0.439540516194995
33122,0.7187403522399538
33123,0.6969294212542505
33124,0.7225091252573258
33125,0.6647555596596983
33126,0.5302212540586795
33127,0.8194795157324342
33128,0.5156773049318797
33129,0.5758316608545929
33130,0.9026252958909495
33131,0.5235484408404107
33132,0.6290838759998609
33133,0.46598914657426604
33134,0.5789966858497133
33135,0.5157284343382647
33136,0.8360627196816325
33137,0.2661526926196449
33138,0.8366236064522391
33139,0.5128882461992346
33140,0.8390051637719648
33141,0.6224560980711331
33142,0.9398070599410401
33143,0.6787451501546259
33144,0.2942262699613408
33145,0.7769336831492331
33146,0.29218424224373946
33147,0.6780656578091313
33148,0.17795890326067473
33149,0.33465141196346465
33150,0.19606859603629362
33151,0.4667801637124588
33152,0.24311217674675975
33153,0.35271983428109
33154,0.46787141194886933
33155,0.5698288436218942
33156,0.44310242568106345
33157,0.4107138134983609
33158,0.6856784620911517
33159,0.4907617625545732
33160,0.26506456469190537
33161,0.4883132865853978
33162,0.3437420705371307
33163,0.4334059170488157
33164,0.5700699134642091
33165,0.4348845080146311
33166,0.4322724400781047
33167,0.6841002532214476
33168,0.25971910958397576
33169,0.26964963492013333
33170,0.3591636654611036
33171,0.541273686708021
33172,0.19288049969540358
33173,0.2785277000722449
33174,0.4075600458595956
33175,0.3247852585913635
33176,0.47956090299882326
33177,0.792753039055822
33178,0.2651737468881507
33179,0.5335019722260619
33180,0.5779392277319727
33181,0.46097861940445983
33182,0.6384317685826396
33183,0.22473054290226696
33184,0.8066419379107145
33185,0.5810123702903127
33186,0.9407506656221011
33187,0.610163623210403
33188,0.5272161224410498
33189,0.4258714166102773
33190,0.1922967573656092
33191,0.4305316997578259
33192,0.827736121654469
33193,0.24935181579354482
33194,0.4706641426198977
33195,0.1454317930525693
33196,0.7775844887292233
33197,0.30452508050584387
33198,0.6510853577564748
33199,0.6407106126042557
33200,0.30174137516161237
33201,0.5549338415056279
33202,0.23624363477375604
33203,0.7528847173834856
33204,0.7331911248505141
33205,0.39492886629946267
33206,0.3101077341562826
33207,0.8491288884492035
33208,0.5961375765657698
33209,0.37907408905041057
33210,0.12966252179166213
33211,0.435438177289833
33212,0.7948939010172446
33213,0.24501182733733023
33214,0.5548632195860018
33215,0.29028070470470924
33216,0.373204644291574
33217,0.6988165769596361
33218,0.6517822234334743
33219,0.5955794996632409
33220,0.3203275367855626
33221,0.5912574772066982
33222,0.803044235402591
33223,0.7435292779352484
33224,0.8924283189415017
33225,0.1411876824442801
33226,0.13639434490816602
33227,0.14055649841292878
33228,0.5487581521208776
33229,0.4466320707818381
33230,0.2056460157961906
33231,0.5415691308511744
33232,0.5518204575412858
33233,0.7313313241121762
33234,0.641723692772157
33235,0.38507008691561684
33236,0.2788418277203898
33237,0.27789236216566787
33238,0.8219325803782127
33239,0.19540093840830441
33240,0.5598072621694551
33241,0.39007589215473737
33242,0.23587576229841645
33243,0.6654176202575387
33244,0.6521761122528686
33245,0.750149471034196
33246,0.7383000538753304
33247,0.5925663372161227
33248,0.7395416129825529
33249,0.48424895025319065
33250,0.23579312486231235
33251,0.2583637799912075
33252,0.39143540636692625
33253,0.25889469225564143
33254,0.5409824991746034
33255,0.18487022038959783
33256,0.8269153453178927
33257,0.5718312267750875
33258,0.6332152665074084
33259,0.4490961231264345
33260,0.6229895781306749
33261,0.4770605238049293
33262,0.2870715192852674
33263,0.3936040074038905
33264,0.2469409723957081
33265,0.6310311173073924
33266,0.3633690999914565
33267,0.7882735869499311
33268,0.18456423245906958
33269,0.31463135965532885
33270,0.5782443080754696
33271,0.46499864491178927
33272,0.38475786571901166
33273,0.7215788851222915
33274,0.197590935521256
33275,0.3770480601032133
33276,0.7322686072822275
33277,0.7804458182616252
33278,0.326394476377501
33279,0.25771217755984144
33280,0.4726673830047335
33281,0.8897012358994218
33282,0.5266266915737237
33283,0.5805549116725036
33284,0.2523868924045742
33285,0.27858279951725545
33286,0.5112020413054216
33287,0.6575396214492887
33288,0.4773585737322357
33289,0.17264051361311797
33290,0.4448048912635428
33291,0.397194922810202
33292,0.6578789896513315
33293,0.5769941399193032
33294,0.3440705101486264
33295,0.4564152889180471
33296,0.2886285611265287
33297,0.1370766719806589
33298,0.8695923968910295
33299,0.24005046913511957
33300,0.4558875711477372
33301,0.7447633211174002
33302,0.538037408709968
33303,0.2679428581025069
33304,0.4985665733063412
33305,0.8387954030112619
33306,0.7332786280308097
33307,0.776091151247763
33308,0.5535805972124366
33309,0.8351633393813469
33310,0.6310451526123547
33311,0.45989957775570617
33312,0.3041281795974868
33313,0.171319296348491
33314,0.7880206969155674
33315,0.6702343062761164
33316,0.5543537184097102
33317,0.7038010901541373
33318,0.33508624940816634
33319,0.34803430363735727
33320,0.5359236498705002
33321,0.31704723521918887
33322,0.2583501192939245
33323,0.6154407801440229
33324,0.273475304126242
33325,0.2529494233765707
33326,0.5996383534993696
33327,0.7250304473168411
33328,0.34670707639312287
33329,0.24254241303398644
33330,0.716087063556716
33331,0.21851332889203506
33332,0.1437903070522803
33333,0.2620346092333705
33334,0.7695271326067834
33335,0.5204711183582849
33336,0.5190776192487923
33337,0.7474223690456462
33338,0.3486733719547393
33339,0.7314185481059369
33340,0.4839607436172436
33341,0.8247778517181035
33342,0.7276015143830643
33343,0.3282500216974644
33344,0.5368416255485986
33345,0.4500856990181104
33346,0.5595885481711191
33347,0.7641941088632691
33348,0.24839649745033218
33349,0.39909427717044643
33350,0.69358697696191
33351,0.6920188814456584
33352,0.11262801039930584
33353,0.16392255193318964
33354,0.19940873973340348
33355,0.41417059741088474
33356,0.5507115799560804
33357,0.4486740737138519
33358,0.7442171051916815
33359,0.5182146049200658
33360,0.28048097473443484
33361,0.5378332819770547
33362,0.6815350589749144
33363,0.22679021561945234
33364,0.11573847428789287
33365,0.26480605519580813
33366,0.5810307049293261
33367,0.13856755003220828
33368,0.32613853100458623
33369,0.6719088451058758
33370,0.4188550773051364
33371,0.2791869097435226
33372,0.863832128129243
33373,0.6158991192271044
33374,0.4041051313607971
33375,0.664316762597626
33376,0.6703008519607393
33377,0.8512621293307387
33378,0.7570557688328445
33379,0.22223702013874141
33380,0.17692149035026836
33381,0.25298757998381266
33382,0.6840706280988001
33383,0.22138040325114863
33384,0.428357123442132
33385,0.530024303527015
33386,0.36601784598399106
33387,0.5833768970995009
33388,0.5654496892854904
33389,0.21106044800784038
33390,0.5478126520886065
33391,0.27652584406179526
33392,0.4150145231818998
33393,0.4330631151813477
33394,0.6715261060935299
33395,0.6352794813898643
33396,0.6874549814731963
33397,0.22390659272534105
33398,0.7321226496117904
33399,0.683708601471807
33400,0.2797987632421876
33401,0.24997354440211
33402,0.4157080114854356
33403,0.22006540967786786
33404,0.28257526235275343
33405,0.5356713444942365
33406,0.7748485235574468
33407,0.5856237023211656
33408,0.9299741695842614
33409,0.7780916160391361
33410,0.8514615306652639
33411,0.8437018488062649
33412,0.7635509728693145
33413,0.8737601677990936
33414,0.3874829219007057
33415,0.2569562367211405
33416,0.3856756520661085
33417,0.737227313840243
33418,0.8915798008725707
33419,0.3235844794798046
33420,0.5614764192136031
33421,0.2819044515329635
33422,0.8277754568332453
33423,0.34838288768951575
33424,0.7233152869977182
33425,0.21331517358313606
33426,0.1289094271068582
33427,0.32025730826142174
33428,0.559850500282613
33429,0.7545958983059904
33430,0.1299994809030584
33431,0.6517207123225738
33432,0.3705099043579245
33433,0.7319247810820185
33434,0.48722204471283825
33435,0.8347445576888602
33436,0.4647613141847949
33437,0.5132848940084439
33438,0.4321938011248765
33439,0.31248404429038557
33440,0.22579534453912947
33441,0.30102888506192543
33442,0.7838650017459612
33443,0.35122136428509054
33444,0.14699364917158347
33445,0.5686867909857283
33446,0.31348312590859356
33447,0.8735766805911623
33448,0.8589865884360159
33449,0.29764241974446265
33450,0.21974707616215144
33451,0.2922902768364708
33452,0.23614179062720844
33453,0.5296301613319265
33454,0.6670811524054264
33455,0.6989255045023552
33456,0.42424353391024666
33457,0.8322157498579773
33458,0.34220358070168905
33459,0.4595243257695442
33460,0.3585768034808306
33461,0.41557838802304187
33462,0.4773032797780983
33463,0.23301672240911556
33464,0.36635422383919697
33465,0.7553212531729072
33466,0.3790665682825558
33467,0.9313638821493752
33468,0.9358467788891858
33469,0.6868699652586869
33470,0.20928807775884395
33471,0.687367864597054
33472,0.6740451321953486
33473,0.6922653622427323
33474,0.19123326612409586
33475,0.856695389523615
33476,0.265414984402213
33477,0.754814596952721
33478,0.47783595646523913
33479,0.25742296241799656
33480,0.8304941147689027
33481,0.7052357586111531
33482,0.7809630219032605
33483,0.8240428159139029
33484,0.39653163324619156
33485,0.3713666873229109
33486,0.32999076085562057
33487,0.31398712241873616
33488,0.19576002727325162
33489,0.1419058917317771
33490,0.5632408899130316
33491,0.48061918196120074
33492,0.8238372450632692
33493,0.4436889046173583
33494,0.478190573737505
33495,0.8234825325868735
33496,0.19404300567870122
33497,0.8511967479853975
33498,0.3327428935982674
33499,0.23206077472945713
33500,0.22287975853353117
33501,0.2829102593549092
33502,0.21973678315096565
33503,0.7825252346561657
33504,0.42871969738017485
33505,0.17009612215300152
33506,0.33994732881758416
33507,0.5129516140078431
33508,0.865472343054765
33509,0.7076804554182226
33510,0.7956584147609906
33511,0.7703303266214353
33512,0.47133327600667557
33513,0.5352626260650879
33514,0.8447588014503464
33515,0.5613597873602624
33516,0.3444177818323282
33517,0.7660583091094835
33518,0.6118943982352953
33519,0.9185259793343029
33520,0.5124720235352211
33521,0.8206508459583572
33522,0.692027130058416
33523,0.7476479107680061
33524,0.3114723173675934
33525,0.7132004518969708
33526,0.7640161504359083
33527,0.7669005102584062
33528,0.5492498750255717
33529,0.6869718569397516
33530,0.5391401457762288
33531,0.9271860150899102
33532,0.8143339544914082
33533,0.7012585266080613
33534,0.28056703474350425
33535,0.8648994018235358
33536,0.4468246951389367
33537,0.7920474471879909
33538,0.6170603727787577
33539,0.8183846116145542
33540,0.6158810718800899
33541,0.5408670850254902
33542,0.2874185969551176
33543,0.8141933538003471
33544,0.7812085025106913
33545,0.7085664106221452
33546,0.520867937491342
33547,0.7046716737347429
33548,0.6371053684784755
33549,0.6342922936405965
33550,0.4402537741474111
33551,0.4282009661490382
33552,0.5890686269577544
33553,0.7430502524108634
33554,0.6076158408124177
33555,0.5999133801552263
33556,0.5909075661261415
33557,0.7292712433811495
33558,0.45363854856868363
33559,0.6525026392990433
33560,0.941920238400314
33561,0.4570733586977151
33562,0.40627048566289997
33563,0.5522024279188404
33564,0.740848326483728
33565,0.29852129563141805
33566,0.29565795848913484
33567,0.6765998505563325
33568,0.6900465782468195
33569,0.9539559458708667
33570,0.5823528532567508
33571,0.774234384019127
33572,0.42123701782023826
33573,0.6671040670392405
33574,0.8936383550173829
33575,0.2876576975821402
33576,0.6877245325767503
33577,0.7166553747847094
33578,0.29644689498041965
33579,0.8101323139646766
33580,0.7425488156869308
33581,0.8158851916307128
33582,0.7802080718612169
33583,0.23994837947413147
33584,0.6209751622428434
33585,0.7679362566172698
33586,0.5556824805859447
33587,0.3175450627218879
33588,0.4165022041419838
33589,0.7219595221145213
33590,0.9137340561769682
33591,0.8078212257222827
33592,0.5368725317850032
33593,0.5948174097447334
33594,0.42555084193038234
33595,0.46962757163548435
33596,0.3047450453362933
33597,0.28785707762594864
33598,0.47431276249648674
33599,0.4198271037205459
33600,0.7293134716556722
33601,0.564426063769067
33602,0.1624762001452463
33603,0.6801303395920627
33604,0.5792171317869029
33605,0.6501758451214585
33606,0.44425199810788807
33607,0.444683235312574
33608,0.2649549666120948
33609,0.5096841593567406
33610,0.3753615098494759
33611,0.5925618665354514
33612,0.7018594937682345
33613,0.6242229723679192
33614,0.19506205866793386
33615,0.7684755198304866
33616,0.490275262723744
33617,0.649227645663855
33618,0.35672096667822933
33619,0.7190138747971645
33620,0.6332832784856589
33621,0.502841180207944
33622,0.39777742086914986
33623,0.7560058150884921
33624,0.2918617969598233
33625,0.2637077281006934
33626,0.5385637509236899
33627,0.4091400646074919
33628,0.7457974840207788
33629,0.8413776206647834
33630,0.39870993375475206
33631,0.4137558332233582
33632,0.8865001657291988
33633,0.75347725521915
33634,0.41912457721221
33635,0.535090599507635
33636,0.9149428476706474
33637,0.5435514726609673
33638,0.6934871968455809
33639,0.5483355809128891
33640,0.585099908887814
33641,0.5078517506124157
33642,0.7600152071658075
33643,0.37786280322646526
33644,0.29013605763777073
33645,0.3373134937973204
33646,0.6756012974002307
33647,0.6116278938407794
33648,0.6093570854295893
33649,0.2061390547337213
33650,0.45992470228086607
33651,0.6659212029075058
33652,0.6926270431186832
33653,0.8545286684863819
33654,0.6945740274479053
33655,0.15715925622705654
33656,0.7440827847224591
33657,0.6489388803923851
33658,0.4678606159434393
33659,0.4216210855082874
33660,0.3777044438775844
33661,0.7707532762279049
33662,0.728021317652825
33663,0.3842608827604399
33664,0.2148339221155618
33665,0.45409809656090155
33666,0.6953986287104665
33667,0.2648250128624749
33668,0.36278067811361625
33669,0.6975374622817088
33670,0.5544331894347383
33671,0.22305398678425173
33672,0.2810406511897212
33673,0.5554056539436157
33674,0.7160718338058613
33675,0.3068693022767476
33676,0.48194012135873004
33677,0.5396703811533773
33678,0.7094090344693604
33679,0.6251658528737092
33680,0.6065319095018147
33681,0.3069767877844035
33682,0.14661143512902958
33683,0.7256887969348255
33684,0.5836073659903358
33685,0.8138569556166076
33686,0.776490127386371
33687,0.6171280288140617
33688,0.6899159170723385
33689,0.8048299300550902
33690,0.7018263463825203
33691,0.6119190570553982
33692,0.6606184284556469
33693,0.2943237531767254
33694,0.69427554599633
33695,0.6548264351375093
33696,0.14100757684411747
33697,0.1331368314689867
33698,0.5335000651977182
33699,0.19471280054149837
33700,0.2806395501473272
33701,0.7357395329211004
33702,0.6299734946441968
33703,0.6245341042223075
33704,0.6231572063512518
33705,0.3421925189643187
33706,0.6370054468794039
33707,0.2532563649208422
33708,0.18140312641962592
33709,0.15138437311938963
33710,0.7523252236933413
33711,0.24866890282099086
33712,0.23632963440422008
33713,0.2354902693220766
33714,0.6319161816786005
33715,0.5857229002651418
33716,0.6102851651082959
33717,0.35813731232256385
33718,0.41564125951760433
33719,0.458021213066252
33720,0.9199876814548626
33721,0.32141287437108956
33722,0.7261335460527921
33723,0.6302884445610072
33724,0.18643648084842732
33725,0.9501482233309201
33726,0.567545448628563
33727,0.2609807603173366
33728,0.38551735484417354
33729,0.6045036198741275
33730,0.20534006558393628
33731,0.1809209086464813
33732,0.36071156865549736
33733,0.7971609336337406
33734,0.7595070709533034
33735,0.17250187093654282
33736,0.12925119683340128
33737,0.47746271701680726
33738,0.29440167892108876
33739,0.1477225674732022
33740,0.7597567434840771
33741,0.7318461435566981
33742,0.481667055343669
33743,0.21914998329894836
33744,0.3573434240486151
33745,0.2865975102633095
33746,0.21334000730514427
33747,0.8967060668846096
33748,0.253873381564442
33749,0.6066797791268698
33750,0.45220277998992947
33751,0.49403529520572875
33752,0.2512864799089774
33753,0.667691489294091
33754,0.14770425822022948
33755,0.26983437704324686
33756,0.756260566597068
33757,0.8318985328879279
33758,0.2087998721303195
33759,0.4232533152081532
33760,0.7891647247506576
33761,0.4126263600453636
33762,0.6695630492831631
33763,0.3805399410966993
33764,0.1930316723885304
33765,0.28317570644158885
33766,0.39240767507816227
33767,0.8453541895085914
33768,0.3216563340385824
33769,0.7384000131854489
33770,0.4586766720963319
33771,0.7136040796087157
33772,0.8812785910301674
33773,0.4378668422295713
33774,0.6951769446929207
33775,0.3342741887261571
33776,0.3300980071435951
33777,0.571710634865826
33778,0.23096938867041475
33779,0.42159267784054894
33780,0.23328412948643767
33781,0.7524087640593858
33782,0.8445182861653374
33783,0.2868863592340843
33784,0.42292671727581527
33785,0.1512122600702006
33786,0.7399356679757654
33787,0.4117804336713653
33788,0.5494273927195826
33789,0.32387149278175026
33790,0.5499399822686618
33791,0.5743345767791171
33792,0.1524414703308602
33793,0.2537938837266269
33794,0.10704928848509451
33795,0.8416169060380129
33796,0.5103068943389506
33797,0.2772862390911776
33798,0.658358524319155
33799,0.3710667163065939
33800,0.35514159760672864
33801,0.5337933953634508
33802,0.14835641911847275
33803,0.773385033279745
33804,0.39290045495062487
33805,0.784297846152668
33806,0.6602999318087761
33807,0.23071055596639126
33808,0.390392782774854
33809,0.1600972439800112
33810,0.5630953702329653
33811,0.3584021018070566
33812,0.3588831018552312
33813,0.2544248684960365
33814,0.36881697133338703
33815,0.6566800899331867
33816,0.6950222322038623
33817,0.510977802519954
33818,0.40843950757946584
33819,0.5262336188792011
33820,0.20715324065252713
33821,0.3225790352695674
33822,0.6721711603690088
33823,0.8331638385079411
33824,0.85061391404879
33825,0.62981455854551
33826,0.8380744466615654
33827,0.3286970228215647
33828,0.49759541183455547
33829,0.4697372128391324
33830,0.16193801102908673
33831,0.22385401804283697
33832,0.14555151432124214
33833,0.7706656824657024
33834,0.44811548512366556
33835,0.25265495201438226
33836,0.8190207922631653
33837,0.8097029219154138
33838,0.5082871040357029
33839,0.5149068914111874
33840,0.7188508332443843
33841,0.7280085621679753
33842,0.30806701420170957
33843,0.49371850370071657
33844,0.4889530293414215
33845,0.7317068410180431
33846,0.6116285096753971
33847,0.17064027938301934
33848,0.1841804586606345
33849,0.3450882726454349
33850,0.11698690211161593
33851,0.8977741839563083
33852,0.3914827276434211
33853,0.8092345272901372
33854,0.2944630384021846
33855,0.6911643552017908
33856,0.691920255885095
33857,0.5855425811279553
33858,0.18566231783768175
33859,0.18285711542409908
33860,0.470159155334161
33861,0.3843146121601007
33862,0.6114023262621688
33863,0.2979208733758445
33864,0.2927305624824495
33865,0.7501596584208343
33866,0.3262324842625805
33867,0.4690443856920026
33868,0.298947374296472
33869,0.7517598279229012
33870,0.18127820951696966
33871,0.8151058035249127
33872,0.5624155549668752
33873,0.27447571191609205
33874,0.6029802240961881
33875,0.24317466862477782
33876,0.3689218034807391
33877,0.22403382225531646
33878,0.7555615197380018
33879,0.7995070379454203
33880,0.5242443914550808
33881,0.5621465021565788
33882,0.7774727766381714
33883,0.5033129363680254
33884,0.22969457192126078
33885,0.5115024346551171
33886,0.26176282750435115
33887,0.27118568248700187
33888,0.4618617625563239
33889,0.24441880650162953
33890,0.5839106731406779
33891,0.5882300639066989
33892,0.5268378067292127
33893,0.6784566707121129
33894,0.262357323027897
33895,0.8189569039951677
33896,0.7527096148163415
33897,0.31934600043877803
33898,0.36633357864826577
33899,0.27688646047581983
33900,0.2979211430507638
33901,0.34314734176556305
33902,0.4733023363724213
33903,0.5808292430394973
33904,0.648453718960787
33905,0.42539214451801444
33906,0.4763636706721167
33907,0.4904270212383397
33908,0.3939196882506549
33909,0.45421732241856344
33910,0.6263218527718601
33911,0.7363189525469059
33912,0.5106643423137448
33913,0.20236242128675744
33914,0.4833389246856247
33915,0.3568516724107767
33916,0.5515071637679564
33917,0.2883361930628314
33918,0.1949904429411369
33919,0.7673874918704235
33920,0.37523384532182463
33921,0.35550603240447787
33922,0.8090393822271086
33923,0.42403975256090304
33924,0.3779320214578907
33925,0.15415160123578664
33926,0.4953422638619837
33927,0.3525068403438754
33928,0.49625822162940064
33929,0.5963432930128028
33930,0.787057926882083
33931,0.41111429266600624
33932,0.3871800381259447
33933,0.1728781739835439
33934,0.6278945084768379
33935,0.8030980816159897
33936,0.1765644992654265
33937,0.5323289361657807
33938,0.754287906779629
33939,0.8527505769756976
33940,0.8287015807233127
33941,0.21331301212103732
33942,0.745308285990477
33943,0.9012854011242921
33944,0.28849091668247984
33945,0.2892506722766136
33946,0.33404190822594104
33947,0.4425462995280544
33948,0.5519909561215539
33949,0.3423958091076068
33950,0.3778580481327071
33951,0.4916415175847331
33952,0.754596498815878
33953,0.829169655159479
33954,0.16220905797571333
33955,0.745498783952413
33956,0.426062513456977
33957,0.1510094153262972
33958,0.21717467911628557
33959,0.7478801531126433
33960,0.8574910711371229
33961,0.34484584420696773
33962,0.646200525016976
33963,0.3730206419148562
33964,0.8052167533937485
33965,0.7607276427920058
33966,0.26462984303364034
33967,0.4174615629449937
33968,0.5225122623452295
33969,0.9064475711468366
33970,0.6225868236108361
33971,0.8284107745895851
33972,0.6784807135943274
33973,0.8403776547090013
33974,0.34695310985488814
33975,0.8447295511838105
33976,0.7070060965228305
33977,0.753928437752496
33978,0.9356329887435915
33979,0.47994759168419066
33980,0.7600520547520213
33981,0.7272890712742814
33982,0.5228688909473209
33983,0.6061279713363225
33984,0.5700649180982742
33985,0.5683866671977356
33986,0.864613698782741
33987,0.7959336249971892
33988,0.323595920335354
33989,0.6962920711551552
33990,0.5553230613426258
33991,0.3417158299150511
33992,0.8010913160805953
33993,0.9551040793369322
33994,0.4853172433654592
33995,0.812105934427681
33996,0.813073733735518
33997,0.545242253060017
33998,0.5483535978349523
33999,0.7053882116969397
34000,0.6382031092410082
34001,0.6080553199858791
34002,0.3912123352335309
34003,0.8652148237264885
34004,0.8150263355269569
34005,0.5272327241386796
34006,0.34316867728712325
34007,0.6232516177146638
34008,0.6805525075075184
34009,0.7072488340228981
34010,0.650204931129036
34011,0.5309050054186413
34012,0.3551946079803325
34013,0.7531336868507571
34014,0.6889913779225907
34015,0.8699301992481684
34016,0.815836868128279
34017,0.8309118076470053
34018,0.6459892177197636
34019,0.42216496710155477
34020,0.4909601806216554
34021,0.7280873926771584
34022,0.7636463097487854
34023,0.4715949375060921
34024,0.67189274187084
34025,0.8362391470970676
34026,0.644165357069006
34027,0.5165012949581145
34028,0.2912069968809323
34029,0.6028396842903192
34030,0.42541643076506525
34031,0.23102593715850075
34032,0.7218990982139802
34033,0.3281620603814145
34034,0.5009383257515359
34035,0.7141338353491958
34036,0.6041484263161147
34037,0.7367195382382434
34038,0.199963814592044
34039,0.6345133282485856
34040,0.5417102806832645
34041,0.6688176579534725
34042,0.3805380066625128
34043,0.3011139200070363
34044,0.2296890662854685
34045,0.24596893007427598
34046,0.4680522328417818
34047,0.26467672195993686
34048,0.23345526520094065
34049,0.1860857418273039
34050,0.7446791501399899
34051,0.6538546876178561
34052,0.7878681255119608
34053,0.36099921310377897
34054,0.6439615678457317
34055,0.16079345130654316
34056,0.4001268680737528
34057,0.5165400319869659
34058,0.5776633849108643
34059,0.19342854738254397
34060,0.5619522561366194
34061,0.4598226258194004
34062,0.6886101030459127
34063,0.8285493843208086
34064,0.7675076261571412
34065,0.44200018469219454
34066,0.9390058613537674
34067,0.2749471157165595
34068,0.431973931431126
34069,0.35582616934935557
34070,0.7498693744014756
34071,0.6594720295818657
34072,0.37367773457957476
34073,0.528505040675979
34074,0.7829106597362415
34075,0.29097361457153925
34076,0.4726064577002852
34077,0.23782988340313424
34078,0.24283073363699215
34079,0.7483706125728664
34080,0.7175910853829536
34081,0.638143452539076
34082,0.34822903763699814
34083,0.384799436061064
34084,0.3922428759006695
34085,0.47226575881904725
34086,0.5972615863425393
34087,0.5883488073807699
34088,0.8633752197836435
34089,0.4116659553404616
34090,0.28600223024753413
34091,0.29773456195154957
34092,0.4699113111100279
34093,0.26784081802363047
34094,0.6779192673128712
34095,0.1304523297480921
34096,0.3496876175798212
34097,0.512169932534808
34098,0.3162721489543465
34099,0.4972197538579586
34100,0.40112831378337704
34101,0.5666841494136189
34102,0.2174175144678419
34103,0.4863426119101458
34104,0.5525233746195665
34105,0.5283985916511521
34106,0.7102343688482569
34107,0.307075334279229
34108,0.9372228179369181
34109,0.14653686717620176
34110,0.8311643728390585
34111,0.6294026504744981
34112,0.47257026116186307
34113,0.3868146712471598
34114,0.5183861339228614
34115,0.2792304752961938
34116,0.6353615562121465
34117,0.49479285146241303
34118,0.6297348466604974
34119,0.55207115686
34120,0.5617172445130181
34121,0.5350297235492478
34122,0.2655125312970997
34123,0.27398087516441194
34124,0.2277260604425741
34125,0.6886792046154
34126,0.5944960006951944
34127,0.8490653808093964
34128,0.20496656150120166
34129,0.1552885335529626
34130,0.26320729119717257
34131,0.5547766156805725
34132,0.30902760653448064
34133,0.6946028234106721
34134,0.818305613769099
34135,0.7533005809487076
34136,0.7555906750646407
34137,0.7315589419669914
34138,0.48869538799137247
34139,0.2603480349638931
34140,0.27109844352460977
34141,0.44218946663898206
34142,0.5407659852270452
34143,0.23864770004568242
34144,0.6457094430230024
34145,0.766113016066184
34146,0.7245116176729739
34147,0.14394633294643927
34148,0.6559931604955229
34149,0.3249215217862928
34150,0.22734020057539495
34151,0.3308473312981237
34152,0.7281887687516838
34153,0.3070350000512962
34154,0.46856766805378
34155,0.15061792581049271
34156,0.12613707974747596
34157,0.2619472960981439
34158,0.7463874909028961
34159,0.5935673383060722
34160,0.6327923579929806
34161,0.4365504564883346
34162,0.3237261134690946
34163,0.2106170352234159
34164,0.19232798288114825
34165,0.521994389324759
34166,0.4371205571108717
34167,0.35463408033787275
34168,0.3356199928915557
34169,0.4761191149514341
34170,0.2888041480896964
34171,0.22903947489392054
34172,0.11760301573416033
34173,0.5276327173995785
34174,0.2942080147468474
34175,0.20705061618339496
34176,0.26236686718386154
34177,0.7778887555717183
34178,0.5400776473752061
34179,0.5652135340460146
34180,0.9079782123431258
34181,0.20864005603405456
34182,0.1707601562291481
34183,0.12602430357814565
34184,0.3859434071130869
34185,0.7012961450687552
34186,0.5006178681748903
34187,0.2690043386646612
34188,0.759971155042033
34189,0.6353602006325397
34190,0.2639072498397547
34191,0.6031745453735997
34192,0.20602384013235028
34193,0.42858124188564867
34194,0.34184020822266
34195,0.16501426019078536
34196,0.8793686393686994
34197,0.6937774873322217
34198,0.13822102938027672
34199,0.27515505371026017
34200,0.14616847376042283
34201,0.7250004259274345
34202,0.9019129599064948
34203,0.3742241613854853
34204,0.47922094680301863
34205,0.44766612182207494
34206,0.5396272007033381
34207,0.38537479998415347
34208,0.2848035857720415
34209,0.2387686542539759
34210,0.2025308318575135
34211,0.33602496349852323
34212,0.21385652047744738
34213,0.24456554562794688
34214,0.1352082260877813
34215,0.3229589465029799
34216,0.7156123588802706
34217,0.24995778152289588
34218,0.17751229077289885
34219,0.6624353069776031
34220,0.39409768801173756
34221,0.13979571032657898
34222,0.46516140776452924
34223,0.6042550460332633
34224,0.598403244540278
34225,0.36131436634980807
34226,0.6560238169491295
34227,0.7433835496940199
34228,0.4743350678696349
34229,0.42364534703705925
34230,0.5922762194961319
34231,0.4838640129161076
34232,0.6461345735092207
34233,0.5645138969971508
34234,0.36620909190660483
34235,0.11826016722767983
34236,0.5878691316228192
34237,0.4191245302827236
34238,0.3104960295653004
34239,0.479024132444542
34240,0.24395479928974526
34241,0.4827111340095424
34242,0.48167544426958436
34243,0.32464534614517615
34244,0.27329387598623545
34245,0.52913374797482
34246,0.17385283702436827
34247,0.3410064981091521
34248,0.3055647439326185
34249,0.5327433251001406
34250,0.16757540785395716
34251,0.2720449637033424
34252,0.2583561503987506
34253,0.5272687244304599
34254,0.6066104234557712
34255,0.2821689823356392
34256,0.7594395834509484
34257,0.8195947081896252
34258,0.3638165070258149
34259,0.6702957883368283
34260,0.7253797600274283
34261,0.7104257637551868
34262,0.33539840289918194
34263,0.592821430515358
34264,0.4092062186269559
34265,0.6165408084753708
34266,0.5914394904522144
34267,0.20553735611221502
34268,0.5701386180159562
34269,0.26586951160160066
34270,0.23227247668636025
34271,0.2760209935791887
34272,0.6879977539718083
34273,0.26586789967784685
34274,0.5837125491232606
34275,0.6450535928100254
34276,0.225390285974918
34277,0.6104196454257022
34278,0.4520321191461596
34279,0.523058697728439
34280,0.24466841889400812
34281,0.675470913609775
34282,0.3462500795103256
34283,0.24652234952542296
34284,0.4390286245583197
34285,0.16895035336466416
34286,0.276262317932014
34287,0.7215751778572893
34288,0.24347663715378892
34289,0.32879952650291233
34290,0.7510917160646142
34291,0.2788198423006338
34292,0.7282207984039718
34293,0.2078626895866748
34294,0.40168034383837753
34295,0.33383093085319593
34296,0.27873726116475145
34297,0.515143249781762
34298,0.42935694122991336
34299,0.3042325645642373
34300,0.6376136034174613
34301,0.8993513459328385
34302,0.1696808261790747
34303,0.16301662472928768
34304,0.2596336096978261
34305,0.2775948296547573
34306,0.6720638577841169
34307,0.32647483565519386
34308,0.9202611533492201
34309,0.27300508848442134
34310,0.723693673802329
34311,0.6263385954276436
34312,0.4789097925626162
34313,0.479262947397777
34314,0.813729776915283
34315,0.7676171886425142
34316,0.6014811178800012
34317,0.478431530622726
34318,0.7870481333698981
34319,0.713145564119435
34320,0.32207160378973315
34321,0.40824178744393735
34322,0.46917583031851784
34323,0.2769224058353562
34324,0.3410948521022087
34325,0.7384522655202336
34326,0.45802494929484533
34327,0.32149619714371047
34328,0.329731896650465
34329,0.2244681494769729
34330,0.42458210887756415
34331,0.5796928323261101
34332,0.37993053454995734
34333,0.3298213157549548
34334,0.28658159389540255
34335,0.31014998381133757
34336,0.30202255968090236
34337,0.5708399374020962
34338,0.6355930595080285
34339,0.44484077191261867
34340,0.351560677809327
34341,0.3873750422746757
34342,0.6886693878907716
34343,0.22114809667227425
34344,0.5396413864576513
34345,0.7544048629815113
34346,0.39840513836498664
34347,0.2729956527315329
34348,0.3566351283632092
34349,0.42418173672755866
34350,0.4300596323773646
34351,0.696157852050272
34352,0.5044200175165268
34353,0.6353040235279964
34354,0.22909466080696053
34355,0.473999547297197
34356,0.5072019300401002
34357,0.24306701592963517
34358,0.49582167573334696
34359,0.43430680699558527
34360,0.7608776060381447
34361,0.5353262451237767
34362,0.13479360201367327
34363,0.7779201255049482
34364,0.17936574388757748
34365,0.38121949082256107
34366,0.6427983985612338
34367,0.3732845098849656
34368,0.6555301684339991
34369,0.38227170315212533
34370,0.2243766807716654
34371,0.4573729484089196
34372,0.12509133098612457
34373,0.6346891915433738
34374,0.5917324009466509
34375,0.3298654399910877
34376,0.37320588416118067
34377,0.3843860635240755
34378,0.4306835221513779
34379,0.6561349302394522
34380,0.30568953787247505
34381,0.26678112913349233
34382,0.14875708597456502
34383,0.280997302165089
34384,0.3813606511869748
34385,0.43627304905882025
34386,0.8990076972525495
34387,0.20628202659156067
34388,0.8401810402560603
34389,0.6792895750530485
34390,0.3258310270182688
34391,0.2980140020619703
34392,0.4204242419574584
34393,0.18674616048430215
34394,0.44036430969470275
34395,0.44211674504135956
34396,0.5628032419587284
34397,0.3170220358285756
34398,0.33658509610852844
34399,0.43227414962151844
34400,0.15469044848594016
34401,0.21750157422601887
34402,0.49984577535843816
34403,0.7894174393041757
34404,0.7842632854827468
34405,0.8223701375976264
34406,0.3242824889589313
34407,0.34295608717771076
34408,0.5146820142503957
34409,0.3470780487281917
34410,0.5645459572422399
34411,0.4952500364869156
34412,0.4149382387656027
34413,0.3150890670997036
34414,0.19257963267189201
34415,0.4312987072095843
34416,0.4022046187726342
34417,0.16267966831507633
34418,0.8961313659456087
34419,0.3019425449237907
34420,0.7095625768731789
34421,0.4356353124358159
34422,0.28997432582175797
34423,0.5121197043179441
34424,0.5063787378072943
34425,0.6774945250103168
34426,0.8361345789636554
34427,0.4639392571625762
34428,0.8213350331488316
34429,0.3704315020864287
34430,0.602358436254197
34431,0.5207493485587669
34432,0.2568409995154864
34433,0.4514919382940987
34434,0.455595463965789
34435,0.35551069040395505
34436,0.7242863499580812
34437,0.7616949696198113
34438,0.7324404921240831
34439,0.35045535961695634
34440,0.19253229852117548
34441,0.3328466283044556
34442,0.7381530798819819
34443,0.43380386480722766
34444,0.17432877257381815
34445,0.4540407519802046
34446,0.23256880428202245
34447,0.7113110601893508
34448,0.7750937374584042
34449,0.32686671656057703
34450,0.19796645587453537
34451,0.7810368687604735
34452,0.5426481714033098
34453,0.3415150034549995
34454,0.674623385853318
34455,0.6868525731002902
34456,0.4355328614801055
34457,0.24002355935140954
34458,0.7106780818331639
34459,0.40900371797952595
34460,0.8191827687551474
34461,0.6427062318468546
34462,0.8249930857634714
34463,0.9567245337305296
34464,0.7866279081251358
34465,0.5257408782680915
34466,0.32389639649224117
34467,0.5093304145698639
34468,0.9550248653401866
34469,0.8360389637109161
34470,0.5248402270955522
34471,0.7132296838695992
34472,0.8825676141859418
34473,0.4281726121732148
34474,0.7188353169784178
34475,0.5880579158479843
34476,0.8153357885295865
34477,0.6923530753156042
34478,0.8360723494191667
34479,0.8315748015764987
34480,0.7516521426057224
34481,0.3008153296572913
34482,0.7457893278472485
34483,0.9221599928187094
34484,0.6166586828177717
34485,0.7566390396623605
34486,0.7704829522999943
34487,0.49615359541313236
34488,0.8855082545948442
34489,0.8361241180554729
34490,0.7192238113611334
34491,0.8726361944825248
34492,0.7076292415082693
34493,0.783035844631706
34494,0.30331783368331355
34495,0.534655187336053
34496,0.23796534891579726
34497,0.7261630999946105
34498,0.6698682881971868
34499,0.48989942458585345
34500,0.6832779517510871
34501,0.7528743411940868
34502,0.4214035419373386
34503,0.6695503426423565
34504,0.707947952268882
34505,0.47457811587382426
34506,0.5246178656445838
34507,0.47044395596939576
34508,0.8084226459966629
34509,0.5543465082694203
34510,0.5814473308319748
34511,0.8138720618155694
34512,0.512361016150212
34513,0.7930845990791239
34514,0.667833457109754
34515,0.7184098126134771
34516,0.8557232949684077
34517,0.6428737407076318
34518,0.4389875057310996
34519,0.7013889332710133
34520,0.5037140369964554
34521,0.7566602085985944
34522,0.27371856633407055
34523,0.2824375944649635
34524,0.41199544148795725
34525,0.18511125139666848
34526,0.37299414416426896
34527,0.7371653904478691
34528,0.6388950447443611
34529,0.28775586344752824
34530,0.6201676883688494
34531,0.1927070761167306
34532,0.30345344877460023
34533,0.5275194718147449
34534,0.5752397616160271
34535,0.16189066356506615
34536,0.21583660254813075
34537,0.5866532433241365
34538,0.3767523408334024
34539,0.170968391569897
34540,0.7430834541151516
34541,0.5236419012288619
34542,0.6038963158401344
34543,0.5022078458128321
34544,0.2318996510570014
34545,0.32575918021056893
34546,0.37742318008054787
34547,0.6801190810390955
34548,0.49551713604470526
34549,0.9111283236693691
34550,0.6802414736709935
34551,0.4891441626198304
34552,0.47049555245803915
34553,0.15819383923232722
34554,0.17733142243042452
34555,0.36063008164739274
34556,0.6798419562694198
34557,0.2696337273848596
34558,0.2926861957126723
34559,0.2719764546130146
34560,0.8592476645667927
34561,0.20730450276048182
34562,0.6272061115596517
34563,0.6926217306823804
34564,0.6105146294369542
34565,0.9167661230835633
34566,0.4198350521677905
34567,0.4430380471446806
34568,0.27008860832400255
34569,0.3885244463569567
34570,0.6039728075858919
34571,0.5612262473397864
34572,0.22747171628048082
34573,0.25065807715052735
34574,0.2860209550434128
34575,0.8860936088469532
34576,0.4069998561951748
34577,0.351629043568027
34578,0.8009867980923245
34579,0.5819607871761193
34580,0.3958536506161817
34581,0.13590373625302107
34582,0.4269465412364882
34583,0.5600505498992707
34584,0.26800813503312165
34585,0.626531658747029
34586,0.20050988045551735
34587,0.2268809027192013
34588,0.43163775224343703
34589,0.5757011177395385
34590,0.34901182272057096
34591,0.33972538701089006
34592,0.5965696197871292
34593,0.8359204148254838
34594,0.4827759131660861
34595,0.3050169672516933
34596,0.7728822519570877
34597,0.6137883531668269
34598,0.3732442761655636
34599,0.654008060147922
34600,0.2794698833856638
34601,0.5774470268699443
34602,0.65572771289482
34603,0.5952381218782345
34604,0.39374400568129553
34605,0.48193235880427276
34606,0.5904310610132711
34607,0.4664455123697368
34608,0.650628807865332
34609,0.7202276601323376
34610,0.26959102365145937
34611,0.3030970555914432
34612,0.6999227419080088
34613,0.2465648973236224
34614,0.3155385362319962
34615,0.3201931501888886
34616,0.3929085109225498
34617,0.27120675789451787
34618,0.33344736712128553
34619,0.4779956548030468
34620,0.11086713483624028
34621,0.7780881573290778
34622,0.3868480694570032
34623,0.5318996126190726
34624,0.4539700501046321
34625,0.2772548892884213
34626,0.35649025467794204
34627,0.37254080845930804
34628,0.6049354138964592
34629,0.2874398330513413
34630,0.2505494938335184
34631,0.2280544546259372
34632,0.5730963537975295
34633,0.7595129443825882
34634,0.4042262127783784
34635,0.3761230318290333
34636,0.5692426469219452
34637,0.144724075337796
34638,0.20813996953134078
34639,0.6179010544921456
34640,0.30203670101646235
34641,0.36100942058321206
34642,0.3136294581761878
34643,0.2796571698077065
34644,0.831466739141466
34645,0.7935005586698605
34646,0.6786537187052186
34647,0.4332397284199011
34648,0.22448830238210146
34649,0.473111227981585
34650,0.7080022814011258
34651,0.4457606350614131
34652,0.6256208435122113
34653,0.2992380606475079
34654,0.23994630427136113
34655,0.1417638370277527
34656,0.2599780778990322
34657,0.2545349653150642
34658,0.4145541713846568
34659,0.34455513284328876
34660,0.6682269569741875
34661,0.6686019319009706
34662,0.1916288975911307
34663,0.20608723124920234
34664,0.42643037505802756
34665,0.3113003664180773
34666,0.48051683979255083
34667,0.5680998491791319
34668,0.5525518098179373
34669,0.4061595847622012
34670,0.21314127873392322
34671,0.5561425308859985
34672,0.697956819485628
34673,0.7597146963120266
34674,0.4166194053902631
34675,0.400131271082683
34676,0.23284679949544912
34677,0.7130758716682337
34678,0.6805984004986586
34679,0.6148345037567524
34680,0.2763156504318006
34681,0.17495164794063175
34682,0.28183651627522993
34683,0.1819041773611975
34684,0.7017981683205223
34685,0.73204131312304
34686,0.6390926789214942
34687,0.4406396343685662
34688,0.7522787322643527
34689,0.5053753296302426
34690,0.7437655654184783
34691,0.26263006867039046
34692,0.26919422216191335
34693,0.8559382989508992
34694,0.4402915831246025
34695,0.5673420948280483
34696,0.764889279827292
34697,0.4870170110884118
34698,0.3858366818977883
34699,0.5733221890513969
34700,0.34516215159766667
34701,0.4233474894391694
34702,0.6481065493602357
34703,0.12082205962368353
34704,0.8302944658123437
34705,0.5423451728544373
34706,0.6762627696807236
34707,0.3469340679553857
34708,0.42237520762348535
34709,0.179828930289706
34710,0.27582818349482974
34711,0.20538650176592435
34712,0.7639933362604024
34713,0.7781296292561882
34714,0.150267841734488
34715,0.3646768686238486
34716,0.5919012579443803
34717,0.5750613916408537
34718,0.5731913895550225
34719,0.5484041949406493
34720,0.5521717292611548
34721,0.6139789322276327
34722,0.217158128086916
34723,0.1785553917260811
34724,0.4975076253187102
34725,0.4308450027775331
34726,0.6570041519016472
34727,0.5538159298170447
34728,0.23146541132186066
34729,0.4474689846575718
34730,0.6228182591521186
34731,0.47784371866204356
34732,0.19759100140141164
34733,0.20804409044909278
34734,0.30183927049229
34735,0.33268679915157284
34736,0.5481444825596854
34737,0.48562807033577804
34738,0.6143438985003037
34739,0.3222963733971498
34740,0.1652818795117859
34741,0.42516419298590685
34742,0.803450623594575
34743,0.2904685269382383
34744,0.1913536928336299
34745,0.17395978459299258
34746,0.2664922796769632
34747,0.4156142913370964
34748,0.39885510786345485
34749,0.768639232827381
34750,0.7938190115920004
34751,0.4656122564359172
34752,0.6167605729206715
34753,0.516678166723518
34754,0.6539241956559331
34755,0.7511543489275624
34756,0.3394246825001466
34757,0.3162485246229843
34758,0.6033566910423859
34759,0.47112328335591874
34760,0.31072955210268444
34761,0.17915656061716254
34762,0.31987392147237736
34763,0.7121137183451038
34764,0.6786538486175022
34765,0.41517050790869214
34766,0.6072927401202299
34767,0.334631489586351
34768,0.34509974975694097
34769,0.8308367563311291
34770,0.6505250664361203
34771,0.29394533060834455
34772,0.5053694570204387
34773,0.7034659422116233
34774,0.4808353131595082
34775,0.3652016765898827
34776,0.5991376149886964
34777,0.6257169116301838
34778,0.5363412556093086
34779,0.5722742853097107
34780,0.7520685918558361
34781,0.669433945313008
34782,0.674166360023889
34783,0.8239065955375257
34784,0.42569239952140137
34785,0.7072174383046029
34786,0.3771285576276852
34787,0.6423590778476769
34788,0.32713004499770987
34789,0.464280929357341
34790,0.3664074997687338
34791,0.4983976293161885
34792,0.5112212103969219
34793,0.697491387790853
34794,0.6734196978080351
34795,0.7762245887117243
34796,0.37748515561442025
34797,0.2407291489124276
34798,0.3663856567673762
34799,0.7008282295898698
34800,0.5767916734715041
34801,0.7985418577402722
34802,0.27394564136267946
34803,0.4561777457154838
34804,0.3560971255942995
34805,0.28395711887555003
34806,0.17637033839880686
34807,0.521492306737875
34808,0.8381780426991494
34809,0.5279032191528366
34810,0.3659614405688458
34811,0.30229593732280846
34812,0.34739579674776283
34813,0.38143619457018585
34814,0.757982763858528
34815,0.3290153827339615
34816,0.23508522974882
34817,0.29304818873049815
34818,0.6837793344709996
34819,0.14426526406801254
34820,0.529314959044095
34821,0.3653392503483244
34822,0.6426936882013914
34823,0.25684693624500143
34824,0.504299783739845
34825,0.6452294372222803
34826,0.7173692747512913
34827,0.7110088212673095
34828,0.7038253196729065
34829,0.49501804414936396
34830,0.5737706194587163
34831,0.6193657256685391
34832,0.41413839425918414
34833,0.39646160104362993
34834,0.780635024524574
34835,0.53108672045426
34836,0.3809448050467697
34837,0.41893392932457424
34838,0.6926943903170145
34839,0.21278297805165064
34840,0.30420445495119985
34841,0.1800618214460259
34842,0.39907473721392456
34843,0.38500207219424487
34844,0.2864578396359462
34845,0.34095108521308964
34846,0.4262493750893996
34847,0.6646700329243852
34848,0.7950567108749769
34849,0.36873034509780855
34850,0.619249915860431
34851,0.3219595608651255
34852,0.3686230944044183
34853,0.15271107875381926
34854,0.7672972133500348
34855,0.8337675522953177
34856,0.5811916271184586
34857,0.6608826658585313
34858,0.1768263118330648
34859,0.20755697937626544
34860,0.8496300297312103
34861,0.831595699473218
34862,0.5789108356646737
34863,0.6462872955738234
34864,0.19030463809137357
34865,0.20208410654470413
34866,0.484338524188501
34867,0.37302422393857787
34868,0.5191271619636395
34869,0.7278681826929714
34870,0.6463380745839397
34871,0.4091293699631732
34872,0.3456450133485037
34873,0.43649509167278144
34874,0.710822697839434
34875,0.27187883479232816
34876,0.4074295598413975
34877,0.6269748315458344
34878,0.49577927215892215
34879,0.5733391711522403
34880,0.5157179220948517
34881,0.364224421574062
34882,0.46011378715328954
34883,0.7367525458500593
34884,0.6058868075022144
34885,0.2117275422755104
34886,0.36627079192131723
34887,0.3721615614390033
34888,0.14805827990492834
34889,0.2378584522957053
34890,0.3816450386850261
34891,0.3670833198424885
34892,0.5269884971060154
34893,0.4518181350829766
34894,0.5159570088815317
34895,0.6241390941497937
34896,0.764016112769808
34897,0.28614782587626075
34898,0.9042597081156216
34899,0.723465936881226
34900,0.5316277814418685
34901,0.6233644449092949
34902,0.8032030014158552
34903,0.6826004497486983
34904,0.5602498585684769
34905,0.3734071182395846
34906,0.761348531395516
34907,0.24608099324195876
34908,0.5539605389454202
34909,0.38830405024305215
34910,0.2150996291929094
34911,0.7833057753241358
34912,0.36481324233286033
34913,0.44419151597493817
34914,0.7241546011755856
34915,0.690163135996392
34916,0.2326451147166326
34917,0.5752621768965587
34918,0.5078963054842184
34919,0.4169619157467301
34920,0.3136983178714217
34921,0.2222095341364376
34922,0.7352907527232919
34923,0.36377503944524175
34924,0.3179851149227284
34925,0.15574193199689587
34926,0.7722376928821939
34927,0.7683952562068721
34928,0.2249757708929132
34929,0.519353944798193
34930,0.467519926391451
34931,0.5065814609586268
34932,0.18629220130876867
34933,0.5347994897244374
34934,0.2627434808220223
34935,0.2614698494910492
34936,0.8394337233749479
34937,0.30004881372232095
34938,0.5900735570324038
34939,0.3781160682415995
34940,0.8549849594771298
34941,0.5327437575534726
34942,0.8643592547982452
34943,0.696955698670114
34944,0.6587849783015767
34945,0.8698797182718098
34946,0.6294855114869835
34947,0.7101649731087705
34948,0.8357697306310823
34949,0.5379889805772606
34950,0.34247118123917797
34951,0.7961270831362065
34952,0.7951815963961348
34953,0.6953336191640983
34954,0.4980223730270175
34955,0.5266966590509855
34956,0.7059015939117325
34957,0.38383064944701084
34958,0.7876594860968055
34959,0.8306274673135676
34960,0.9479105156513945
34961,0.5034055020114979
34962,0.7206151459768638
34963,0.766997312016375
34964,0.864207183855722
34965,0.5587900520190929
34966,0.5551538293376548
34967,0.8395511303631846
34968,0.4675344545430211
34969,0.5131466466497536
34970,0.48260433138849085
34971,0.8103172478076119
34972,0.5236365781250126
34973,0.5996046014867077
34974,0.4596944412285914
34975,0.29420441236863226
34976,0.3377550365059511
34977,0.916118260583212
34978,0.8013440876123593
34979,0.6418590422628019
34980,0.7108482669714314
34981,0.3406384210230406
34982,0.7272801822457716
34983,0.35967550887072386
34984,0.7750028032409585
34985,0.878517658682067
34986,0.7035159204341912
34987,0.4036702991492581
34988,0.5615503416556785
34989,0.8109660386527626
34990,0.48425891655520364
34991,0.1907992574993299
34992,0.3676864303860623
34993,0.6408478909795151
34994,0.14149738146557442
34995,0.34335101472914425
34996,0.5902760469429145
34997,0.3688163698752982
34998,0.5135068560142628
34999,0.3004546467168392
35000,0.5793328780132486
35001,0.6730012415572272
35002,0.7513654958166616
35003,0.6302220048533245
35004,0.3478655273835098
35005,0.3736047586062286
35006,0.6603172995041717
35007,0.6294575941399517
35008,0.2350351273735314
35009,0.5889963151864154
35010,0.2268325220895153
35011,0.5500410767504609
35012,0.6923248590266188
35013,0.7437589002901206
35014,0.7896202268222314
35015,0.3448846931280183
35016,0.30777370978081686
35017,0.6758460532242886
35018,0.38058275109203277
35019,0.22505602544018602
35020,0.7371380429176817
35021,0.3510935891711334
35022,0.7025075207441663
35023,0.4927135734963334
35024,0.4090006392571059
35025,0.18299276528686192
35026,0.4406945235872143
35027,0.4081047953316206
35028,0.4148824758655864
35029,0.2616184021877592
35030,0.22417669804128926
35031,0.5852049893618577
35032,0.8259917866615559
35033,0.686059232216981
35034,0.3154182175638686
35035,0.3348894405529496
35036,0.17494119023702315
35037,0.15442735341066596
35038,0.6124267442935674
35039,0.17356780572303848
35040,0.5131756377594604
35041,0.23867294023723024
35042,0.2066891251402645
35043,0.32262894792075747
35044,0.22061876048716397
35045,0.5924661713763032
35046,0.4266900806133177
35047,0.25429730004338136
35048,0.6172676426625218
35049,0.5230662260130474
35050,0.46052593917767204
35051,0.28647816929316405
35052,0.9262972507650519
35053,0.18737176043011913
35054,0.5060679260461314
35055,0.24219898089706002
35056,0.23719766704655373
35057,0.53508537997078
35058,0.12973362423888368
35059,0.5240360656149292
35060,0.6386080847877897
35061,0.4066862473648555
35062,0.44106753583704483
35063,0.1648536237345453
35064,0.32685200026129674
35065,0.4036997055129544
35066,0.24483992908060165
35067,0.2944584792886447
35068,0.2564341852399394
35069,0.4643099910094796
35070,0.8398504670946425
35071,0.35278505718539604
35072,0.42639431208048495
35073,0.5587625265156465
35074,0.17114256250471263
35075,0.4803851439814808
35076,0.7234415642320622
35077,0.4396615193892892
35078,0.17756187773685317
35079,0.803786310216331
35080,0.6500866013009797
35081,0.6249306684833887
35082,0.5569404208705501
35083,0.6693278568976553
35084,0.23245044563615475
35085,0.5297070145050451
35086,0.25293754415056446
35087,0.5680544214521617
35088,0.4706282929971035
35089,0.2724275595313832
35090,0.21456145518644065
35091,0.2650615113538348
35092,0.6683648548703002
35093,0.5133734182613654
35094,0.08752747404596613
35095,0.12085871930434929
35096,0.6249730104490068
35097,0.3147111711743244
35098,0.878535873572562
35099,0.3348546384837968
35100,0.7488940570775653
35101,0.31478895089209735
35102,0.5150777160623303
35103,0.5967439303019914
35104,0.2459131521317119
35105,0.6411736921060918
35106,0.7979746158759795
35107,0.41749673210543675
35108,0.3891392106242069
35109,0.29760945341369777
35110,0.2341576222957557
35111,0.48381121080148576
35112,0.4922122024173907
35113,0.5294725398584439
35114,0.7099587754488844
35115,0.5430753144813165
35116,0.574322971134999
35117,0.19051983362986044
35118,0.44536262980292135
35119,0.14920060623600656
35120,0.5088797112235737
35121,0.47512456424416316
35122,0.1816344243784694
35123,0.20307459847218182
35124,0.1361919040069799
35125,0.6593464777071637
35126,0.6043280270731184
35127,0.38831229450745053
35128,0.7296313615468804
35129,0.12459200345910906
35130,0.28171085006493457
35131,0.34583994856545824
35132,0.2304343999126994
35133,0.4973458696758174
35134,0.3514906775269362
35135,0.48538001043712364
35136,0.4162979088492471
35137,0.6104156517491438
35138,0.29533345191877897
35139,0.2435360415772444
35140,0.09139094458622589
35141,0.5359918092354873
35142,0.268004858269052
35143,0.28513604974102086
35144,0.2975124852692613
35145,0.14538257586759493
35146,0.5297394831292563
35147,0.5936750118473241
35148,0.37249514135973943
35149,0.17943782388380683
35150,0.2579652171183764
35151,0.49844130236943124
35152,0.8136272569801396
35153,0.7392371984140084
35154,0.5578438695147948
35155,0.1302455348945998
35156,0.20510114457557135
35157,0.29342147579417155
35158,0.6468468571350624
35159,0.8853922948007603
35160,0.41427743915856147
35161,0.6288050281113257
35162,0.4239388694163191
35163,0.4055683826275322
35164,0.38322575451255264
35165,0.278960311596445
35166,0.4936286110142364
35167,0.593527976435815
35168,0.3540615193172948
35169,0.20586157077370937
35170,0.3800911154798054
35171,0.28888616000774586
35172,0.7563788152764505
35173,0.33835175091467773
35174,0.19258473012170285
35175,0.6153876947896798
35176,0.4440120504285019
35177,0.39740198891756806
35178,0.4680422890034406
35179,0.20248047686443513
35180,0.6511548183698841
35181,0.42565545776562386
35182,0.7960561554383612
35183,0.2559558334183099
35184,0.5974552095030979
35185,0.5893162804252583
35186,0.14505609974793304
35187,0.14653051134565276
35188,0.2513562617149665
35189,0.09648518089050098
35190,0.1266772823753633
35191,0.14642902370253927
35192,0.739880383620587
35193,0.510976320133944
35194,0.6218860947551168
35195,0.3592350778508431
35196,0.7746685315482139
35197,0.8071571028484554
35198,0.7081029602130012
35199,0.2854157152999146
35200,0.17575589482163625
35201,0.078448654068473
35202,0.5654980677075806
35203,0.33018651850899355
35204,0.2872041790126564
35205,0.723092501285593
35206,0.404138193654232
35207,0.3452189776380102
35208,0.5406162035434319
35209,0.4803050572792735
35210,0.555854694388575
35211,0.6103117764142875
35212,0.5753480275748837
35213,0.7047444321122383
35214,0.4499211098178109
35215,0.6396510219746918
35216,0.46122062194733404
35217,0.5810040294385069
35218,0.313549207321301
35219,0.40981097811847894
35220,0.6919289656079851
35221,0.1803615730567138
35222,0.6404396715236745
35223,0.2549114160828138
35224,0.23084546772413272
35225,0.20203336275911274
35226,0.3794192611363761
35227,0.6509627086403394
35228,0.5636962243898921
35229,0.3179163556173137
35230,0.25142088759202963
35231,0.5597648854003457
35232,0.18351860734745948
35233,0.6949469333225353
35234,0.706987517489597
35235,0.5006086805465186
35236,0.2656367149289978
35237,0.4555645377565392
35238,0.28709935312415646
35239,0.41306942475306996
35240,0.26677561955013174
35241,0.3850325418152266
35242,0.27718875919081104
35243,0.8174759137224716
35244,0.2222335303430367
35245,0.5351901938381621
35246,0.8013863776552009
35247,0.2696298493737124
35248,0.3003172661902875
35249,0.8631992443179248
35250,0.2237251462299067
35251,0.4099574335683433
35252,0.0871039085716154
35253,0.48756647494982536
35254,0.30197888241759935
35255,0.6995000414982123
35256,0.5942107159981039
35257,0.4073618687941012
35258,0.727388145594664
35259,0.18202623034810808
35260,0.2156410725019807
35261,0.5125416211466568
35262,0.6707903938476812
35263,0.8355688043821055
35264,0.36954794105819955
35265,0.3280920470901544
35266,0.6504747926170701
35267,0.8063698026518323
35268,0.719840204158468
35269,0.584806056067565
35270,0.7457242617868947
35271,0.1909649186027339
35272,0.11115526737485229
35273,0.257957467715606
35274,0.22995779479013773
35275,0.5774604973196847
35276,0.2864157043763699
35277,0.25697543145153906
35278,0.19364507362370365
35279,0.8894480720097342
35280,0.6120669555762324
35281,0.7128446387794718
35282,0.1503619548030242
35283,0.6602157509735939
35284,0.20690633369718725
35285,0.35277860469515104
35286,0.6078364916479291
35287,0.6476758605818805
35288,0.8847878846244623
35289,0.35177979494390943
35290,0.13171151868871775
35291,0.2398832972333443
35292,0.5928283617507709
35293,0.5067339823085092
35294,0.37541126465251395
35295,0.702380775464722
35296,0.25082575954275343
35297,0.8302172559540534
35298,0.30377736912412423
35299,0.5472671512087455
35300,0.7447520839650877
35301,0.7252427811176017
35302,0.681443435289631
35303,0.2837023775726576
35304,0.22939023598170788
35305,0.5692825061841245
35306,0.3686545114876279
35307,0.18436317002113708
35308,0.754428651650092
35309,0.7011984267994718
35310,0.5253014225846293
35311,0.6161965594474974
35312,0.3873543578907997
35313,0.19484646612779324
35314,0.22691905187538247
35315,0.3963750962179217
35316,0.5781891294304021
35317,0.17194266181765439
35318,0.14548470937344563
35319,0.31927347873584044
35320,0.32322710169189545
35321,0.241005519266315
35322,0.1531779847690147
35323,0.46754267714548425
35324,0.5961708210698053
35325,0.6626806856601893
35326,0.16111333569342776
35327,0.5123385362320249
35328,0.22465813608411328
35329,0.6316777371261493
35330,0.20578335213844215
35331,0.16420772336474976
35332,0.13755162234405607
35333,0.6922316425786023
35334,0.62937320762464
35335,0.8078276308093291
35336,0.17509660036419689
35337,0.6612044392022209
35338,0.643957833208436
35339,0.1775079615349676
35340,0.1236109081653866
35341,0.3929299819532905
35342,0.23891360870788594
35343,0.3950528730782532
35344,0.4467802976278946
35345,0.5373443048288775
35346,0.670490775232204
35347,0.7171584418422137
35348,0.2598770682569081
35349,0.3722221636709056
35350,0.36899509509255013
35351,0.4461536407132815
35352,0.5923559279510949
35353,0.4079369487908216
35354,0.5941350583222998
35355,0.45179829125423754
35356,0.4680235127269664
35357,0.5157584832521649
35358,0.35691944005788245
35359,0.5791217661206732
35360,0.3544839273656631
35361,0.5439424577302056
35362,0.5786850945608819
35363,0.3877694453998534
35364,0.44561493513328987
35365,0.2923566954707061
35366,0.6058199687674205
35367,0.5542111759113705
35368,0.6117753321138436
35369,0.4047429509111854
35370,0.8625632699470813
35371,0.6256767739104864
35372,0.664103145188185
35373,0.2810354887414219
35374,0.7006174545154845
35375,0.7764283525121924
35376,0.40837899910198955
35377,0.2217279464047185
35378,0.7715080612468365
35379,0.3626231456782183
35380,0.598517399921031
35381,0.8309859514430159
35382,0.2026768214327662
35383,0.33562316861620467
35384,0.4408110602163823
35385,0.6668749922441394
35386,0.4360494645844229
35387,0.3619788256511746
35388,0.3661760282364809
35389,0.3702649744123236
35390,0.33570247832239597
35391,0.3424779829530557
35392,0.11947630106352176
35393,0.6844439462614551
35394,0.694659138772879
35395,0.8451548733059816
35396,0.4748285068858219
35397,0.8283926668488402
35398,0.21459022432534489
35399,0.23905022280055585
35400,0.6873061193419336
35401,0.4866837790703773
35402,0.4327619412285
35403,0.18418506878117577
35404,0.5486888575612389
35405,0.7332140780069191
35406,0.40356428639426295
35407,0.8872066760953629
35408,0.6403010737629635
35409,0.43006797064703167
35410,0.8397689671454668
35411,0.6022881884548057
35412,0.6706449871614969
35413,0.3631406803017295
35414,0.6681788086295699
35415,0.8507683665365022
35416,0.9217662923515392
35417,0.8112565076667562
35418,0.7604291161880637
35419,0.463343795061176
35420,0.7749981473569977
35421,0.688556062724465
35422,0.8172885499691903
35423,0.8602694749184072
35424,0.7098776996468595
35425,0.870372726049657
35426,0.8473760452961242
35427,0.8589363524743643
35428,0.5715732194093576
35429,0.622689665206945
35430,0.6310257387031261
35431,0.7100830869597291
35432,0.2969902367660262
35433,0.5494206756183305
35434,0.5828827916636011
35435,0.9168428160732717
35436,0.9334767490065704
35437,0.8751594078250862
35438,0.9308408258504121
35439,0.4333492719744324
35440,0.6399133854969542
35441,0.5286375428313574
35442,0.8769115102739337
35443,0.8384812840064637
35444,0.6995630681932269
35445,0.8221511944187729
35446,0.3040764410410843
35447,0.47678614409713077
35448,0.4852811676965635
35449,0.2712499008078859
35450,0.2563074382330187
35451,0.6969362423190638
35452,0.7749496762996357
35453,0.6943325629648467
35454,0.6502881815084707
35455,0.6080017805090772
35456,0.6969972713052911
35457,0.7003508660205053
35458,0.7160038380600167
35459,0.8809656495521374
35460,0.47640617901520244
35461,0.8070083121802323
35462,0.4885925733142581
35463,0.6239482923112609
35464,0.6970150758505453
35465,0.8224487438815006
35466,0.6612962574247307
35467,0.5360962175980964
35468,0.9254905901795909
35469,0.4724766854609348
35470,0.7023234044744858
35471,0.28384132405977736
35472,0.826785662060502
35473,0.8176379629445323
35474,0.5771352841251269
35475,0.21652095992659215
35476,0.4972078966611736
35477,0.37790742259271565
35478,0.6213041356644855
35479,0.1891726980662111
35480,0.7574841590307271
35481,0.20584153296312682
35482,0.26120227010563307
35483,0.2571823438338826
35484,0.4106277277177608
35485,0.3689001886298468
35486,0.35458197147245435
35487,0.7646572797233901
35488,0.3124694911128504
35489,0.26458364147719704
35490,0.8325918597664685
35491,0.631927934434065
35492,0.469190443536319
35493,0.7299396653223863
35494,0.497721753466686
35495,0.7054208815723103
35496,0.24032908573811065
35497,0.4296573340265904
35498,0.6854034631867503
35499,0.24954017541841705
35500,0.2576729940483583
35501,0.25282393397594133
35502,0.19725709852581375
35503,0.9440678291476347
35504,0.7732577061259406
35505,0.18527206671483973
35506,0.20957303982078387
35507,0.5057882350329421
35508,0.2524105509406073
35509,0.4851776148770943
35510,0.581206172012132
35511,0.6116885316274018
35512,0.3828199412225279
35513,0.5007747043954889
35514,0.6546733395152444
35515,0.7048006984619135
35516,0.273281913106331
35517,0.8847398679246875
35518,0.24674169819479624
35519,0.5608995536210305
35520,0.640860013617806
35521,0.25934785484348744
35522,0.6436941319769178
35523,0.34572249163526997
35524,0.28386201574538533
35525,0.2229246750469868
35526,0.47687248616289146
35527,0.5940254212809114
35528,0.21032969920537806
35529,0.6602295301293073
35530,0.32439950632304665
35531,0.53691271608729
35532,0.5462884751779252
35533,0.20683967390925065
35534,0.42004742653014754
35535,0.2940933115665755
35536,0.7437818478588961
35537,0.697297983439891
35538,0.13153449371683376
35539,0.6364236730494153
35540,0.44595337473747054
35541,0.687840910081535
35542,0.375992000112304
35543,0.5146022127490494
35544,0.5221844777657829
35545,0.3784515444041194
35546,0.12538566441693438
35547,0.5925055623742502
35548,0.3452523352073508
35549,0.3078158622783291
35550,0.18141291459684955
35551,0.7512165902054184
35552,0.3640745032925884
35553,0.9002593203713526
35554,0.6843295848306713
35555,0.6688158202688731
35556,0.7548574366947435
35557,0.8523684216626584
35558,0.7815441193343818
35559,0.12607232060012416
35560,0.5848910758906948
35561,0.2556881705353862
35562,0.2639384721770366
35563,0.4355157502584087
35564,0.20445245323091263
35565,0.403613165627407
35566,0.30996330119085436
35567,0.14579440504794672
35568,0.24165835855387566
35569,0.1508309057551356
35570,0.6278818986358354
35571,0.7459468308492402
35572,0.5247560422465025
35573,0.2426280020554576
35574,0.5520888585150449
35575,0.09809687322978347
35576,0.5822148695205186
35577,0.3014550597265373
35578,0.7908222233310327
35579,0.44173827326079224
35580,0.3895662499895179
35581,0.7583331860504476
35582,0.33694712898951135
35583,0.589929648007204
35584,0.4856293867359486
35585,0.7058143707915516
35586,0.7132212631596795
35587,0.13079304868080685
35588,0.18161931675019974
35589,0.2658430244193803
35590,0.21102160091450262
35591,0.4156213424287168
35592,0.4969594141733612
35593,0.528399690289216
35594,0.8012625344187287
35595,0.08375584795146428
35596,0.32727450164368926
35597,0.5311207802910569
35598,0.5934144065097099
35599,0.8784685438362092
35600,0.16023420900670024
35601,0.6383611321081523
35602,0.655823344956798
35603,0.7909329092058681
35604,0.47263705601886785
35605,0.1696628703446835
35606,0.7519907081008564
35607,0.44041679769577385
35608,0.6708218638709282
35609,0.21140700248688882
35610,0.7897553232682132
35611,0.48312874476756035
35612,0.6972898871096982
35613,0.374474263155192
35614,0.244492426887181
35615,0.7176206192546215
35616,0.6586324772913544
35617,0.360896540347595
35618,0.39620921118453317
35619,0.37617643062708317
35620,0.47623024222350174
35621,0.3889176850631744
35622,0.4150647161161009
35623,0.9116548700893873
35624,0.4109204268066275
35625,0.3013089064403393
35626,0.080165431910721
35627,0.20841823387770517
35628,0.48530303033217675
35629,0.48307842315853267
35630,0.559636563626458
35631,0.6613266344884574
35632,0.49461809116995314
35633,0.43720658558394404
35634,0.3207042292231879
35635,0.23885015213389804
35636,0.21954751905897746
35637,0.6011647992467763
35638,0.6423783657043066
35639,0.2747909073694659
35640,0.3963246139000979
35641,0.667578019692969
35642,0.20047888860089566
35643,0.40504899584555165
35644,0.7205943602791293
35645,0.4289957461725191
35646,0.25504442956693524
35647,0.5273889048670745
35648,0.4069807182585168
35649,0.33183041252091783
35650,0.13733462590868523
35651,0.6590462180310822
35652,0.225624182265432
35653,0.4164631463098613
35654,0.47579237500323157
35655,0.5997507738299115
35656,0.5243198595493325
35657,0.36867646046290864
35658,0.5240293226938427
35659,0.6535322859246077
35660,0.19676402451938324
35661,0.23473134500528897
35662,0.21657452178290232
35663,0.44820581250367114
35664,0.3810441135883755
35665,0.3718910484294574
35666,0.45616145537269476
35667,0.271194910703176
35668,0.7377982089638042
35669,0.301606711846945
35670,0.251710314681214
35671,0.19142790222938869
35672,0.40066342915945474
35673,0.6116486209038812
35674,0.37857618276502786
35675,0.23072680113089172
35676,0.6802631509191887
35677,0.824357366962697
35678,0.5463630546360237
35679,0.4680236506338351
35680,0.2695643591973641
35681,0.5443969641588864
35682,0.5652757540993535
35683,0.333534187565026
35684,0.2107686418309231
35685,0.5300971805814315
35686,0.3237570802693272
35687,0.7656230255038035
35688,0.6016983437853886
35689,0.47519792030434466
35690,0.7484497315700661
35691,0.5194822166542223
35692,0.27631508667882576
35693,0.6042855115084215
35694,0.46734963749331543
35695,0.6160472163334141
35696,0.16665201101263263
35697,0.7629138371636264
35698,0.699410107689455
35699,0.4851689240393435
35700,0.7002794322161263
35701,0.4845378511014432
35702,0.27675616899953537
35703,0.5737561364225168
35704,0.37642858274067215
35705,0.5155384448574707
35706,0.761004108415272
35707,0.5401765369371215
35708,0.4235450486548723
35709,0.6030619816565935
35710,0.20565872635335344
35711,0.3810206907603659
35712,0.1389539742100876
35713,0.4623751976709024
35714,0.7416191672964537
35715,0.6315920605963233
35716,0.3462292379115822
35717,0.2811630103518183
35718,0.19459614911587889
35719,0.2373490217236354
35720,0.2943576322074518
35721,0.46655868682341967
35722,0.8140840488277606
35723,0.3523579624252264
35724,0.58880819277522
35725,0.7486146204735088
35726,0.39699798303722655
35727,0.7414349093222942
35728,0.742706467299793
35729,0.33843996792850656
35730,0.15080285755126294
35731,0.45494826636101116
35732,0.32462684890321364
35733,0.5421642417867113
35734,0.6531980503514503
35735,0.4924009357608908
35736,0.685136374262134
35737,0.3427349971852897
35738,0.33220361629849987
35739,0.5797742826167172
35740,0.48863797941015147
35741,0.42712302289209947
35742,0.6739030616079676
35743,0.711004363421033
35744,0.4315466266328904
35745,0.5765370374408076
35746,0.4204262924153927
35747,0.7427314327007285
35748,0.07170479883475231
35749,0.3385549825726753
35750,0.6750436240063675
35751,0.1700931938364833
35752,0.18219669907373182
35753,0.11415334123755355
35754,0.5368963200210326
35755,0.36855380252272874
35756,0.22911045727401813
35757,0.4241649109259056
35758,0.5975227612829329
35759,0.3291028764254199
35760,0.6456927061574922
35761,0.5861681421491334
35762,0.7723853936883567
35763,0.12386663777474824
35764,0.27678901753093066
35765,0.4558250496214938
35766,0.1684363100549254
35767,0.23096586386657192
35768,0.6573076003240848
35769,0.45131137672252053
35770,0.7985559169500364
35771,0.4176089451680227
35772,0.1903266140529175
35773,0.4102952917515918
35774,0.1317233908308383
35775,0.30606431573777554
35776,0.41154501629088674
35777,0.5668222468938865
35778,0.6765645339630207
35779,0.6415443333076966
35780,0.43336185648980274
35781,0.26424807276611006
35782,0.29035519641198343
35783,0.6307071897810046
35784,0.7096014814764051
35785,0.657609190950833
35786,0.6575731895606632
35787,0.6829444326391769
35788,0.5208124011749711
35789,0.31027166100252634
35790,0.5250847455678924
35791,0.31683337556344654
35792,0.1703787807054753
35793,0.49605984582636653
35794,0.172490569032722
35795,0.19307835744020715
35796,0.32310588251646855
35797,0.7467489855634746
35798,0.7490909983243598
35799,0.6103743122695271
35800,0.4287857043162089
35801,0.6472857698540979
35802,0.18640619226599126
35803,0.1412413955169308
35804,0.6071985329725413
35805,0.5823491125566556
35806,0.8776230806769536
35807,0.45906333225901746
35808,0.2813896931746796
35809,0.27369297127861963
35810,0.3758836893920112
35811,0.7582298212944689
35812,0.40018140963928667
35813,0.7543548252076955
35814,0.5665445588199594
35815,0.13607952101715026
35816,0.4814503964512686
35817,0.16213253991999504
35818,0.22459422539679905
35819,0.8480704156186601
35820,0.36970937978490037
35821,0.27731954232925726
35822,0.30516720276903314
35823,0.3601747574132458
35824,0.7411801928792221
35825,0.6904358267025679
35826,0.2051810721031354
35827,0.25216524890482844
35828,0.5868889457071782
35829,0.493779548180427
35830,0.15679655162276093
35831,0.6691028037200774
35832,0.5193336335019672
35833,0.4497890771177623
35834,0.3973896058681029
35835,0.450982899476257
35836,0.578090042976441
35837,0.3507345953302791
35838,0.33949249281346205
35839,0.24890856695830868
35840,0.1697489941513092
35841,0.4151853511959533
35842,0.340282485006712
35843,0.3844820162213445
35844,0.5520477220443754
35845,0.323743630358378
35846,0.5284969269351021
35847,0.8769459197138562
35848,0.7537276693750138
35849,0.4964488419013116
35850,0.7435735548604375
35851,0.2901303864509348
35852,0.7218909052117419
35853,0.48785440730570584
35854,0.8921520576267867
35855,0.44879957478249105
35856,0.3600953530820966
35857,0.6209338441720776
35858,0.6698750518565206
35859,0.34152696960065954
35860,0.3167671989910473
35861,0.42069973985460835
35862,0.14377381289374735
35863,0.5519839395495965
35864,0.5334785369613255
35865,0.5576492675341553
35866,0.8300881515200237
35867,0.83971751448211
35868,0.44544791542960877
35869,0.32831178137427536
35870,0.7939103257577524
35871,0.797969197129243
35872,0.7438836300874417
35873,0.5885423223518065
35874,0.5730056350478123
35875,0.40280201592023523
35876,0.7348281232631765
35877,0.49521147300962975
35878,0.6140131488987459
35879,0.9047844985167433
35880,0.26888341526580056
35881,0.9257590650447273
35882,0.24469234251017946
35883,0.2731335203218424
35884,0.1608236071817597
35885,0.7012535232401332
35886,0.7646190025759205
35887,0.36886912109203457
35888,0.48307751248533176
35889,0.2730731569905835
35890,0.5848128561637871
35891,0.4049238758450903
35892,0.598285062359121
35893,0.4069497548369942
35894,0.650201645709258
35895,0.5965486801426598
35896,0.3218952176177071
35897,0.6550327016836216
35898,0.7546163780339146
35899,0.6723797366615417
35900,0.34599315234974704
35901,0.7346226962618563
35902,0.2149052445385223
35903,0.5990921122596998
35904,0.5593394618014551
35905,0.7971369040622492
35906,0.5741579580096358
35907,0.5434693533736644
35908,0.4504487445139396
35909,0.35034087667650865
35910,0.6222274283913296
35911,0.526494112273448
35912,0.25725469001908624
35913,0.4047692117914415
35914,0.3782268040590007
35915,0.40027517050987577
35916,0.44817590511605854
35917,0.3054794891517458
35918,0.9088680811782444
35919,0.8782166278456665
35920,0.7527919040992552
35921,0.7925261726284627
35922,0.44200939973959147
35923,0.6343552561883993
35924,0.6967240716379328
35925,0.6936440169396394
35926,0.7605319773989259
35927,0.710717057438768
35928,0.6356505642558827
35929,0.8070598283872085
35930,0.832860467944213
35931,0.8429561591528785
35932,0.6027236269440149
35933,0.8845760641466577
35934,0.6461932237489059
35935,0.5229785592924373
35936,0.7037933622813209
35937,0.6517324291913547
35938,0.6083072592527546
35939,0.3694662226165417
35940,0.8053934126376686
35941,0.7011259486232634
35942,0.667347563831051
35943,0.7858677227713908
35944,0.5619767172892722
35945,0.7759213141375081
35946,0.8207409945680896
35947,0.5364036523597805
35948,0.7499152324672246
35949,0.9455827746526637
35950,0.7013294048007142
35951,0.7965555279422594
35952,0.7206288141556052
35953,0.6827166082695334
35954,0.42189297965078565
35955,0.44709953620559684
35956,0.6552399230092278
35957,0.7594354214415399
35958,0.3702530355949717
35959,0.42274252634784326
35960,0.7390877880782096
35961,0.2387794541650085
35962,0.614744322117825
35963,0.5186119535168999
35964,0.7537035126221878
35965,0.4778759287347723
35966,0.4128286490819875
35967,0.6905037279713576
35968,0.5876052376785558
35969,0.43785710960934343
35970,0.7624296373087031
35971,0.6362460052077206
35972,0.7315209958959015
35973,0.27792348419888924
35974,0.6771563209874365
35975,0.7990733600277113
35976,0.45674443184094865
35977,0.27634895710439855
35978,0.5497685552770999
35979,0.3939795571192441
35980,0.1758667831118101
35981,0.5989849979344569
35982,0.1638975580463806
35983,0.41703746499850036
35984,0.7557504821125355
35985,0.2308561749993169
35986,0.7145240581576902
35987,0.5630694062675065
35988,0.7208794999702776
35989,0.36345669197898023
35990,0.3363985941522268
35991,0.7492773866570288
35992,0.18278776152571038
35993,0.8242129760679928
35994,0.3297730260661534
35995,0.8152771446889454
35996,0.6768979673891948
35997,0.396261693706704
35998,0.731676754170013
35999,0.21095329041977923
36000,0.33087386520430506
36001,0.2777229606219165
36002,0.5872658340266698
36003,0.6882111723104347
36004,0.9133925016740853
36005,0.3602118033412807
36006,0.32463094785467966
36007,0.25575267787945116
36008,0.34660901418769274
36009,0.7310789606270539
36010,0.6434375599048289
36011,0.7163769956545001
36012,0.8122108504342888
36013,0.7236829866270542
36014,0.6311846116918214
36015,0.15362578246709754
36016,0.07877302070954771
36017,0.23191554612224888
36018,0.3069664517109047
36019,0.2559804158192447
36020,0.18848619855329662
36021,0.5373488804021007
36022,0.22467861818061516
36023,0.7202018657459609
36024,0.1977361629656539
36025,0.2056422617511033
36026,0.6967468115912429
36027,0.6315256930911
36028,0.6783633536258182
36029,0.535827131098686
36030,0.7163536621957525
36031,0.2717530812544869
36032,0.27591233405089033
36033,0.5020046658243885
36034,0.6425355490624444
36035,0.6587518694902527
36036,0.537226732138129
36037,0.9321517097675656
36038,0.6601628210382874
36039,0.27668547797967946
36040,0.4494120637549722
36041,0.8197764680009623
36042,0.7464606171943557
36043,0.2381243208016094
36044,0.5801309722714036
36045,0.2936293037975583
36046,0.3145269352737459
36047,0.23618691134706074
36048,0.31722704435524607
36049,0.22618502378888836
36050,0.3696688613861156
36051,0.6409193078208837
36052,0.7309277514861873
36053,0.6305286716003656
36054,0.37172076813298244
36055,0.2963162778140398
36056,0.28945888997696273
36057,0.4465564888611415
36058,0.39808382612594595
36059,0.5957893211851291
36060,0.2655647302416954
36061,0.25953993531152764
36062,0.19505089452465074
36063,0.25859960050293684
36064,0.45500733602482296
36065,0.6442376025354108
36066,0.5585038787734339
36067,0.4393193213234757
36068,0.2385044802103318
36069,0.46913672858123956
36070,0.14446425799893964
36071,0.22581523945942938
36072,0.1499401827646305
36073,0.2584634568630785
36074,0.23402304297356863
36075,0.6423886879304432
36076,0.6567490864205595
36077,0.4062123290560929
36078,0.5840710873549912
36079,0.18697697023769358
36080,0.6637888706042316
36081,0.38138922874500036
36082,0.6521586357099294
36083,0.23328169361172957
36084,0.606056109750433
36085,0.4134753990943447
36086,0.23971506608289814
36087,0.4009681386975603
36088,0.4726700177481323
36089,0.8917173335162747
36090,0.15918884330174665
36091,0.35955253460110076
36092,0.17702107346192025
36093,0.23938887248457505
36094,0.39107158726988533
36095,0.18616763731433142
36096,0.6430794605597435
36097,0.17804153499840178
36098,0.18426395557095804
36099,0.4464755056560929
36100,0.3539329394872674
36101,0.4270319690292437
36102,0.6640733155102091
36103,0.2447361015622481
36104,0.3775414316181168
36105,0.5718367482285303
36106,0.41314829517908097
36107,0.6282200472397087
36108,0.6785458725054212
36109,0.18572208149096509
36110,0.46523488509363736
36111,0.1493987353445181
36112,0.3046055806525921
36113,0.7785874418622472
36114,0.6262381680407333
36115,0.6678824884562229
36116,0.6050334396099746
36117,0.5817622573112371
36118,0.6659221063895633
36119,0.25634368581966577
36120,0.36602348015941094
36121,0.45517795148500995
36122,0.8747121475221209
36123,0.5497831037674932
36124,0.8086716288571459
36125,0.5293815979147518
36126,0.5832637856751461
36127,0.3170673821265722
36128,0.5837251013027581
36129,0.7238907363033689
36130,0.23044541781825692
36131,0.7985515073399879
36132,0.5734130246776877
36133,0.12251871864936936
36134,0.7296637199207375
36135,0.14320290703278984
36136,0.23318190396771477
36137,0.5919699377526512
36138,0.2558833908558485
36139,0.23325537762525303
36140,0.3581138471372012
36141,0.7853397274144938
36142,0.6728616248091752
36143,0.2737368926305134
36144,0.752268193413135
36145,0.2731050252142269
36146,0.5187801836412919
36147,0.6571944030869884
36148,0.2717374237119503
36149,0.5652645324159132
36150,0.27533520516163246
36151,0.3207110630440944
36152,0.16621652145526217
36153,0.20512039084944325
36154,0.5891829344550958
36155,0.22943627692214622
36156,0.7016940969440066
36157,0.45452516010490474
36158,0.36469910829312463
36159,0.16572344329374009
36160,0.11716993368673358
36161,0.21570639375396214
36162,0.4992359790585421
36163,0.4316777719792845
36164,0.15755022817385003
36165,0.424972194875968
36166,0.22074954774273514
36167,0.37754308074032394
36168,0.15786351456517236
36169,0.36410254590310137
36170,0.4929176013128418
36171,0.5076614846532786
36172,0.7757148139223009
36173,0.366919829442641
36174,0.226746511129614
36175,0.42203500583899245
36176,0.274478250444025
36177,0.6578865130982428
36178,0.7171497292657769
36179,0.5472793099672353
36180,0.5473666017893596
36181,0.5725804220369697
36182,0.16027640269010285
36183,0.5233567380476666
36184,0.7422662621540236
36185,0.5362683964754784
36186,0.5613341375489085
36187,0.2719911561039017
36188,0.6768013475628231
36189,0.5862968539770533
36190,0.43930192894799996
36191,0.5708694019728482
36192,0.3491880605523853
36193,0.54941648376678
36194,0.591246107411479
36195,0.8026488910810016
36196,0.15051539687437965
36197,0.2997847731613105
36198,0.6024962327040786
36199,0.3713449941299998
36200,0.16973477562618602
36201,0.19601696437875027
36202,0.33458889211324294
36203,0.23040444597510368
36204,0.2736101396331682
36205,0.6109915815932655
36206,0.7635608390922558
36207,0.17595465361372656
36208,0.6392795903289811
36209,0.5300005683746972
36210,0.4113505725718173
36211,0.2971058185684054
36212,0.4188648906097581
36213,0.20062035381469498
36214,0.5734382544041869
36215,0.6107589863417549
36216,0.19446733248942216
36217,0.7117455943042256
36218,0.7615032714635958
36219,0.42931355192291637
36220,0.3242773075893267
36221,0.4026753532973422
36222,0.4425215718012745
36223,0.8428246250022052
36224,0.7660166360550702
36225,0.7189069690157123
36226,0.3407862212778072
36227,0.5499073926871574
36228,0.5554423650028226
36229,0.1730363252276866
36230,0.3238241426690599
36231,0.1925337030517465
36232,0.6735634607281077
36233,0.7154291980397149
36234,0.22018155140636123
36235,0.27932186480267973
36236,0.5312378819432287
36237,0.6612091204486124
36238,0.6222511893176258
36239,0.21686981054230045
36240,0.2693580343007353
36241,0.285725568549639
36242,0.554980592449911
36243,0.8556213738580614
36244,0.6946840878149604
36245,0.48870142000962935
36246,0.663487590515648
36247,0.2902707005315123
36248,0.31516572397586384
36249,0.37363276818996843
36250,0.5170742591029054
36251,0.6525078208040846
36252,0.2733710408615814
36253,0.8711982137780914
36254,0.5599057622872634
36255,0.20739983570013565
36256,0.15730641876523338
36257,0.23742281445896948
36258,0.20053155617136037
36259,0.26148902474133107
36260,0.6876790720864213
36261,0.6519588814275162
36262,0.48100930685256965
36263,0.5271979924759277
36264,0.42277172843189675
36265,0.2920786475376587
36266,0.285733784297728
36267,0.6851489418870118
36268,0.720075340251444
36269,0.8069885808070596
36270,0.8881554664347041
36271,0.25207380831799975
36272,0.6674754160660186
36273,0.22483022281421153
36274,0.5393132337310981
36275,0.1354172088213242
36276,0.553008673807941
36277,0.2382725578057749
36278,0.5371005934448002
36279,0.275610708631683
36280,0.5803636836496481
36281,0.17887060184814102
36282,0.40369466843212404
36283,0.603083782397914
36284,0.1690308214227367
36285,0.33794569445602424
36286,0.5600504196424287
36287,0.5233655103164129
36288,0.595937754831004
36289,0.603161980037838
36290,0.4595388012614896
36291,0.8272664052881389
36292,0.2565031206264507
36293,0.6747813698838306
36294,0.22303880355167546
36295,0.6009371283133247
36296,0.3140508092807623
36297,0.7330323017100069
36298,0.46704725687336573
36299,0.4310579982993337
36300,0.18240988253284737
36301,0.41579274836465163
36302,0.49051676920334053
36303,0.5848037116178286
36304,0.3097475543223364
36305,0.7288991859100669
36306,0.6728182868727918
36307,0.25287024327093016
36308,0.17236958552134848
36309,0.8282330837586178
36310,0.519098008821234
36311,0.25476356149691615
36312,0.7108469667627456
36313,0.4090601318888095
36314,0.2362522770133413
36315,0.5140092278912216
36316,0.4793644978425864
36317,0.12274466828578663
36318,0.570792172447395
36319,0.5083835927947368
36320,0.8972667588663551
36321,0.7172445452550253
36322,0.7574529473072269
36323,0.5765686469622977
36324,0.702067672742927
36325,0.49115440052342385
36326,0.5899982678621833
36327,0.5874520849316782
36328,0.7073000209143913
36329,0.48689387678679263
36330,0.7722921458404182
36331,0.36415365984441733
36332,0.6468127740737482
36333,0.15653848456970285
36334,0.1814738404761388
36335,0.6978434191399575
36336,0.3430976568149711
36337,0.394941084456111
36338,0.26179338542780256
36339,0.9358855259936314
36340,0.26969681675297613
36341,0.6179974777085759
36342,0.7018335836351571
36343,0.2669042587179014
36344,0.2589198537727915
36345,0.5941834208071284
36346,0.563631027450118
36347,0.6937521315125686
36348,0.1514723665988235
36349,0.38562288588723564
36350,0.2114922983997614
36351,0.42555450795171834
36352,0.4271226002455354
36353,0.5252371183476902
36354,0.4286433283440535
36355,0.15053498860125109
36356,0.2760995431510662
36357,0.3172048282069661
36358,0.4042186081687291
36359,0.442396855008508
36360,0.8523025482334818
36361,0.768210272757965
36362,0.4810517158605667
36363,0.6522787158501133
36364,0.2859849263537544
36365,0.23345187967059453
36366,0.2513821198326514
36367,0.3505307563133489
36368,0.6943026561419955
36369,0.7260100889876839
36370,0.15421717732167062
36371,0.386132471426042
36372,0.5134951021145797
36373,0.5989150042841809
36374,0.6724784708879987
36375,0.19321631836163664
36376,0.4060852615514905
36377,0.7320981321809228
36378,0.6238030735267307
36379,0.45300076656543825
36380,0.529048842186801
36381,0.44058878751526037
36382,0.7134005902275966
36383,0.52188359994181
36384,0.73052879478756
36385,0.43232548042746544
36386,0.593471310030832
36387,0.3888240296149229
36388,0.5003502658354734
36389,0.2285508828296131
36390,0.6505359131499048
36391,0.7112705452867791
36392,0.8450777170355597
36393,0.2531968645822539
36394,0.4087236269897082
36395,0.3717712904932918
36396,0.2969762838612127
36397,0.6553484044208702
36398,0.6408034340115744
36399,0.7602823689319979
36400,0.5822087032184724
36401,0.38723235363163777
36402,0.5461044535281853
36403,0.7795006084155567
36404,0.8278571898494947
36405,0.7412492606348422
36406,0.728418050622124
36407,0.6527422010134406
36408,0.739125851192506
36409,0.589495994536997
36410,0.6057240429529196
36411,0.5114805388857596
36412,0.6825757640334024
36413,0.8187060154142595
36414,0.8176742971269864
36415,0.5441369016905883
36416,0.344155114110976
36417,0.5571596930751036
36418,0.7817685901489418
36419,0.4685914478303332
36420,0.5515451891533574
36421,0.38248606934658896
36422,0.7464789594602235
36423,0.3866071299391709
36424,0.7890701775069633
36425,0.38172311391877795
36426,0.686799224215779
36427,0.7608407788152406
36428,0.8195226390586992
36429,0.5830903016571316
36430,0.7302927889688663
36431,0.8832003816136278
36432,0.5805434829601502
36433,0.5616223829361074
36434,0.8010391876241594
36435,0.8328037815406019
36436,0.6917082599845223
36437,0.6556503348383017
36438,0.7569054842579218
36439,0.6783236576367372
36440,0.7232298008302127
36441,0.7066143777758218
36442,0.8787183218128318
36443,0.5716238669725608
36444,0.7564083756191062
36445,0.45419357691356876
36446,0.54569817774226
36447,0.9534017683498593
36448,0.7904509310262245
36449,0.36327079242474647
36450,0.2378827625861813
36451,0.6877702341809605
36452,0.6241566305440966
36453,0.7719691263177002
36454,0.26825990033401786
36455,0.7321440310123689
36456,0.5206727361085389
36457,0.4372118440283557
36458,0.6163861298549218
36459,0.7534531262136386
36460,0.6312244211789286
36461,0.6907604851865492
36462,0.7595476239828776
36463,0.48571506614135285
36464,0.7832923113157476
36465,0.6179316804474893
36466,0.919670270802857
36467,0.7919987471805184
36468,0.17077977118633642
36469,0.32907470344701273
36470,0.8062884652321494
36471,0.6232590565575742
36472,0.3588899761773434
36473,0.34320833514824367
36474,0.6325048179943442
36475,0.19630925122871956
36476,0.49876098500857946
36477,0.35569036575933477
36478,0.39497916731395705
36479,0.8051446051791578
36480,0.6033454113366097
36481,0.5320892215352416
36482,0.6353740117407918
36483,0.2580395469293783
36484,0.5625749946738443
36485,0.6138538141686457
36486,0.5039701497572011
36487,0.3834370327579635
36488,0.3329026047575092
36489,0.7985542975955728
36490,0.6376887834569389
36491,0.22257628605984692
36492,0.1591412409927899
36493,0.7896524106973895
36494,0.6072635931166318
36495,0.33899810716967554
36496,0.3228722790623138
36497,0.2502701241656559
36498,0.5334393964304667
36499,0.33960664977062116
36500,0.7183292989715266
36501,0.20732617965518643
36502,0.6327444807702425
36503,0.7308372029927095
36504,0.2833687830421564
36505,0.589389045066786
36506,0.1623265851367691
36507,0.5443673964438124
36508,0.658444947515095
36509,0.5302476892654495
36510,0.35991171241171227
36511,0.6640003452181986
36512,0.31394780837549907
36513,0.1886390316906043
36514,0.9282910702244809
36515,0.6412631646889162
36516,0.1490269261491233
36517,0.3430913738829503
36518,0.22252406747277442
36519,0.29980076817499324
36520,0.2661320092129359
36521,0.6446953857591419
36522,0.456454202225018
36523,0.2770467551041586
36524,0.7670409727178978
36525,0.17362815809594753
36526,0.21072643908903627
36527,0.21572263652529208
36528,0.48608370086972547
36529,0.31221536173096437
36530,0.441249103973429
36531,0.8295281375631774
36532,0.7317576798481059
36533,0.3044984313879173
36534,0.7021022352184407
36535,0.5625774269039637
36536,0.3327988271173597
36537,0.1545124268034517
36538,0.1444558359525366
36539,0.2973316784911651
36540,0.20076045341474066
36541,0.941777271234179
36542,0.2114512979666653
36543,0.4266288137062041
36544,0.717405402043163
36545,0.545118512219086
36546,0.30764808978824126
36547,0.6257580517459826
36548,0.5221503027412059
36549,0.46815701679039157
36550,0.6133923915029296
36551,0.6102517255522552
36552,0.24415172386140835
36553,0.2964179409605655
36554,0.48022644969770933
36555,0.38731297649005875
36556,0.27281141926668606
36557,0.18945580117049454
36558,0.7403866397990763
36559,0.6151463703625556
36560,0.58833364462181
36561,0.34133558960796717
36562,0.19967112133044218
36563,0.4294073619030305
36564,0.39261314547544374
36565,0.5694804905875152
36566,0.6472768106602111
36567,0.25087009391979115
36568,0.18784009560283124
36569,0.4626277409373545
36570,0.35562401408343464
36571,0.6698346650811763
36572,0.7773463741534441
36573,0.7741993786474153
36574,0.8746615015785782
36575,0.581148802142635
36576,0.8490018252565458
36577,0.2711193582390805
36578,0.37084431802998474
36579,0.4826283316544701
36580,0.30304186986606757
36581,0.30744939471296884
36582,0.2261553440582474
36583,0.82056576059771
36584,0.7500623554624695
36585,0.2914704719207127
36586,0.2865408196200563
36587,0.5972229220580256
36588,0.35549634314414447
36589,0.22305310247459845
36590,0.1901072277142329
36591,0.7744784992172962
36592,0.7339134083725354
36593,0.5171054796888124
36594,0.7947518633937443
36595,0.465933027811992
36596,0.6194093246471067
36597,0.5691689109452389
36598,0.37110131697978926
36599,0.659573249503216
36600,0.2924771164769651
36601,0.30251782552879747
36602,0.5563525217843494
36603,0.4907028972293967
36604,0.3686030022058797
36605,0.6256901933948777
36606,0.5482440263742239
36607,0.2751808533626496
36608,0.6519849077122128
36609,0.689818995586361
36610,0.7887222112669082
36611,0.6023821257437989
36612,0.7089427685636579
36613,0.5109249354919835
36614,0.5677962017914593
36615,0.596326840892181
36616,0.5277663032006799
36617,0.5888683146153313
36618,0.3494143846213683
36619,0.5036374359194582
36620,0.374057924603515
36621,0.191403615330325
36622,0.20245312383138614
36623,0.28672334013494954
36624,0.6095511856547343
36625,0.19677186542113298
36626,0.276524795142895
36627,0.5682111324641186
36628,0.2106585930154893
36629,0.27889932874671197
36630,0.7252899673738016
36631,0.506879825506367
36632,0.4879393323729637
36633,0.42941654278188357
36634,0.13860365638962774
36635,0.3053652924139956
36636,0.4102328900797971
36637,0.3003735517061244
36638,0.4754683913867273
36639,0.4904510399112859
36640,0.6688777863261057
36641,0.49243942245909644
36642,0.6570610740133535
36643,0.7336725503531161
36644,0.5394932684725878
36645,0.608995979161741
36646,0.3415934699284575
36647,0.5437747281421964
36648,0.16022028033836996
36649,0.4799045865233543
36650,0.5688266036478664
36651,0.3072061485368115
36652,0.42491112335996517
36653,0.826645690942319
36654,0.36550673040364534
36655,0.6139968789362937
36656,0.334276769689827
36657,0.1914439019835547
36658,0.17921561651000822
36659,0.41829659663469876
36660,0.5052341117921682
36661,0.37399884326796584
36662,0.32328178562640375
36663,0.6353042581240613
36664,0.5122638100184072
36665,0.8171912695390084
36666,0.2036725771519212
36667,0.6158002542679687
36668,0.6256869726102752
36669,0.12231166621763477
36670,0.5406405013768754
36671,0.338736238872007
36672,0.2977931820899851
36673,0.26670258950105874
36674,0.15093645506289036
36675,0.21564546469346904
36676,0.48393680046241266
36677,0.49805057889888604
36678,0.8480867104451816
36679,0.5346608477980598
36680,0.49181379557831323
36681,0.7002194523008587
36682,0.5501171353711931
36683,0.1703730383820074
36684,0.8030178248182813
36685,0.4339922882543757
36686,0.45953798740273155
36687,0.5578068190870153
36688,0.1286808146112995
36689,0.24980634977229668
36690,0.2712917255000272
36691,0.6752250604154125
36692,0.5581545604354421
36693,0.6092890630284177
36694,0.15794036460735977
36695,0.5532366538548862
36696,0.4541004580170171
36697,0.2797242439104489
36698,0.5172944790562793
36699,0.6497333251719439
36700,0.5100902315618563
36701,0.7769905691635114
36702,0.23488584227959716
36703,0.23772328772277115
36704,0.1381661647044068
36705,0.2008477703134039
36706,0.7330773556658227
36707,0.37693588902646
36708,0.16451238216222508
36709,0.642488755653567
36710,0.514162392765069
36711,0.3870079327269721
36712,0.6731716337072406
36713,0.5955016392425545
36714,0.24074540575101405
36715,0.5547612234773723
36716,0.3504001002581693
36717,0.27479626086434816
36718,0.7584112971110738
36719,0.3325214801506187
36720,0.22388941676711901
36721,0.5711820393225931
36722,0.5527993715576862
36723,0.26771943945724275
36724,0.7104521528903915
36725,0.4729819759712405
36726,0.2712274504138056
36727,0.3763468157201233
36728,0.43032449562187713
36729,0.6259241110205965
36730,0.5264365747303716
36731,0.5023297588756536
36732,0.6011605085477523
36733,0.3119940441017364
36734,0.3103714241975912
36735,0.672297102918077
36736,0.275596358211445
36737,0.8118675241837496
36738,0.27582509863377047
36739,0.7289400114384459
36740,0.6231425068558598
36741,0.4374215159825794
36742,0.39049886707715264
36743,0.6577525693410124
36744,0.761768224527962
36745,0.3422423995749716
36746,0.49245770309210846
36747,0.5910718362075981
36748,0.6422796533448863
36749,0.44471449658867124
36750,0.34264391309929243
36751,0.5129379248175588
36752,0.596717867036182
36753,0.5588941074161162
36754,0.5943285947686009
36755,0.37194040758765945
36756,0.6630974657500309
36757,0.17244541966913757
36758,0.8724758214365159
36759,0.326131228529369
36760,0.19445811159847728
36761,0.5211084804192088
36762,0.31999940721497183
36763,0.1720363120695525
36764,0.6240430009768749
36765,0.4933471766911589
36766,0.7606879136843667
36767,0.6981277042321845
36768,0.2934886825790344
36769,0.37429983805016676
36770,0.3575550764636599
36771,0.5210773398283767
36772,0.2225798298098238
36773,0.5727764175026324
36774,0.4993805150607782
36775,0.35809863863785624
36776,0.7433154118758691
36777,0.5843858458218539
36778,0.2732189837692384
36779,0.915168713343991
36780,0.2173104783885021
36781,0.1887589626286137
36782,0.3866465028314054
36783,0.19192411584984082
36784,0.8092741600666952
36785,0.6562355384996685
36786,0.3102301481615266
36787,0.6715391012399818
36788,0.45385551545570796
36789,0.15794168678077763
36790,0.4951779577888799
36791,0.6632385767250149
36792,0.3473908248156996
36793,0.2578570886430827
36794,0.8520516453598468
36795,0.34361396890652157
36796,0.6074483019750246
36797,0.45869275057344877
36798,0.6574493682774075
36799,0.18836885478954946
36800,0.10671712532826388
36801,0.22800552088701087
36802,0.8394933207777197
36803,0.28710666814977304
36804,0.34648776787171776
36805,0.43213245191541283
36806,0.7292174522326994
36807,0.8217257919462494
36808,0.4630784071658748
36809,0.16665951647971772
36810,0.7304236368830439
36811,0.655644930176502
36812,0.6042942709165666
36813,0.447380620739208
36814,0.5023641225005006
36815,0.7166284806898472
36816,0.5078461631738348
36817,0.3513748328042406
36818,0.17268022208372025
36819,0.5228973425393568
36820,0.6644341035037614
36821,0.18805214565881082
36822,0.5464282478307799
36823,0.6641091499019508
36824,0.44690259948646927
36825,0.429397952581977
36826,0.17815585159158617
36827,0.28760147628820837
36828,0.6318332215040501
36829,0.38660522510734263
36830,0.4952240425655998
36831,0.8118225376495418
36832,0.8960113162773415
36833,0.6995809928449884
36834,0.7149965054290701
36835,0.25981479889620973
36836,0.5534233786014254
36837,0.5591891964132654
36838,0.23338888818672773
36839,0.7489931697531139
36840,0.46105601167297655
36841,0.248241586728126
36842,0.30347564226877094
36843,0.7457995887596728
36844,0.3951418730651784
36845,0.3752365126968009
36846,0.18998499753379322
36847,0.5882468852350642
36848,0.8105277833497692
36849,0.4247810705823912
36850,0.45195207739253085
36851,0.4868879938204373
36852,0.8010532249203471
36853,0.272312869694472
36854,0.2519321261742305
36855,0.34627295665931784
36856,0.38974307313798434
36857,0.5197653966712378
36858,0.7257386012757984
36859,0.5002533231463271
36860,0.5524134895337826
36861,0.5601385319637667
36862,0.8064781183251969
36863,0.6927522138706933
36864,0.6813671326830696
36865,0.16656070680578192
36866,0.38130860595211347
36867,0.40025363541396725
36868,0.5711809443901998
36869,0.5904924923984521
36870,0.24884472576937813
36871,0.6573430305924072
36872,0.5970076597911241
36873,0.34460738640092914
36874,0.7738469384876179
36875,0.5645001810719118
36876,0.7432796339943689
36877,0.30558593310385856
36878,0.23949766551893895
36879,0.18111490807484848
36880,0.5935808356002498
36881,0.2823986507705147
36882,0.6962088568834406
36883,0.21955602429756174
36884,0.7329586157878105
36885,0.3457726501719623
36886,0.2770249640320097
36887,0.2963448014011542
36888,0.4308021933690348
36889,0.36466704273448064
36890,0.3913779949079819
36891,0.27858210171126924
36892,0.5275642552569793
36893,0.20011447171417918
36894,0.543129723849746
36895,0.8573340738329692
36896,0.8360706959152532
36897,0.6963455839101961
36898,0.7917185076038878
36899,0.7767885961894884
36900,0.9162741659677264
36901,0.8063339617368558
36902,0.5722957844773615
36903,0.4212234534926547
36904,0.6639423129813988
36905,0.7222652662371778
36906,0.6036111901126413
36907,0.30228039483166447
36908,0.8373342098709815
36909,0.7057183015343509
36910,0.355223561606078
36911,0.9230547796845989
36912,0.6600353996844796
36913,0.876681325344177
36914,0.7996944157662808
36915,0.5732470649956046
36916,0.513535660799163
36917,0.6355707404963062
36918,0.6384296477900913
36919,0.9607484362988505
36920,0.9226583517811067
36921,0.5991847954818054
36922,0.5626987958509447
36923,0.5978563319737626
36924,0.8257733121998301
36925,0.34187367564729837
36926,0.7990192355308617
36927,0.7755880432793707
36928,0.792481580419717
36929,0.6657586567224143
36930,0.4157480491892982
36931,0.8567100298871303
36932,0.64360390660728
36933,0.8419755470729249
36934,0.6236663646869848
36935,0.7711119601951959
36936,0.8063248606312354
36937,0.8254971449360258
36938,0.8813198394781607
36939,0.23578224662209296
36940,0.6716716922864776
36941,0.8315402950996775
36942,0.649563379557018
36943,0.8860033472508775
36944,0.6192761733084108
36945,0.785752368981514
36946,0.40061432314102796
36947,0.9374426125576267
36948,0.5483391534749168
36949,0.5401504311783752
36950,0.41401679442767625
36951,0.7813607908808099
36952,0.9257529555983445
36953,0.25345406475862386
36954,0.7701354981465691
36955,0.8074703815866454
36956,0.4760224661313623
36957,0.5771747112922637
36958,0.5603650537655658
36959,0.29741300989025643
36960,0.8322870474945494
36961,0.2591163073566227
36962,0.30209332308149356
36963,0.3231993634813552
36964,0.3902413211172287
36965,0.3719577709685268
36966,0.5914950154548081
36967,0.30497059572938456
36968,0.5155563104701242
36969,0.7953489941581512
36970,0.3254581251468662
36971,0.8204990965192502
36972,0.4682197436863095
36973,0.6358992110519601
36974,0.8250953690996328
36975,0.11188957700552776
36976,0.622801694637367
36977,0.4032025240984509
36978,0.3571322767118492
36979,0.47434841480686074
36980,0.8150965411958018
36981,0.17035188943621207
36982,0.499374613512465
36983,0.2906813454456925
36984,0.5114243862855197
36985,0.4448527674795147
36986,0.6368503339450409
36987,0.5342025010734336
36988,0.19498727316798065
36989,0.6769123171706656
36990,0.6138719369499649
36991,0.898110847877433
36992,0.14298718119088816
36993,0.6714425404048724
36994,0.31731124434562047
36995,0.5850064205331637
36996,0.16411370508730502
36997,0.6338475564784842
36998,0.8071386751555488
36999,0.6810624471595426
37000,0.7960869863336602
37001,0.2407158213860986
37002,0.5582461491753915
37003,0.8577886022632134
37004,0.5629349882174453
37005,0.750631143877779
37006,0.21487424330118743
37007,0.6000830657762759
37008,0.2656619777034541
37009,0.5187589839098283
37010,0.6126867725352637
37011,0.8513814555234359
37012,0.15228324816465044
37013,0.7934226270129827
37014,0.8885294413838328
37015,0.22176765976530075
37016,0.29302014004317856
37017,0.3205906384419826
37018,0.8384780879555728
37019,0.6917476415151936
37020,0.6241875072534979
37021,0.6311969433043466
37022,0.5893015666286668
37023,0.16807640081052513
37024,0.13594322279568402
37025,0.4612111942643764
37026,0.3891555413544228
37027,0.6147476917215143
37028,0.576018604125827
37029,0.5418533751985938
37030,0.12497867887552316
37031,0.3714839672018635
37032,0.43402985987624715
37033,0.9234100072156559
37034,0.6585431901939423
37035,0.29231222596173545
37036,0.39592654465756844
37037,0.775555575162536
37038,0.4562297990716401
37039,0.5148149514420928
37040,0.3988877582890125
37041,0.8102090964210482
37042,0.6258887748399912
37043,0.4171391142938724
37044,0.696104988630364
37045,0.588257636994325
37046,0.39023156735587367
37047,0.4684058265129888
37048,0.2797313996509073
37049,0.6373386573150545
37050,0.6554965534494359
37051,0.6671960177611211
37052,0.915043241050291
37053,0.6270955854331804
37054,0.09996687864785345
37055,0.19761648386617756
37056,0.28957392221100337
37057,0.3086845459645632
37058,0.45777928421287345
37059,0.6004101166539464
37060,0.7512763380973091
37061,0.4846031616196565
37062,0.6071466716762891
37063,0.5202049925351887
37064,0.32536610108104685
37065,0.5894951499614259
37066,0.19798356492370345
37067,0.8146684314792979
37068,0.561398858153462
37069,0.48973230532725864
37070,0.6380394143216199
37071,0.5855990957300761
37072,0.20533603277537155
37073,0.3462111574689293
37074,0.5009664656848593
37075,0.5230833770035516
37076,0.2599171612635789
37077,0.35537631812823955
37078,0.9158532782314676
37079,0.8962831062082955
37080,0.4588587919101515
37081,0.6153725566713579
37082,0.3896078109068788
37083,0.2522453450916011
37084,0.26412206178365505
37085,0.5280632019437717
37086,0.26034697619770575
37087,0.40791820743968327
37088,0.2750780545675638
37089,0.6423454272599197
37090,0.7215196969940403
37091,0.2883696932140466
37092,0.3811063334441532
37093,0.34049051265036734
37094,0.21482988446754056
37095,0.6018847034211268
37096,0.2847123093265073
37097,0.3321988189346107
37098,0.3494659630938424
37099,0.7447263672462794
37100,0.4499383434950632
37101,0.3899404168512371
37102,0.11959049106730787
37103,0.5051033065995356
37104,0.6731569175133352
37105,0.8669294664330365
37106,0.5367280028795717
37107,0.7077829006405844
37108,0.29086298379086184
37109,0.14172755025417044
37110,0.3129454130969398
37111,0.4319489797458977
37112,0.5766613234056315
37113,0.16143035684682558
37114,0.7742617254833393
37115,0.5287148968418097
37116,0.4814744591575912
37117,0.62024707034983
37118,0.5779450513435844
37119,0.7908696754580149
37120,0.27653150507548546
37121,0.6166407053170821
37122,0.497268241458085
37123,0.6128356262706247
37124,0.3362258124839659
37125,0.8215162478867246
37126,0.4629895964820281
37127,0.25343755729329215
37128,0.5496612378995223
37129,0.4191797025528367
37130,0.640318977888383
37131,0.43429275766899667
37132,0.6569689098147126
37133,0.6023365348528535
37134,0.4838867449521177
37135,0.777885025528265
37136,0.27218925362601437
37137,0.46339025646075316
37138,0.524185911337454
37139,0.4267681947382428
37140,0.8539138766825819
37141,0.8667512725880845
37142,0.535396931719396
37143,0.4351506715552383
37144,0.44915544600379237
37145,0.5192080310118897
37146,0.3749311832080414
37147,0.30353530887809693
37148,0.2545100444822977
37149,0.3647158432338082
37150,0.2212872121173502
37151,0.338122234210832
37152,0.14394852479436043
37153,0.24391010066824054
37154,0.40926830804643743
37155,0.3528835737152189
37156,0.542903797324316
37157,0.6974643673181525
37158,0.542209345511599
37159,0.44332428402124546
37160,0.3174193682130163
37161,0.413162003125679
37162,0.33148867533430393
37163,0.566233217081277
37164,0.3320047434388702
37165,0.8122791086924528
37166,0.13898392708348034
37167,0.678089117433983
37168,0.36879184277199634
37169,0.7962388782558493
37170,0.7325805751295777
37171,0.40292191784352055
37172,0.31610531010500986
37173,0.6200474476465193
37174,0.7392917618082596
37175,0.6985347316175724
37176,0.6672412332733909
37177,0.4703978166567609
37178,0.5653425197659703
37179,0.23986051615415438
37180,0.6439055586387478
37181,0.38104103431938924
37182,0.6736536571233038
37183,0.3411861443503004
37184,0.3463276196376851
37185,0.1900516935621109
37186,0.33422938706523936
37187,0.6296802384519083
37188,0.38130620460086984
37189,0.362009091574318
37190,0.75913993503008
37191,0.5942114211544292
37192,0.37166842122308347
37193,0.3692283097520699
37194,0.2348341874956535
37195,0.366493702860544
37196,0.2530393655117773
37197,0.14880149727157221
37198,0.6417543775719355
37199,0.48258740975970427
37200,0.36920469164548425
37201,0.7357223232726995
37202,0.21811008010414668
37203,0.7206866264826831
37204,0.3334634275628741
37205,0.2187784920841456
37206,0.523157935919586
37207,0.291601943423718
37208,0.7499534731674621
37209,0.1429323651119289
37210,0.5781511719473529
37211,0.5197410018091313
37212,0.5040712085503614
37213,0.6987515898823219
37214,0.3952761624187089
37215,0.45250666123165506
37216,0.7353694042909719
37217,0.20017477149378343
37218,0.510904619688728
37219,0.6228806104159567
37220,0.29733840836812225
37221,0.40856564915986243
37222,0.4454300211425693
37223,0.2045030359743459
37224,0.4764082789309177
37225,0.8767633305851614
37226,0.2566714012646315
37227,0.4471687518042263
37228,0.6169582379742904
37229,0.2981994275946648
37230,0.4847915657783524
37231,0.31798946738291145
37232,0.28756405472956376
37233,0.37383714993651057
37234,0.6822243517138509
37235,0.7459105410683153
37236,0.6461291019006047
37237,0.5595066192532555
37238,0.7584156335268601
37239,0.37814274067595655
37240,0.2810619078245608
37241,0.6720656788572604
37242,0.4039956603619843
37243,0.707322743437634
37244,0.5087647516010863
37245,0.2287619990509886
37246,0.4810341608128538
37247,0.1778873571782414
37248,0.6046962546186909
37249,0.3173847095540734
37250,0.6551524980156899
37251,0.7201777806818291
37252,0.18205529636743592
37253,0.579961073598882
37254,0.3393361510483657
37255,0.3125334841940228
37256,0.25766624622171586
37257,0.12716916356112745
37258,0.5270801695729832
37259,0.7201705893210437
37260,0.821079092704905
37261,0.38327960354472784
37262,0.6563580631623834
37263,0.22202352612457885
37264,0.17377152178833302
37265,0.10825252474177072
37266,0.21300254514402037
37267,0.6453388203957284
37268,0.26275676278857646
37269,0.7669722059643851
37270,0.20570677944546065
37271,0.7285577071272377
37272,0.5556673889005254
37273,0.27342413694583595
37274,0.3490956097646473
37275,0.7904540702410134
37276,0.3381002937703641
37277,0.5464157552723437
37278,0.5964292615226636
37279,0.5760896618965023
37280,0.7830125912471161
37281,0.749734368317778
37282,0.39216607544149973
37283,0.3001328353403071
37284,0.20692221560413285
37285,0.25509788435497405
37286,0.5542504830855145
37287,0.10392916847049873
37288,0.17501613346516753
37289,0.7543744513454343
37290,0.7822682501735386
37291,0.48127585854067234
37292,0.6434685843273311
37293,0.7737156743487925
37294,0.6231714605462709
37295,0.29676113078319744
37296,0.27105187385603274
37297,0.7231798076144265
37298,0.5235520129101742
37299,0.5303133542023059
37300,0.3370353675470033
37301,0.7192056550515811
37302,0.30339603082800704
37303,0.3654957080453269
37304,0.7126523880112318
37305,0.3593253963286512
37306,0.7628243345098328
37307,0.24378463525017416
37308,0.6617444663758378
37309,0.4258067459773316
37310,0.31804679432982524
37311,0.7780095905721418
37312,0.6212939170810599
37313,0.1838040568132902
37314,0.3207448336942058
37315,0.6260112679901663
37316,0.16717340938649858
37317,0.15402749502755494
37318,0.31963337688928434
37319,0.2023343454594542
37320,0.19686977714143192
37321,0.14524510713315844
37322,0.37763630861060066
37323,0.7190136755864531
37324,0.448543724888428
37325,0.530923393581328
37326,0.64870632363999
37327,0.5855846864541173
37328,0.6456783778007095
37329,0.5835942962608817
37330,0.7428932643965824
37331,0.6848052787146547
37332,0.4195529692669856
37333,0.4578133544656909
37334,0.7073330598898296
37335,0.35765925346245947
37336,0.5568101335882395
37337,0.5821007235354079
37338,0.8726253886491939
37339,0.18099735655607838
37340,0.2612291731147494
37341,0.5152954150488354
37342,0.8035624422412878
37343,0.5990479402174059
37344,0.6339688167241828
37345,0.28562192067084863
37346,0.6886085928079835
37347,0.5126345109554041
37348,0.624592732408138
37349,0.6434711388974074
37350,0.5085400914906637
37351,0.6702104748233922
37352,0.7293408682088104
37353,0.47659326215380665
37354,0.751121048490822
37355,0.39624147196851056
37356,0.47576843998116847
37357,0.4419510761350635
37358,0.5635197978779705
37359,0.48849472849615416
37360,0.4188164634023965
37361,0.3874571043746149
37362,0.7921922786254566
37363,0.2702186592066795
37364,0.5940156758961959
37365,0.3865096476099603
37366,0.48984846051670766
37367,0.16562001503216758
37368,0.5382598088257292
37369,0.6253487738169344
37370,0.2007424647897546
37371,0.6332907320953928
37372,0.26802101172252063
37373,0.8538145047712794
37374,0.20274812426573108
37375,0.29971545505148095
37376,0.7534427711811784
37377,0.15395297865111132
37378,0.6410628357624424
37379,0.35603390121348194
37380,0.723670991286247
37381,0.7535443520377073
37382,0.851695849719366
37383,0.43211170229317314
37384,0.406825957616565
37385,0.6615698277765378
37386,0.16582679686983173
37387,0.1766866575439372
37388,0.2986734009525569
37389,0.74887348160613
37390,0.8002913317567273
37391,0.4273572689987935
37392,0.834993806471259
37393,0.6470965188619308
37394,0.8152203053833211
37395,0.7453037194058922
37396,0.6325382302481887
37397,0.7959640196548285
37398,0.890058698778641
37399,0.7169091414832753
37400,0.7736207286506641
37401,0.8849312279179895
37402,0.9208722350464226
37403,0.7363510193168936
37404,0.7356521136630471
37405,0.6714792868455808
37406,0.9206595445093743
37407,0.5845470121357192
37408,0.7384285456380103
37409,0.9459249838886998
37410,0.7402448988215374
37411,0.8228705356313453
37412,0.791034996539437
37413,0.7407279854604929
37414,0.7576482948698686
37415,0.4766042121447614
37416,0.6151668747843941
37417,0.697769677273286
37418,0.6654032093978792
37419,0.8146112261558958
37420,0.5961946581484178
37421,0.6471305625438579
37422,0.6093647738889136
37423,0.7284682775455525
37424,0.7410174576892828
37425,0.24405077922493765
37426,0.7266822912706886
37427,0.7435910873339494
37428,0.6018044046553145
37429,0.8450350789701789
37430,0.7813799864881903
37431,0.8999608204601872
37432,0.35038449378484426
37433,0.7242504109465455
37434,0.5235484832935164
37435,0.3816156848190312
37436,0.9201922941358974
37437,0.4585253222200666
37438,0.35388685759328603
37439,0.28416330775716636
37440,0.8555016530992678
37441,0.5771487919495771
37442,0.7549227560002079
37443,0.7114488718847981
37444,0.6776097431105188
37445,0.6905001545581121
37446,0.3055952163201505
37447,0.6725595837514551
37448,0.7116990056785726
37449,0.7797885339860181
37450,0.7203124905236619
37451,0.8088385403485557
37452,0.8032937739007322
37453,0.823756274398928
37454,0.5887736435344162
37455,0.5627491401922923
37456,0.830509469924215
37457,0.8314546296912397
37458,0.6492221690069887
37459,0.7034521515565137
37460,0.3157311048996536
37461,0.768222644708886
37462,0.6198641293826112
37463,0.9356879559889792
37464,0.2597130790841053
37465,0.49304506460540215
37466,0.3743504101663283
37467,0.355221066182958
37468,0.5885379365908008
37469,0.36651126614933816
37470,0.37494444859744236
37471,0.4582283212681457
37472,0.48824459756637223
37473,0.4269142703311951
37474,0.904980510301291
37475,0.6664929871665739
37476,0.5133118506194183
37477,0.37592218741386096
37478,0.26142568155555335
37479,0.9152408806520668
37480,0.45060371930669646
37481,0.7396438977529268
37482,0.8099119729498535
37483,0.47936516465843815
37484,0.45333474247763855
37485,0.6212937349789128
37486,0.44563448720957577
37487,0.3401237699864986
37488,0.7834756573902975
37489,0.5630645614150817
37490,0.32600725973696565
37491,0.8131822679130825
37492,0.7440227782705708
37493,0.18769384122023444
37494,0.5972997872187411
37495,0.4866751919247569
37496,0.5065121030210031
37497,0.4288697438112007
37498,0.517610209000348
37499,0.1720022780206105
37500,0.2341678906336957
37501,0.5958900103552507
37502,0.3661047631494669
37503,0.5340415472542885
37504,0.3611465052060874
37505,0.3020932957508099
37506,0.23813675442259294
37507,0.18878040284881378
37508,0.5887483644946337
37509,0.6939928100477939
37510,0.6557937868561577
37511,0.6044068721529082
37512,0.3513599367358244
37513,0.39296680055030064
37514,0.3864594514261784
37515,0.2340517145702186
37516,0.7298108357016801
37517,0.24432272636221955
37518,0.37060772623935473
37519,0.5828315526164739
37520,0.3571423139986164
37521,0.44204699444664936
37522,0.2721650964098674
37523,0.5679293182748085
37524,0.16607803415611402
37525,0.3544120341195047
37526,0.41289013051336076
37527,0.2800949337151039
37528,0.15540724687354845
37529,0.7148195669342177
37530,0.5417809363014809
37531,0.19292846649538384
37532,0.6403955388049897
37533,0.35248193005637396
37534,0.5283736306296748
37535,0.2644808098775374
37536,0.28726019677034326
37537,0.41106995759926684
37538,0.2961086393268374
37539,0.40369993571407536
37540,0.8605576575466962
37541,0.2847087799728544
37542,0.37611884079384567
37543,0.14460213670170144
37544,0.847441680923648
37545,0.3830796626751131
37546,0.6180233210295561
37547,0.21100524505710128
37548,0.7087811343232314
37549,0.3954618625254406
37550,0.5686586690016254
37551,0.7778683946287216
37552,0.25485206473311867
37553,0.8005446838987762
37554,0.7288853445220814
37555,0.6252897667563834
37556,0.7964721378910237
37557,0.5121376631295397
37558,0.5140370822574195
37559,0.4664471363735358
37560,0.3410771940839182
37561,0.32271003317199465
37562,0.4158270870580086
37563,0.3327890849462553
37564,0.4072101315996039
37565,0.31425200854805807
37566,0.5699080442508143
37567,0.6414559064375843
37568,0.4304698161473583
37569,0.6401141912105621
37570,0.39601219589861364
37571,0.4341693945080642
37572,0.25987784675160375
37573,0.7665092440329369
37574,0.5291626804528544
37575,0.37262362940427113
37576,0.7801204496067281
37577,0.40371696410179236
37578,0.39498672413477504
37579,0.18739552535275442
37580,0.5272889100798681
37581,0.7227368976052286
37582,0.6332603887492714
37583,0.1646336412568222
37584,0.5034592665956774
37585,0.5607759490068186
37586,0.43087035644883026
37587,0.43175076994232386
37588,0.48391750143019713
37589,0.7248833712309993
37590,0.6613614106205558
37591,0.76192236919002
37592,0.5459501297797114
37593,0.27055502645825935
37594,0.1932815732113483
37595,0.6231252671760371
37596,0.5978336404339775
37597,0.3116289411577721
37598,0.3802245957178381
37599,0.533744814180877
37600,0.5178919041688422
37601,0.17505456341240588
37602,0.8081949904443626
37603,0.5229696789234999
37604,0.5791013363045104
37605,0.14932116704927548
37606,0.17745363899755598
37607,0.43468981832059045
37608,0.3109050469541364
37609,0.4753250674083949
37610,0.2657346865287836
37611,0.5446012411576305
37612,0.447406240512186
37613,0.43613860635366
37614,0.5476189442987114
37615,0.24900885990509752
37616,0.7254559351153378
37617,0.6625893639777524
37618,0.36209685152800886
37619,0.5909334315816863
37620,0.37666493972225523
37621,0.710088901929583
37622,0.7925145713010491
37623,0.2669651052159009
37624,0.5312079845542392
37625,0.8465588442932771
37626,0.5979908279369672
37627,0.1554483877474841
37628,0.5458550572713513
37629,0.15209765707766434
37630,0.6493248255326967
37631,0.6560866425288153
37632,0.6134701212433781
37633,0.6311916785357373
37634,0.20114640587899116
37635,0.492715598192049
37636,0.3002585427332533
37637,0.1718133717773928
37638,0.4341383227017265
37639,0.4326179173063173
37640,0.5591050947260492
37641,0.8052650875088165
37642,0.16220285631391004
37643,0.35663062156561814
37644,0.24860473402793823
37645,0.6629675308452723
37646,0.49638300376457173
37647,0.8007258887955808
37648,0.14199099051382041
37649,0.3155955323817744
37650,0.4892863977867269
37651,0.16519035292112788
37652,0.5584608749979655
37653,0.15788121167594166
37654,0.6671866969334842
37655,0.6831067557824408
37656,0.492447063667375
37657,0.6804425090467704
37658,0.6311164317239111
37659,0.12440660267767337
37660,0.2771135150018709
37661,0.38501503937520976
37662,0.5653875196363561
37663,0.5451089923857727
37664,0.536499529691983
37665,0.45062072419739824
37666,0.2581159213663975
37667,0.34095045916090233
37668,0.17896234103825448
37669,0.4461066895523119
37670,0.29167315402191346
37671,0.4041620402225588
37672,0.3798624547463957
37673,0.7007398276328115
37674,0.5357156561245293
37675,0.44220390782193925
37676,0.5695739063222985
37677,0.5581785727545551
37678,0.48391793860556814
37679,0.4796806231304087
37680,0.6959264059857512
37681,0.2618229640191503
37682,0.644310402492065
37683,0.33044988502290085
37684,0.24635892311259974
37685,0.9231879991931046
37686,0.8724668118124513
37687,0.2803913341590521
37688,0.4107106447754711
37689,0.30903094876780574
37690,0.5493484659904845
37691,0.7495075567709862
37692,0.6076812992807031
37693,0.8775748498112655
37694,0.689880090396459
37695,0.491825087047518
37696,0.2875889098804661
37697,0.48815863227629763
37698,0.27107856141562614
37699,0.6307552306648302
37700,0.7737995256511433
37701,0.5326643481681594
37702,0.6012881877302251
37703,0.3637966074961164
37704,0.4384336005881292
37705,0.6402334051086342
37706,0.2727490009308382
37707,0.2993306537645402
37708,0.5877726327112323
37709,0.44786007212528733
37710,0.6330826154334639
37711,0.5767010947754314
37712,0.9216313395367368
37713,0.9020697825211754
37714,0.16860980011744053
37715,0.14200444722167163
37716,0.2822459321878025
37717,0.33542479419668103
37718,0.3529840037780113
37719,0.3175218897813265
37720,0.2516393819535237
37721,0.6694020752140696
37722,0.582482248484478
37723,0.2987387699004646
37724,0.7364347580331208
37725,0.4037343694804865
37726,0.42468496604113765
37727,0.2908146767971814
37728,0.29449106546782566
37729,0.6725190289285474
37730,0.5175750942045688
37731,0.294620736260056
37732,0.2081776496186708
37733,0.18079204429825832
37734,0.6579146059624811
37735,0.12966545138076832
37736,0.8405449218972271
37737,0.6316925917768282
37738,0.6522129329996161
37739,0.16903811203240462
37740,0.6126502583567646
37741,0.2916277580075828
37742,0.7393573802479303
37743,0.6449165791735562
37744,0.6579855507666321
37745,0.6121577603080752
37746,0.9523708731933669
37747,0.15544064101425256
37748,0.6401925474050366
37749,0.699428529924709
37750,0.8109510358390822
37751,0.3816014706801928
37752,0.4892318869939494
37753,0.6520732025797863
37754,0.6263481506828018
37755,0.3873664380213914
37756,0.4786364546659484
37757,0.400056631806851
37758,0.5152878487801573
37759,0.9242359542139091
37760,0.31606031499678616
37761,0.5351090156225615
37762,0.2426124582623587
37763,0.2593357714745051
37764,0.6742430009846401
37765,0.3826219489149745
37766,0.586222563219512
37767,0.6705053951820019
37768,0.554543899326278
37769,0.7371780908056127
37770,0.6273144241711731
37771,0.9424192228623095
37772,0.8391104817109313
37773,0.857965519505653
37774,0.6607440591845262
37775,0.7994798305110937
37776,0.5700343672148624
37777,0.7119728416793889
37778,0.4789054585005203
37779,0.5927768873519562
37780,0.4432840915314693
37781,0.7407243682350557
37782,0.6636897325855069
37783,0.7368100157302753
37784,0.5969932195879204
37785,0.8800953615773645
37786,0.42769704082363824
37787,0.9426629971812135
37788,0.39278382405573353
37789,0.8860063857090339
37790,0.9353892441584364
37791,0.8972785149462497
37792,0.8229678703800954
37793,0.8374724881689924
37794,0.7753175863240095
37795,0.7606620337726745
37796,0.6520526869064006
37797,0.81724282813324
37798,0.5854065335161367
37799,0.697272553092097
37800,0.5697560690281344
37801,0.4255757774379372
37802,0.6917080611990993
37803,0.36783141629987026
37804,0.6446560863996209
37805,0.6160029835755997
37806,0.6161143787590198
37807,0.20824361464080118
37808,0.4608149781099106
37809,0.6895533410347494
37810,0.5144529736966101
37811,0.6382422300270892
37812,0.7855534595700074
37813,0.701296923682311
37814,0.8370122811607397
37815,0.5916172522871571
37816,0.44372816006072724
37817,0.5810091786161887
37818,0.5512084383521584
37819,0.6910423708587343
37820,0.8008693525642409
37821,0.8541915562292905
37822,0.4235920170349214
37823,0.5504583645042022
37824,0.5150215855903025
37825,0.49706840019136883
37826,0.40408032420666
37827,0.15209915509797223
37828,0.30312972396804005
37829,0.7835329379472648
37830,0.4413131648382258
37831,0.5046945814513493
37832,0.6264595035715678
37833,0.4152668141651414
37834,0.17784914369483162
37835,0.6382036317281434
37836,0.3413882554844479
37837,0.5666474318414196
37838,0.5230497882279628
37839,0.20132237956240406
37840,0.4955058700832947
37841,0.5811448909427434
37842,0.30100680530248036
37843,0.46271815663998966
37844,0.36995794389321757
37845,0.2885618272276994
37846,0.24306803911020228
37847,0.6936631354703346
37848,0.6165794226825126
37849,0.7922130037573125
37850,0.7161694372161224
37851,0.8849307100678384
37852,0.323324980442983
37853,0.3574185698286854
37854,0.17267316318074916
37855,0.36883046520203794
37856,0.30346742547887134
37857,0.6405201057931103
37858,0.5222065316899034
37859,0.4884803378414451
37860,0.49794128603081494
37861,0.7054772014965425
37862,0.3287611958994999
37863,0.6196452122301376
37864,0.47852149578157493
37865,0.43266931142172316
37866,0.37998981517870173
37867,0.2282588107313234
37868,0.29980463820350856
37869,0.2032635606064934
37870,0.7293626453661031
37871,0.22094911735562164
37872,0.5328750387687057
37873,0.6800196421341154
37874,0.47608725342076746
37875,0.2593569322645651
37876,0.45799832238458066
37877,0.2838968029841509
37878,0.29523271579549903
37879,0.6887303948455109
37880,0.8397198884816429
37881,0.29628214962629046
37882,0.35599125549664795
37883,0.43630617435378094
37884,0.35420974993145293
37885,0.2817838578102847
37886,0.19860332935679648
37887,0.6578716826017593
37888,0.20014054074229867
37889,0.33660357517513195
37890,0.5785155070193638
37891,0.31848869535406643
37892,0.2169822120219431
37893,0.5995241742956562
37894,0.4086542987291013
37895,0.20951660948876316
37896,0.3764671428849065
37897,0.23295208861198516
37898,0.22762565148087352
37899,0.39286114109645476
37900,0.809708890734748
37901,0.5572046248264824
37902,0.5113537049325078
37903,0.7347698568880582
37904,0.7562564214234099
37905,0.18110614763703692
37906,0.339605668004129
37907,0.21014837267178088
37908,0.5033672454818612
37909,0.6776401677630643
37910,0.8285418586518
37911,0.4998845210679807
37912,0.14749034625380422
37913,0.2061323431336548
37914,0.7724941118023785
37915,0.4730916601324255
37916,0.17628122990882714
37917,0.48993006715509885
37918,0.17635636549182593
37919,0.6040792183479988
37920,0.5919411623618566
37921,0.46706408056602433
37922,0.8415810177707872
37923,0.2824785731363389
37924,0.6120212506335228
37925,0.45510138115701393
37926,0.8331698827487297
37927,0.6183071878961091
37928,0.3304966673234974
37929,0.22045999790937126
37930,0.30500805843286827
37931,0.17941862239253323
37932,0.5089834879999036
37933,0.6519330986681027
37934,0.8493079578608272
37935,0.59668501976688
37936,0.2086877349285107
37937,0.7171170240989537
37938,0.6562438325077153
37939,0.3011518744496313
37940,0.763506115751296
37941,0.7349409602475349
37942,0.4017554229641402
37943,0.820039369637529
37944,0.4861849137461286
37945,0.3672125907464662
37946,0.24437284471053658
37947,0.6465154847964087
37948,0.20536342399330426
37949,0.13534975418263448
37950,0.2968109922965613
37951,0.3046983564854791
37952,0.3035950070828783
37953,0.5525485600089649
37954,0.5189050272990654
37955,0.6789818144590443
37956,0.28393668318347415
37957,0.751453379079553
37958,0.3961578272690609
37959,0.5306084515081269
37960,0.3066677046792644
37961,0.7075388876125798
37962,0.4646480404620664
37963,0.28949587224012835
37964,0.1317277502869229
37965,0.5753377221350794
37966,0.48166951508016614
37967,0.2746647954578808
37968,0.33810686276636526
37969,0.5133334461836795
37970,0.7186537996884679
37971,0.3613313823413847
37972,0.7703151772423393
37973,0.5302767204270339
37974,0.814879180757787
37975,0.5513576846685747
37976,0.6393365900225098
37977,0.2789215292360589
37978,0.29488552758788433
37979,0.23248593519768343
37980,0.4208379901658922
37981,0.6498738584541686
37982,0.11460281706357178
37983,0.4628658982272957
37984,0.2670734916548588
37985,0.44053033861502355
37986,0.9142255718200003
37987,0.34923378057384213
37988,0.6792803005420399
37989,0.5877277852068308
37990,0.8165639815457604
37991,0.5870611317839953
37992,0.31594081669386154
37993,0.7068407553406394
37994,0.3247604748004641
37995,0.3546365179045586
37996,0.19124041866156055
37997,0.815339209890359
37998,0.7277612545573064
37999,0.09152117882866981
38000,0.2700760301305568
38001,0.35057498003671833
38002,0.2002467442876104
38003,0.23055468384434497
38004,0.3265061451310523
38005,0.5921711293509307
38006,0.33109501003407
38007,0.3027086883428932
38008,0.4362912130506588
38009,0.28850338146325816
38010,0.6221314612817108
38011,0.2799304304083382
38012,0.658064454807393
38013,0.2039163073095024
38014,0.4078948238292482
38015,0.5536710734831918
38016,0.4918324098106563
38017,0.40787944048367275
38018,0.14726673708531957
38019,0.5928705509971638
38020,0.7290650689182739
38021,0.6269144155258727
38022,0.4565691050774656
38023,0.32322768806399177
38024,0.3444302319945699
38025,0.7144769671865228
38026,0.7291939809405908
38027,0.6166733151131762
38028,0.6419962796473765
38029,0.6421260567695701
38030,0.7889246379629636
38031,0.7063784174612923
38032,0.6745118130108005
38033,0.7560357796448411
38034,0.6802624865995051
38035,0.6113429936109985
38036,0.2255111057858195
38037,0.685862957279706
38038,0.8084511979854399
38039,0.36494835084527844
38040,0.7428273059991474
38041,0.5839375194909009
38042,0.3263400169834068
38043,0.3243597888195385
38044,0.5608025285292777
38045,0.29129821277175016
38046,0.5369237964342664
38047,0.5615353718593469
38048,0.4890173787091279
38049,0.2981004947351664
38050,0.7364345018034333
38051,0.3436950615551502
38052,0.3603124071542323
38053,0.15597898573703733
38054,0.6568794891336351
38055,0.539435014709932
38056,0.3189663901364016
38057,0.12503913707005326
38058,0.34066518575901944
38059,0.8544447562654311
38060,0.6533797945839067
38061,0.33612273321026287
38062,0.2772101010221213
38063,0.45512339811975855
38064,0.7821073476033271
38065,0.8755877938087827
38066,0.1942802408400545
38067,0.3473492736470321
38068,0.7699767703072722
38069,0.3813962637526739
38070,0.7238498877116947
38071,0.2242583134037923
38072,0.17094161155618706
38073,0.2881566415865322
38074,0.31236384686579727
38075,0.6839916295353831
38076,0.5665443295096029
38077,0.3702898418930484
38078,0.3887057187239873
38079,0.27436502117073425
38080,0.2987561157677678
38081,0.4720074661517075
38082,0.35561563018498243
38083,0.6300398392100506
38084,0.32652868147997305
38085,0.5569675226181579
38086,0.18678392841481226
38087,0.3878853375372148
38088,0.8902650238757419
38089,0.3998997830461182
38090,0.6644891089639006
38091,0.40285703692634844
38092,0.5709909179100608
38093,0.8426103405373748
38094,0.7546028762879176
38095,0.4301884674359677
38096,0.370602156190328
38097,0.3314597514783211
38098,0.3521927958427432
38099,0.3642017675873271
38100,0.5714957908730416
38101,0.38809167890866125
38102,0.6447418500439226
38103,0.44362936612514436
38104,0.32248766474887364
38105,0.3917539894489907
38106,0.4984518008187455
38107,0.5591578272862957
38108,0.1860760637589565
38109,0.6331138482871458
38110,0.3744180344445231
38111,0.6070794223804535
38112,0.1528504621090718
38113,0.5836775179896775
38114,0.2930188014187096
38115,0.8110983648172005
38116,0.5492097342298655
38117,0.3308801019381928
38118,0.1940187506559469
38119,0.31554768633478003
38120,0.34564156429965986
38121,0.2661976762857929
38122,0.3361391249719166
38123,0.21057792859488994
38124,0.5245015086816023
38125,0.3234804359352647
38126,0.3474957500678344
38127,0.5304386502895715
38128,0.7358079956921062
38129,0.5149679317600473
38130,0.6070913919138402
38131,0.252732522339422
38132,0.2090607274548563
38133,0.5135996399680255
38134,0.2868346031334707
38135,0.29134755227245723
38136,0.4112728232371753
38137,0.23748607668899288
38138,0.12985494697207461
38139,0.7053960308266107
38140,0.3376194091139301
38141,0.3147023268068971
38142,0.12230289017906215
38143,0.44586960847994767
38144,0.9237736048213475
38145,0.3307487950205542
38146,0.6799873658712416
38147,0.5755713825221699
38148,0.30173951027392293
38149,0.2152782514325721
38150,0.2916176481557619
38151,0.35388619984447756
38152,0.5256789968399829
38153,0.5025684300479072
38154,0.6967021572909428
38155,0.4105419761888967
38156,0.7700668877115819
38157,0.15975711504650156
38158,0.3261367467811382
38159,0.5923259398562883
38160,0.6297061335512152
38161,0.6574190097297553
38162,0.5527618721204766
38163,0.667802804424799
38164,0.24656145570798935
38165,0.4973199901839087
38166,0.7910389567931164
38167,0.27980551931368713
38168,0.41942213861194116
38169,0.5930491312409095
38170,0.5265479426770215
38171,0.1060566109978139
38172,0.7722397930548549
38173,0.6781116111320927
38174,0.41797926044883704
38175,0.6813927975926348
38176,0.3539961517241557
38177,0.2942966879555114
38178,0.8633035222020863
38179,0.7340060947202706
38180,0.6652009216763234
38181,0.5072049392948128
38182,0.4576933595919729
38183,0.7659757076888338
38184,0.33793373290758666
38185,0.28270354869087144
38186,0.6117666641824532
38187,0.23583815522097892
38188,0.3794012630401036
38189,0.7866746123926902
38190,0.49146422826852304
38191,0.27770599391565615
38192,0.8194325034407428
38193,0.5463404469365324
38194,0.5314342657918216
38195,0.4161683012643261
38196,0.40146970333319393
38197,0.7784182871981651
38198,0.9309358628717876
38199,0.48966067267030156
38200,0.696179433002729
38201,0.7030872711574859
38202,0.3447110490716521
38203,0.2589969843584893
38204,0.6629352759610396
38205,0.3289143578535612
38206,0.6261519403783454
38207,0.4185248890830155
38208,0.31204805473008834
38209,0.40792939150651597
38210,0.5542192909602855
38211,0.6555860871384502
38212,0.9099311097652985
38213,0.479134415709412
38214,0.3916787680531441
38215,0.3774743839932364
38216,0.7143972404138398
38217,0.4441589930211218
38218,0.20335621113316998
38219,0.493539078098622
38220,0.5738519192643491
38221,0.6717759474489852
38222,0.5000090132747533
38223,0.5324107424737987
38224,0.21491929640218588
38225,0.5069698059946525
38226,0.30742653033392364
38227,0.619238748926539
38228,0.7025887019059163
38229,0.2536583765620522
38230,0.24156174887811158
38231,0.7170198666377104
38232,0.7531249395069043
38233,0.5330601369098291
38234,0.7516973297852254
38235,0.30959339276789366
38236,0.8841945216812505
38237,0.904919101994413
38238,0.7966190217684819
38239,0.8393558027993338
38240,0.461611771089984
38241,0.7879159841782855
38242,0.7563235445513586
38243,0.9054980486222852
38244,0.4450658604295758
38245,0.7262851729962115
38246,0.31178280258148483
38247,0.47689309752894005
38248,0.5173943671962774
38249,0.5421295581095003
38250,0.68908696432338
38251,0.3836897576764882
38252,0.8014514410254525
38253,0.7254352886602126
38254,0.6837289341053889
38255,0.8058262664434289
38256,0.6307310134376141
38257,0.7068837838356662
38258,0.8349979548134165
38259,0.8322286597418223
38260,0.5142405863163441
38261,0.5263631569026938
38262,0.5936507484759196
38263,0.4214706691871809
38264,0.8475380589761369
38265,0.658922157958354
38266,0.7568457130853404
38267,0.4767973712545526
38268,0.807833659084184
38269,0.7015071310963651
38270,0.575141491186011
38271,0.8342841078743429
38272,0.7679021794015984
38273,0.28027781387670925
38274,0.9310571858128018
38275,0.5159759609311177
38276,0.758052721705504
38277,0.7626800162168698
38278,0.7159760318520297
38279,0.43091114885095816
38280,0.552169973470371
38281,0.7174515951846754
38282,0.9176947841098084
38283,0.8841852821351288
38284,0.7101597713870853
38285,0.32199162233678924
38286,0.49090393494976736
38287,0.2837090594751723
38288,0.6562644268390792
38289,0.5045177598510718
38290,0.4506976508480749
38291,0.5271240098885505
38292,0.6363491652004553
38293,0.5755672893909027
38294,0.5290065105952995
38295,0.6534957155851057
38296,0.7861060998622682
38297,0.693693220376509
38298,0.281534779898055
38299,0.5080020930237547
38300,0.4650374712914458
38301,0.3065259747138489
38302,0.19875362666053265
38303,0.5489057078562705
38304,0.18727572896815875
38305,0.7668698504255953
38306,0.6866003950796908
38307,0.7662196593503171
38308,0.47002040346849683
38309,0.40996462777586934
38310,0.2755386806709889
38311,0.952702551512718
38312,0.5927318404300119
38313,0.8017574459844076
38314,0.5415098708773731
38315,0.5334679988488052
38316,0.21871840901649145
38317,0.8599994135802019
38318,0.3802014280626885
38319,0.5353251670790042
38320,0.27796198989151627
38321,0.6281903340750926
38322,0.5626836661168249
38323,0.18766811825807558
38324,0.7809995845490044
38325,0.23574956443301018
38326,0.5950284978337967
38327,0.4072571955672307
38328,0.8526318382356806
38329,0.5922472609173663
38330,0.26625272922465415
38331,0.4441536433840431
38332,0.45070467849303597
38333,0.5993660730135846
38334,0.1194774950972738
38335,0.31875630234921926
38336,0.370533947648046
38337,0.5037566772453439
38338,0.17422980383795142
38339,0.7113512333743945
38340,0.35811102740715123
38341,0.8339428123317961
38342,0.24257196554212182
38343,0.9406855966623261
38344,0.4113558640171216
38345,0.4924480904568221
38346,0.37348686321997593
38347,0.6319566799647355
38348,0.24183458066314584
38349,0.33104474800118483
38350,0.3156089041095252
38351,0.37409882095615193
38352,0.5178995321709675
38353,0.9376642419292164
38354,0.31186932253595034
38355,0.5621690342484165
38356,0.41383851289273443
38357,0.3425562929801491
38358,0.5776215299597544
38359,0.6731661391548195
38360,0.3003166329021565
38361,0.5884055476327718
38362,0.18659671762762517
38363,0.22191462753855026
38364,0.6863352882179806
38365,0.20484357814333706
38366,0.6394009480045656
38367,0.9049223286224568
38368,0.47101207667719963
38369,0.4246120967804301
38370,0.19888049547968584
38371,0.3147533300990127
38372,0.25281249150783053
38373,0.6781368564285283
38374,0.33229946438690366
38375,0.2693481201792597
38376,0.1765059194381521
38377,0.9146878793763292
38378,0.44389461795039925
38379,0.6226410346803536
38380,0.3740645731769891
38381,0.8084294366952925
38382,0.565346947654868
38383,0.6946560028824146
38384,0.6159536949012964
38385,0.1480656570975924
38386,0.29480951319900184
38387,0.13781334218605049
38388,0.6932890801625049
38389,0.14004917855683083
38390,0.13121275455953893
38391,0.1521857622292289
38392,0.622604650503316
38393,0.5067830300395854
38394,0.1823066693621109
38395,0.9070490939141633
38396,0.6044206366478022
38397,0.34512969178848474
38398,0.5139541964447484
38399,0.9271392812719854
38400,0.4000148155132926
38401,0.721805157007103
38402,0.8502910257801299
38403,0.254946220651931
38404,0.6203611756651626
38405,0.45434455631479803
38406,0.3437481157749846
38407,0.41678526750484257
38408,0.8605454287376302
38409,0.8798786691259244
38410,0.16455341938042467
38411,0.3735619881504813
38412,0.29487308118406985
38413,0.8289504566550411
38414,0.5876671255865275
38415,0.4232249986353035
38416,0.24126212623853238
38417,0.23554545031904867
38418,0.58382488043253
38419,0.5479117667633331
38420,0.4597083801310147
38421,0.4097481882800006
38422,0.745263753557189
38423,0.1466163375913941
38424,0.1885848231293943
38425,0.2032930773800393
38426,0.31704339826167216
38427,0.15899808661001735
38428,0.6191145019492649
38429,0.1748136727095547
38430,0.21330386941375343
38431,0.7775787238760247
38432,0.31823791875472973
38433,0.22671804527205366
38434,0.3073380690338627
38435,0.24341395242036043
38436,0.4586136524881124
38437,0.4926593944493652
38438,0.3294173356198445
38439,0.26155154635854383
38440,0.28188858116506293
38441,0.743657391648082
38442,0.5200068023013029
38443,0.6191824378482045
38444,0.2476048485509626
38445,0.3071777728463488
38446,0.2506464097068872
38447,0.14796435500858693
38448,0.3297083551748091
38449,0.5047794128164839
38450,0.12914627778736737
38451,0.6144711495479915
38452,0.24775091037797672
38453,0.6369257764839367
38454,0.3004280360101148
38455,0.6049390983463101
38456,0.7336858592379063
38457,0.2132414251448717
38458,0.6405903501822684
38459,0.7220281818038327
38460,0.5243175777073188
38461,0.49585764274161986
38462,0.6752794992125295
38463,0.22041813949204905
38464,0.566360166979722
38465,0.4672823679907514
38466,0.703847105194682
38467,0.6124462065061498
38468,0.7912255355686579
38469,0.6999173958625935
38470,0.1986084337761992
38471,0.3686909402079608
38472,0.40073252955152655
38473,0.5186972957532241
38474,0.3406791430127589
38475,0.16450802795548236
38476,0.30483462340942113
38477,0.5451869659836658
38478,0.3857139691844584
38479,0.5787312828971047
38480,0.658142337391734
38481,0.5569685510111587
38482,0.2519841288853254
38483,0.2111031150166728
38484,0.37209469043942095
38485,0.39913042188076464
38486,0.26517892950471167
38487,0.13852647594263143
38488,0.6414947009096881
38489,0.33213431758249545
38490,0.23832412858237756
38491,0.24684323622636473
38492,0.7697402868618848
38493,0.8042407104301026
38494,0.7487433019065995
38495,0.6858713389254377
38496,0.5734323193527413
38497,0.7254833904583422
38498,0.4738515775101712
38499,0.5646260856861993
38500,0.6565051315178027
38501,0.2844034541041751
38502,0.9167426414018014
38503,0.5261595576389633
38504,0.3107262924922897
38505,0.4003135429813932
38506,0.2791905289610506
38507,0.48411328053434105
38508,0.45220961273485905
38509,0.289418002820099
38510,0.4506252336166106
38511,0.6122577745514953
38512,0.8460006625534876
38513,0.28348829275452586
38514,0.3160793468154108
38515,0.19431157510475314
38516,0.551893171508713
38517,0.6476342792447118
38518,0.5414897555734597
38519,0.6692948404563802
38520,0.591902767697078
38521,0.6718889118139448
38522,0.18164727820262866
38523,0.6408764218990659
38524,0.10261984242552062
38525,0.43147612475629954
38526,0.3954330048137038
38527,0.2405772426663772
38528,0.13014170700263972
38529,0.16811627743076527
38530,0.6111410416217936
38531,0.4646048583215465
38532,0.5588659454916262
38533,0.3725910170196501
38534,0.5587465300143766
38535,0.47067734412311674
38536,0.3178051948867064
38537,0.30411689339772857
38538,0.27957026694985393
38539,0.21987704402736807
38540,0.5054190955582789
38541,0.28866389036346846
38542,0.6065047476736616
38543,0.4960944166459303
38544,0.7459475582169757
38545,0.6631781648524724
38546,0.23798623154516246
38547,0.15908464696260016
38548,0.2643913815353554
38549,0.758247120210491
38550,0.5291671034872191
38551,0.376768331905869
38552,0.7351084391192219
38553,0.29986701385019554
38554,0.28307672500326325
38555,0.3353369954815381
38556,0.2924908186516192
38557,0.5456868708434089
38558,0.4864987995877606
38559,0.47598516089086007
38560,0.41286008108392486
38561,0.1772319296546814
38562,0.6584506656520407
38563,0.8266819582077146
38564,0.6468743836736743
38565,0.35720400150677434
38566,0.6542017637837376
38567,0.12179682351512193
38568,0.6382240959866733
38569,0.5219330570757695
38570,0.11183837223564863
38571,0.22905482501861488
38572,0.3096574426178154
38573,0.4775484298617355
38574,0.11446305689363681
38575,0.7908995008333709
38576,0.2773614482397709
38577,0.40398740481657247
38578,0.3994917261739735
38579,0.8711334892234857
38580,0.5832284670019772
38581,0.333728347185474
38582,0.3765298605460874
38583,0.4288140620625824
38584,0.3115187048807977
38585,0.13063857880052526
38586,0.167772300127176
38587,0.2673575734232258
38588,0.5228927849443026
38589,0.10891370886044317
38590,0.4739778707863087
38591,0.5827165686141293
38592,0.7653410747497136
38593,0.37374245427180885
38594,0.4494721541913637
38595,0.2482150847166956
38596,0.18712765859571118
38597,0.20063081150068032
38598,0.5820010284732752
38599,0.6288593785236191
38600,0.2923645131734267
38601,0.8334253406958921
38602,0.5735975613020908
38603,0.6835096890333958
38604,0.7087329332108182
38605,0.19390506667041502
38606,0.5450056004406706
38607,0.14011963680215492
38608,0.4982387578423214
38609,0.7844813805600566
38610,0.4834962045147848
38611,0.5711819919930128
38612,0.68251889594537
38613,0.2843116300556371
38614,0.24250686795104212
38615,0.2519680801968475
38616,0.6014807121948579
38617,0.7367636281354576
38618,0.4292720069515061
38619,0.32446563940882045
38620,0.3557286353308477
38621,0.1623838435108368
38622,0.2463807907106312
38623,0.45717220615892185
38624,0.6007890379645545
38625,0.7323761017217173
38626,0.2417942743845877
38627,0.6641928598026874
38628,0.6248965265023122
38629,0.19922961396842498
38630,0.7177517207738711
38631,0.39424040920955095
38632,0.4310006720024032
38633,0.4006383299041921
38634,0.31791967383510067
38635,0.4234255216461502
38636,0.43905386184589124
38637,0.6015375892698481
38638,0.4720879300759149
38639,0.6943606029393379
38640,0.5010014911877101
38641,0.6711713474728869
38642,0.8490033765391961
38643,0.40271572354085206
38644,0.14363539320607832
38645,0.18248211309629994
38646,0.7210675207214148
38647,0.16115980376896788
38648,0.33602781114862934
38649,0.3583544280881878
38650,0.1199591795140431
38651,0.5805139826004234
38652,0.12051395106910587
38653,0.5177977866921574
38654,0.4279234686565745
38655,0.22081349048860094
38656,0.5948047591650313
38657,0.7252448576817766
38658,0.6457958929441044
38659,0.2884433224730609
38660,0.6917244100286679
38661,0.7470260820074724
38662,0.1644407520935602
38663,0.30697928371676453
38664,0.5149585735282759
38665,0.7454245549332682
38666,0.6377219329997473
38667,0.5577794617354586
38668,0.7048309350257752
38669,0.8739261584865405
38670,0.7396263321180366
38671,0.8262447565413413
38672,0.4346659919642551
38673,0.6150619878774907
38674,0.3835715160043137
38675,0.5480078249714709
38676,0.19572577593308332
38677,0.49755385922808937
38678,0.22110952461925312
38679,0.5112254384856871
38680,0.36453688478137486
38681,0.7616353925137116
38682,0.6277272847127053
38683,0.6898052371434447
38684,0.4716746404184005
38685,0.33893021047924543
38686,0.32171651173405685
38687,0.4712850252865576
38688,0.5634519864493575
38689,0.36393854414324744
38690,0.5716507595420424
38691,0.2390804214271459
38692,0.7696060226433151
38693,0.5080095884263373
38694,0.61866217699196
38695,0.7564695569233816
38696,0.4232479103559008
38697,0.7781983838083945
38698,0.5367264558971493
38699,0.3071600116520607
38700,0.28391673478441976
38701,0.4940688682720601
38702,0.4367060556291577
38703,0.6232002353685584
38704,0.6952680176499214
38705,0.46451310805192714
38706,0.16894535924709314
38707,0.7013252029334461
38708,0.5199565005065161
38709,0.3564571196461832
38710,0.8859349967396102
38711,0.7516341943262514
38712,0.875004200829302
38713,0.6666222742386023
38714,0.9351049318829804
38715,0.5794157005050357
38716,0.6907896992495988
38717,0.3180926306369457
38718,0.8570319738528258
38719,0.7642379672230981
38720,0.7764683317680049
38721,0.905665925174983
38722,0.8419713976023413
38723,0.4706668418233574
38724,0.38960889399888776
38725,0.6175569068818796
38726,0.476933598594739
38727,0.7370055377545611
38728,0.758069671878043
38729,0.5406000698600201
38730,0.4076866452899105
38731,0.5348250910711553
38732,0.6337502518291765
38733,0.8338220580010224
38734,0.6844059809992772
38735,0.5437763857007558
38736,0.4538244679659979
38737,0.8490196722576403
38738,0.6980003872495271
38739,0.6965797056472938
38740,0.7970419942407151
38741,0.8541385891522257
38742,0.8477939605430737
38743,0.5389318425640143
38744,0.2952854333420911
38745,0.6690032498664323
38746,0.4479372928557739
38747,0.6110567403888745
38748,0.787826036300689
38749,0.8235926868117933
38750,0.23740688731094958
38751,0.5356495662315138
38752,0.4408105022760932
38753,0.8286244311065378
38754,0.8030578794492644
38755,0.6465234974976173
38756,0.9244694168819159
38757,0.6644586361483056
38758,0.7531189752837811
38759,0.8182723219427712
38760,0.6580921023447318
38761,0.4944965283047845
38762,0.4689786853622328
38763,0.41418738464865773
38764,0.5836436710066915
38765,0.7333105691559424
38766,0.2632647235218718
38767,0.5810441695133226
38768,0.48065464510860595
38769,0.5573282338167257
38770,0.7814367333293191
38771,0.27807987413332536
38772,0.3759297358397728
38773,0.6042806627951304
38774,0.5569457911345963
38775,0.9026162455806341
38776,0.6032237536449562
38777,0.5348596233887495
38778,0.43165248654733124
38779,0.6444756726678134
38780,0.27479590030422907
38781,0.7339409779737375
38782,0.715090574359574
38783,0.4359375187349414
38784,0.5399114363813424
38785,0.32293352339296083
38786,0.7154401114155611
38787,0.5729887965540278
38788,0.910104604713508
38789,0.3753995623220097
38790,0.5564835146142378
38791,0.23387628884736444
38792,0.6032318869526864
38793,0.13877401464148023
38794,0.9123194237850104
38795,0.5721955673833612
38796,0.6131781589845156
38797,0.5371940185367119
38798,0.724347831012899
38799,0.4200639894213706
38800,0.8023816406740921
38801,0.6628512556463394
38802,0.4852534110822898
38803,0.38262395877759275
38804,0.4729473024159048
38805,0.29506250768972314
38806,0.5502223685107633
38807,0.6048769007042517
38808,0.5688667753142499
38809,0.3330322427421953
38810,0.5669920475761071
38811,0.6097732230025271
38812,0.30051174346444054
38813,0.13200898113360598
38814,0.5394320858718229
38815,0.18714829691586482
38816,0.638924768721992
38817,0.6605354098354005
38818,0.8761122278472109
38819,0.3709918893545247
38820,0.7739383044694601
38821,0.2977673527657153
38822,0.6275895762982608
38823,0.3801496520816503
38824,0.5998621585349464
38825,0.5757931245902451
38826,0.29746048924235213
38827,0.3730832498220311
38828,0.4115194523554409
38829,0.5981480647275116
38830,0.6637965235079607
38831,0.3646476893181469
38832,0.6859532879731863
38833,0.2821701603366015
38834,0.664802680402013
38835,0.7600294460901297
38836,0.4650203039362832
38837,0.37418359420817876
38838,0.4183454879130994
38839,0.6103493229180271
38840,0.1677612288061876
38841,0.5199832127625054
38842,0.5190343292893118
38843,0.16158294143822133
38844,0.45197883372032716
38845,0.29150825150161414
38846,0.38115338985499986
38847,0.6067231323873953
38848,0.2926234221064544
38849,0.6456015655924239
38850,0.5941629170865746
38851,0.7752113216129077
38852,0.2690779241232427
38853,0.4123229307356485
38854,0.3055927265982163
38855,0.3314981832485982
38856,0.19645828835833662
38857,0.3478842174504018
38858,0.6160260249995446
38859,0.3012354505097859
38860,0.33060807021654204
38861,0.8114216586593326
38862,0.7405362332253317
38863,0.6656791624121785
38864,0.6488084821165662
38865,0.7360950201371792
38866,0.2538990318049611
38867,0.3105709041608458
38868,0.43663679530673155
38869,0.40470471467090124
38870,0.26844481771233436
38871,0.48965810612300015
38872,0.30614106299411725
38873,0.7469353747742701
38874,0.6930002537591239
38875,0.25533508441085434
38876,0.4004651282037421
38877,0.4282962548339107
38878,0.1428696544377979
38879,0.7460532881364492
38880,0.23730919395429637
38881,0.10823635081483964
38882,0.41314013845910735
38883,0.33363855204901965
38884,0.12693352741156225
38885,0.6036230414470867
38886,0.2566205259757708
38887,0.5396421520308476
38888,0.15912371830758293
38889,0.2080873405314352
38890,0.30748816542072177
38891,0.7239939121209245
38892,0.45954334481211223
38893,0.17575645039009039
38894,0.6242332693539436
38895,0.4447254167867735
38896,0.8591489913945539
38897,0.3880273722098767
38898,0.5396437260141425
38899,0.13535058476088957
38900,0.42822981222253237
38901,0.1923616103487968
38902,0.4949179490452163
38903,0.6246446319327993
38904,0.38620221494921264
38905,0.46798337103853854
38906,0.5244521868991626
38907,0.14475228944480684
38908,0.24042897241921798
38909,0.19413686032379537
38910,0.1502433676332135
38911,0.31740688683515134
38912,0.40042453344833556
38913,0.5485878932419765
38914,0.5458713462233775
38915,0.8290957201097507
38916,0.17652031847040348
38917,0.21703180796045857
38918,0.20317684611673498
38919,0.8427332878038456
38920,0.3053912484841831
38921,0.4089545337459089
38922,0.16469940160077615
38923,0.7144746689226154
38924,0.18710009774060335
38925,0.506197557836973
38926,0.326319162174822
38927,0.7323680021397301
38928,0.6401424509635482
38929,0.20247323226581024
38930,0.3708198416468083
38931,0.09981724778440661
38932,0.6382262816139441
38933,0.6185148884775011
38934,0.5550608764124274
38935,0.6723223501494278
38936,0.6391979455170399
38937,0.6538537374118026
38938,0.5775609910291317
38939,0.5650870971420504
38940,0.2828251695212264
38941,0.5155450530820916
38942,0.2661423131844101
38943,0.8802124419370649
38944,0.10780707999002062
38945,0.13010122280670436
38946,0.24161583378372956
38947,0.2850926640345319
38948,0.30430105920730743
38949,0.1644547230096117
38950,0.2202763679686342
38951,0.7394539619983825
38952,0.4459795586415224
38953,0.4273548364611696
38954,0.3741026558092585
38955,0.4108049517815054
38956,0.8827586594081546
38957,0.5311289881258455
38958,0.4649298413415027
38959,0.14543578844738048
38960,0.3912011120676443
38961,0.4624697072766027
38962,0.4996887317882895
38963,0.7070922301646084
38964,0.607080061929942
38965,0.8636158856858802
38966,0.21446182731942764
38967,0.6652139828099641
38968,0.6609080888252306
38969,0.6795441998152338
38970,0.4158095555262727
38971,0.6403282133770052
38972,0.27577920847104836
38973,0.7270012436984532
38974,0.34792024908137237
38975,0.16448730385587162
38976,0.4846461571563936
38977,0.6776058009853163
38978,0.3449775268033461
38979,0.5544694905700243
38980,0.5070506890870558
38981,0.1935358846388115
38982,0.6555990748756673
38983,0.2788988590433553
38984,0.26734530431864084
38985,0.4159043203883321
38986,0.3470081759384567
38987,0.36697073126748103
38988,0.36082239728961835
38989,0.187327777609282
38990,0.12997767360825804
38991,0.6367248891690549
38992,0.13493779984207513
38993,0.6609906248911945
38994,0.1516773619245283
38995,0.6748829013681916
38996,0.2901708263499537
38997,0.8708107035575654
38998,0.687675036398372
38999,0.4671702005862102
39000,0.6380682446547152
39001,0.6125178537649243
39002,0.6589563969028113
39003,0.2706080230963895
39004,0.3141125052426408
39005,0.5549914605578734
39006,0.5086144193366854
39007,0.6835674317545912
39008,0.7890712405667768
39009,0.18039754443275874
39010,0.1884976727479082
39011,0.14135996546781723
39012,0.33247424256796343
39013,0.11541344732364997
39014,0.27771755628258915
39015,0.30857581288553576
39016,0.5409387953139515
39017,0.575111700763934
39018,0.45702347956503075
39019,0.2780591145107387
39020,0.1393231602174131
39021,0.7298628047978031
39022,0.3124854767041667
39023,0.2636403866036924
39024,0.19412601099686422
39025,0.5969970796987334
39026,0.6056161309358973
39027,0.8216940216431988
39028,0.18220338223084256
39029,0.20613342005569896
39030,0.749391960263529
39031,0.16495307848784937
39032,0.4334126032532294
39033,0.5497914238937601
39034,0.41051962929023844
39035,0.4812897472214908
39036,0.2345270432910421
39037,0.5488508571713766
39038,0.5831762314406731
39039,0.21881545366467248
39040,0.7703417337241274
39041,0.43194553993463486
39042,0.2760116520081573
39043,0.6319190299737671
39044,0.6478053500690469
39045,0.17485736416605582
39046,0.6916680910830572
39047,0.22448111196521162
39048,0.24267425553167957
39049,0.20148392385135233
39050,0.27174040458164406
39051,0.2229427830206826
39052,0.3139695351840201
39053,0.2171722082609783
39054,0.13424219193844622
39055,0.42246345842265004
39056,0.6595425874386867
39057,0.28927995182436966
39058,0.31671654528560955
39059,0.3087797127456832
39060,0.31053577623845385
39061,0.4819689942606481
39062,0.27180860380871696
39063,0.7296524324374395
39064,0.19430838169872489
39065,0.7336787706475973
39066,0.608255546056579
39067,0.6546213312459295
39068,0.2471524654609614
39069,0.29272106422120336
39070,0.18293222125624756
39071,0.4654306573914291
39072,0.340112371954578
39073,0.6307844926082865
39074,0.6511932710584197
39075,0.14425934557183637
39076,0.35093349684604513
39077,0.7512040374564095
39078,0.13816117523097635
39079,0.47160922884073014
39080,0.30625100892645546
39081,0.4196744307161379
39082,0.39452056686811193
39083,0.46185912142514207
39084,0.5529268259660708
39085,0.28666691839088465
39086,0.5965410442744904
39087,0.31352709960452196
39088,0.5177289185113408
39089,0.9108604466598195
39090,0.4250052417901559
39091,0.6333759868757532
39092,0.7655821426922221
39093,0.3438029420283576
39094,0.30368928109445376
39095,0.8668537361172174
39096,0.7492073450992729
39097,0.7586522594550316
39098,0.7038342834043381
39099,0.33926453600865625
39100,0.9032847458974758
39101,0.5921789714051083
39102,0.27147778811665885
39103,0.22301470081798916
39104,0.2378104482342186
39105,0.7651672090070268
39106,0.4055584299041233
39107,0.4915745504325468
39108,0.7645426549826501
39109,0.7638605093390999
39110,0.5457331389248361
39111,0.5526752465592173
39112,0.36754662933072185
39113,0.647001469801535
39114,0.8341507999946762
39115,0.8120694923977091
39116,0.4905275704279849
39117,0.33428045498303055
39118,0.31463854405074987
39119,0.34324811172833003
39120,0.6988609821251603
39121,0.5129126889711907
39122,0.25160460320676015
39123,0.590480759216976
39124,0.1622642342260913
39125,0.5207986763258163
39126,0.7094834932675298
39127,0.6244932194082592
39128,0.23042164201639245
39129,0.32225459618694735
39130,0.5131369881526966
39131,0.3293942895768722
39132,0.3028347036398159
39133,0.5614195639097326
39134,0.45511741835309044
39135,0.6287466267642343
39136,0.7108409297425087
39137,0.32975177511106996
39138,0.154238264583293
39139,0.622719409257246
39140,0.31561806316128277
39141,0.2652873427187805
39142,0.40359266013021733
39143,0.25005505712522
39144,0.2971635716157112
39145,0.9147445266970162
39146,0.25953924837629916
39147,0.8878085427564967
39148,0.424171873440996
39149,0.44179871428612855
39150,0.24829284068337346
39151,0.32335623914581196
39152,0.47026324346642107
39153,0.5931714363690612
39154,0.39450332443219244
39155,0.8904195958975731
39156,0.7430119604325444
39157,0.7068971930994451
39158,0.8244261109087119
39159,0.8989686143799037
39160,0.8317164899955178
39161,0.62924726388646
39162,0.8155375684154061
39163,0.9055112878030692
39164,0.6311275206486054
39165,0.7434423239802813
39166,0.6246452536936464
39167,0.7999681115112726
39168,0.42392076946991525
39169,0.6874344604177515
39170,0.5589303769300018
39171,0.8015953656932916
39172,0.7362558407159718
39173,0.31723482344700765
39174,0.5889090216832649
39175,0.5671354774994276
39176,0.6498424220720667
39177,0.8120363271474873
39178,0.6911762773785866
39179,0.6373972827117917
39180,0.7296863628023063
39181,0.47505948839857526
39182,0.3797272921621405
39183,0.3495616355934256
39184,0.7531276149800302
39185,0.4665534140282979
39186,0.7647154416031212
39187,0.7909079097065618
39188,0.6520029239180088
39189,0.7605732683831845
39190,0.7056433370421406
39191,0.4074913688378589
39192,0.7560757319279166
39193,0.6790696000571029
39194,0.9084578455600576
39195,0.5037868015151142
39196,0.7342093127188518
39197,0.4381835017690967
39198,0.4061327422284983
39199,0.6565036419407706
39200,0.6016652239780211
39201,0.779135124295366
39202,0.5616388172419041
39203,0.6771266806872379
39204,0.7691846008426587
39205,0.46498347048224387
39206,0.9166389467384992
39207,0.26476734177656613
39208,0.6085241906216988
39209,0.417014132405256
39210,0.23170224069404044
39211,0.6796581277879494
39212,0.8882889420574103
39213,0.3803229514475277
39214,0.3595420628471544
39215,0.629971127514519
39216,0.22586204560198986
39217,0.2239271988236799
39218,0.525096803558236
39219,0.6104532229584568
39220,0.35184605412090164
39221,0.6253918462526834
39222,0.16512381200222484
39223,0.3490692207744089
39224,0.3867981787345779
39225,0.42251620873901047
39226,0.17145289099631258
39227,0.6533715673294861
39228,0.5904071978163961
39229,0.537037862415327
39230,0.7194313849987161
39231,0.8924974026374181
39232,0.7003628055442543
39233,0.5289177993795594
39234,0.1433115107155415
39235,0.4480923708824727
39236,0.7573742128041745
39237,0.6243413973748124
39238,0.7278960049060904
39239,0.6278642121989242
39240,0.38763381377888867
39241,0.623920540542022
39242,0.22588026143711915
39243,0.40058470661343726
39244,0.1602522918449263
39245,0.29932342739994705
39246,0.5490120149362381
39247,0.4595791970420634
39248,0.5914388195431238
39249,0.421566721740364
39250,0.2949905186537777
39251,0.370706371436466
39252,0.45227122505809464
39253,0.40563352765282146
39254,0.17278693738252082
39255,0.33841869282731024
39256,0.2752200638538471
39257,0.32046509847757915
39258,0.6490558603944092
39259,0.31201880752612726
39260,0.16305259700824215
39261,0.5222064214974719
39262,0.25043687696730205
39263,0.16333183064685391
39264,0.6455932697856862
39265,0.6573437981038326
39266,0.621127937200814
39267,0.15022198060802616
39268,0.47839767166691227
39269,0.6501992660410666
39270,0.8462525027972025
39271,0.2645026142415984
39272,0.47162292425692165
39273,0.3759492393414166
39274,0.5317291886606432
39275,0.2840725193033548
39276,0.26520442412638795
39277,0.5532745105290636
39278,0.2013001877413917
39279,0.76581802407555
39280,0.42424567533006474
39281,0.6463789405900022
39282,0.18174448027603038
39283,0.579712441531539
39284,0.5716482645124639
39285,0.46741302495620995
39286,0.48616569185720215
39287,0.6547292013777137
39288,0.43994945311464323
39289,0.2357435191402284
39290,0.2798460724673286
39291,0.2507358248751595
39292,0.4624098500035899
39293,0.4356634174262506
39294,0.5718489499537751
39295,0.16772320673143204
39296,0.41826781200994007
39297,0.3956518235676086
39298,0.20362455308348065
39299,0.8177900364145778
39300,0.16263212830080354
39301,0.4542551302440253
39302,0.5168832014875995
39303,0.14899778349442472
39304,0.26491401469321846
39305,0.5350436406059991
39306,0.4680379789005412
39307,0.6629730860097539
39308,0.6283145029338206
39309,0.5353455633734052
39310,0.2091603692978485
39311,0.7907279607189062
39312,0.6335025484148957
39313,0.17090905700356226
39314,0.2898705543402437
39315,0.24113363411606956
39316,0.5353836180115502
39317,0.6076741858035715
39318,0.7046732846338838
39319,0.2866162579005238
39320,0.6383410885252527
39321,0.21025718614886
39322,0.6261746947183202
39323,0.45689340950716856
39324,0.5616400429689467
39325,0.2286505021746763
39326,0.544697534291456
39327,0.4056207435974626
39328,0.5528811756583676
39329,0.7041765682515742
39330,0.24985524864630326
39331,0.3492072537813589
39332,0.2454520603553864
39333,0.37512765891779015
39334,0.48400484254833126
39335,0.7973469149767318
39336,0.27130829523507255
39337,0.1168156911762103
39338,0.34429541923642376
39339,0.5435353458272537
39340,0.6973102357577168
39341,0.5914126168015241
39342,0.4696975050565192
39343,0.465960709048399
39344,0.7221991312082993
39345,0.2671595024033649
39346,0.33063964373824234
39347,0.7028549046187951
39348,0.7198743832765799
39349,0.5880505977681223
39350,0.3581738273342371
39351,0.3571095178158274
39352,0.2813595708478896
39353,0.5116325902143595
39354,0.6498028168803347
39355,0.13874063905031475
39356,0.3719128624279459
39357,0.48384895025798497
39358,0.52304281167989
39359,0.2203949841547623
39360,0.35517728160446066
39361,0.39194682116492224
39362,0.553337463528386
39363,0.526978230372223
39364,0.24417390159085287
39365,0.4625385617502177
39366,0.6440319168045682
39367,0.7714997647242412
39368,0.4910733981429894
39369,0.23534243156644188
39370,0.582831808004797
39371,0.3706927644527853
39372,0.5287892287363618
39373,0.5792871394039326
39374,0.6578709008885927
39375,0.5984799681081743
39376,0.321133615292761
39377,0.3621029314866016
39378,0.6832803005263071
39379,0.3387192307976918
39380,0.19298029539091127
39381,0.3446515077857755
39382,0.6910525132460559
39383,0.279638306792675
39384,0.15516844224918383
39385,0.2537718252104105
39386,0.28400422453012264
39387,0.4857599563377318
39388,0.7053568243151657
39389,0.7554285415805011
39390,0.6000742961794683
39391,0.660058833728561
39392,0.7548273191704561
39393,0.7852515079077923
39394,0.6388893166644242
39395,0.7198230089856507
39396,0.5250724217636052
39397,0.494866245388292
39398,0.32343410791850935
39399,0.5017778112037516
39400,0.5196701891275511
39401,0.4590820194715811
39402,0.6947228748219237
39403,0.5316158754714856
39404,0.6077442161399936
39405,0.2761054772362628
39406,0.41485901983784784
39407,0.5847786417126152
39408,0.6212007363867511
39409,0.38384772356167174
39410,0.37064860863378585
39411,0.5855556161240938
39412,0.3991583619349437
39413,0.8284001618754829
39414,0.6066452739292284
39415,0.810118071696825
39416,0.5743732911843397
39417,0.24639899287586306
39418,0.7258720975368966
39419,0.32863985034019044
39420,0.31880355105159325
39421,0.3874086913312411
39422,0.5769406128502046
39423,0.7586306342994229
39424,0.7571645962841672
39425,0.3317810386972415
39426,0.6368317969040818
39427,0.4648533385200169
39428,0.568816146242617
39429,0.6770091970778769
39430,0.38517563242637903
39431,0.727663460525291
39432,0.4244154914907683
39433,0.7791418993255826
39434,0.5675477941909166
39435,0.2588514686808657
39436,0.46940316629443213
39437,0.653204461993573
39438,0.5814877022628753
39439,0.33712289261527983
39440,0.20923776556210036
39441,0.18317510523760597
39442,0.38469027798431676
39443,0.41588825619365527
39444,0.5061545922927397
39445,0.7015583142978088
39446,0.5934000115538287
39447,0.4554681333641274
39448,0.5846074796679034
39449,0.6315335407790716
39450,0.6162993238158742
39451,0.21381349939568378
39452,0.6604059975218496
39453,0.40471561203589124
39454,0.4298863167916713
39455,0.16078588530417381
39456,0.18846937600059582
39457,0.25037072739937727
39458,0.16853595233487598
39459,0.29010979234615203
39460,0.3855527466306978
39461,0.34118287532357516
39462,0.3677001098046405
39463,0.3612053721523698
39464,0.8404177942825217
39465,0.5915483274181162
39466,0.5963585005855387
39467,0.28100486911726735
39468,0.269926656430283
39469,0.35181821362979815
39470,0.8112666986341884
39471,0.7678444435555779
39472,0.671058373002251
39473,0.8157451878828148
39474,0.5721541824233211
39475,0.2286448939515954
39476,0.8459509044204924
39477,0.6961483537904137
39478,0.7211488428955044
39479,0.626601788397463
39480,0.7659083833122265
39481,0.427985464299327
39482,0.636860489457669
39483,0.7579179051794059
39484,0.42223869450694235
39485,0.6327689789860883
39486,0.5644768741539121
39487,0.8834882015951583
39488,0.7392746039080015
39489,0.7426908627738349
39490,0.4872004127317627
39491,0.8758648848047971
39492,0.7488400014123174
39493,0.72022710878007
39494,0.7091662407446353
39495,0.6267529271443519
39496,0.7776809891197894
39497,0.31215410907980007
39498,0.5891592827091371
39499,0.7041722973971104
39500,0.7695628220176223
39501,0.5081547729512996
39502,0.635865902885009
39503,0.774610565462333
39504,0.713002377951583
39505,0.5981833785679657
39506,0.6363386418325222
39507,0.7565128776944339
39508,0.4791971592270159
39509,0.31480830445329144
39510,0.45317756498591744
39511,0.7064734374712297
39512,0.7286118245406108
39513,0.715794912702161
39514,0.8882746832337333
39515,0.5512422197230044
39516,0.38965679666812836
39517,0.5736278485834966
39518,0.4667063872816431
39519,0.49136287789667615
39520,0.6083637196526342
39521,0.4229708832893562
39522,0.6004698346568469
39523,0.48847692301884116
39524,0.6480288223648035
39525,0.7019198415053963
39526,0.6624480457384038
39527,0.708830695859563
39528,0.4079606862463021
39529,0.3366795990407041
39530,0.17872012661033088
39531,0.4122976116574948
39532,0.4282834720498037
39533,0.24933669147946275
39534,0.15481969251811514
39535,0.6770840365743634
39536,0.37122521956515536
39537,0.6473124770716265
39538,0.735343502491888
39539,0.17136038528287081
39540,0.2285319346575732
39541,0.7015419733872956
39542,0.6947323330890651
39543,0.12815427509522734
39544,0.5674155443386243
39545,0.6153135664340076
39546,0.5150769732769018
39547,0.22784131075272954
39548,0.6454833262343334
39549,0.29012102340710183
39550,0.2673024173502347
39551,0.389860130968049
39552,0.40897356080677594
39553,0.215509599196902
39554,0.28179117137031223
39555,0.6024933495881265
39556,0.4823694624094909
39557,0.5785044507812452
39558,0.603936944314217
39559,0.17479701313150695
39560,0.6529183406512094
39561,0.8946325029487667
39562,0.6079114672043991
39563,0.13218895585938611
39564,0.23362627736200803
39565,0.4642981427188717
39566,0.19008121284196977
39567,0.2486354136199878
39568,0.2673831207185873
39569,0.6290269653938233
39570,0.5456870480972752
39571,0.36218615918115477
39572,0.7702611089483093
39573,0.3184089627696565
39574,0.41742379812794866
39575,0.7510840147780322
39576,0.49373083006225793
39577,0.27726445486434875
39578,0.350931209392242
39579,0.1395868190809505
39580,0.22421373852768478
39581,0.3689837468129719
39582,0.3992542505842485
39583,0.09787064134844894
39584,0.5852775125511982
39585,0.5217098226040353
39586,0.574131963267157
39587,0.22996280650630244
39588,0.6808451456996257
39589,0.18301264076222276
39590,0.7877635505301189
39591,0.26051565515475356
39592,0.27707161029713795
39593,0.41750397442879805
39594,0.1405406978111705
39595,0.2289146457411734
39596,0.7108021985923757
39597,0.7376270605436408
39598,0.6323712023385635
39599,0.42943803037502093
39600,0.7018203904293738
39601,0.6270061094521339
39602,0.1830043598346278
39603,0.41867640982400944
39604,0.9104964467699288
39605,0.4015923940998988
39606,0.795314673069247
39607,0.6591857944782707
39608,0.6098228458892544
39609,0.15729333200152526
39610,0.6404612467527471
39611,0.304232283766445
39612,0.2606769417733419
39613,0.4633268022457693
39614,0.19188633577659986
39615,0.6689810198499146
39616,0.6302931429762326
39617,0.37116158888524614
39618,0.3542149511490901
39619,0.32848408338515755
39620,0.19873865033322982
39621,0.5487203525243641
39622,0.27589557591522096
39623,0.34563076018877226
39624,0.598341106866535
39625,0.48804686463031977
39626,0.6008880516075
39627,0.18947987950406855
39628,0.19956104537594513
39629,0.4111502752458515
39630,0.2341956584111588
39631,0.30100416884104836
39632,0.3884273006716547
39633,0.18034754884902673
39634,0.6762538545575835
39635,0.7457399589531359
39636,0.7793622976083576
39637,0.3244548169418083
39638,0.4145214449734758
39639,0.82074753380428
39640,0.6877514683982364
39641,0.5504493494800556
39642,0.09684930532423813
39643,0.35890113199353957
