id,target
31715,0.7334718792012259
31716,0.41610948821088745
31717,0.7135479921173943
31718,0.26125525771489105
31719,0.216857466774203
31720,0.24186617787536668
31721,0.29512810660584327
31722,0.5190209777530923
31723,0.4061554874114233
31724,0.45945865639130756
31725,0.5862039845529825
31726,0.3344933250784121
31727,0.36002492978322564
31728,0.37042585528558003
31729,0.3892285939202429
31730,0.2598474992822011
31731,0.20201559108818382
31732,0.6946548784731279
31733,0.2885893340528097
31734,0.5877699224899767
31735,0.8182633085074634
31736,0.7917703793362398
31737,0.6420034061988238
31738,0.16319956420593126
31739,0.09910511211114956
31740,0.5407980890795031
31741,0.5480543105571964
31742,0.7586394394902083
31743,0.680407991835911
31744,0.9184368336459151
31745,0.19209974503563618
31746,0.4965820792483663
31747,0.848714344856691
31748,0.47716754165838465
31749,0.5030064035840188
31750,0.7679017801111764
31751,0.5776222169145646
31752,0.8578007207585898
31753,0.3035511125822172
31754,0.7578743555971712
31755,0.6713440454767587
31756,0.14984222952766496
31757,0.34597646879128513
31758,0.2012862894373011
31759,0.6445724381105526
31760,0.8827806336088576
31761,0.9290832431864543
31762,0.8169073058922807
31763,0.7383867233543322
31764,0.7792573085891845
31765,0.4392572587052296
31766,0.5674682366257738
31767,0.8694309491424203
31768,0.4443286653950532
31769,0.47897209337586044
31770,0.8613920286509169
31771,0.7989676991411847
31772,0.4295345573666277
31773,0.6199061712809919
31774,0.6035908130380759
31775,0.7962691077320045
31776,0.6449260987281592
31777,0.6130608046683965
31778,0.816022948102538
31779,0.4445803394812942
31780,0.2734729248425245
31781,0.684972482017253
31782,0.726798749391025
31783,0.2763347307641822
31784,0.47860770640740397
31785,0.5069620455683702
31786,0.5976529974259811
31787,0.4047683446624758
31788,0.4283618937613874
31789,0.7619974064912174
31790,0.9652967731719755
31791,0.6664075566899916
31792,0.8106712879578589
31793,0.9527444711108811
31794,0.7116930370667547
31795,0.6665438870206768
31796,0.76846046908952
31797,0.6414637972635885
31798,0.7602237549186507
31799,0.5494010045807413
31800,0.9377631036756586
31801,0.5840158809335207
31802,0.8147646651853662
31803,0.7498553923531878
31804,0.9056494037169057
31805,0.9107427356346098
31806,0.36724741179019227
31807,0.36061753032687266
31808,0.595683663415368
31809,0.6354395269836878
31810,0.4870940940116992
31811,0.3044382227744235
31812,0.5169082074379273
31813,0.5469073087308863
31814,0.6515172601967252
31815,0.4066814573488048
31816,0.6464181635606165
31817,0.3468439539360446
31818,0.2736317880368192
31819,0.7030778029445642
31820,0.1576451973056206
31821,0.29428309387778673
31822,0.29191250247934825
31823,0.36402303806695324
31824,0.5562429485295847
31825,0.8105153748805515
31826,0.3310032381588075
31827,0.3438332867679997
31828,0.7830833540485809
31829,0.35343091240356883
31830,0.22906362119488086
31831,0.8657340996655788
31832,0.4377266894343836
31833,0.694419092877988
31834,0.7465341383223165
31835,0.33330816341231106
31836,0.5481473455384881
31837,0.3334835640118879
31838,0.5777020448724733
31839,0.8576952727692536
31840,0.19724851403384216
31841,0.39703090008275443
31842,0.2087850815509939
31843,0.23443760531341662
31844,0.6088756518861441
31845,0.8406068728957774
31846,0.7863438200160673
31847,0.4322505155556738
31848,0.2864125414392074
31849,0.3059151865444918
31850,0.808294269020765
31851,0.08789153285151048
31852,0.24596160488854338
31853,0.22887795879710734
31854,0.1430843828976508
31855,0.4645998396989516
31856,0.4899520890344606
31857,0.0941101324524708
31858,0.7083842666237883
31859,0.5716582993625292
31860,0.7161093915522752
31861,0.4326709782618824
31862,0.8745731629128091
31863,0.8576876394523892
31864,0.5934471485221445
31865,0.7823790765291033
31866,0.17425079627639312
31867,0.7954102742335505
31868,0.36619751671213885
31869,0.4332853116558821
31870,0.10922010226755245
31871,0.10683272511636241
31872,0.607112861493819
31873,0.5734766473602503
31874,0.5952251864615583
31875,0.39944315295438343
31876,0.16969944480062873
31877,0.35801266451258174
31878,0.1869165070885834
31879,0.5115090593729785
31880,0.7389202795248027
31881,0.1483617206891081
31882,0.2972617845301061
31883,0.5061707517940338
31884,0.22503328500139785
31885,0.7554657175656145
31886,0.5670939734025532
31887,0.5237504351570467
31888,0.32248750274237936
31889,0.5969408983423352
31890,0.20524847700465584
31891,0.10847517842587225
31892,0.36796715432928756
31893,0.32032246397265773
31894,0.5910310994322628
31895,0.24807435582160345
31896,0.19948954867723995
31897,0.15817313915835104
31898,0.5157175783704747
31899,0.5866818807651744
31900,0.7143656865380161
31901,0.9454149556962735
31902,0.4974844543574858
31903,0.4222932805890495
31904,0.6133402110429673
31905,0.19335232326728782
31906,0.24193483337172458
31907,0.6578210835816498
31908,0.532355435013405
31909,0.5048206896317924
31910,0.6218564654933878
31911,0.36601671487608073
31912,0.24026086506903066
31913,0.5754978387366281
31914,0.4596148498086564
31915,0.6684329875290869
31916,0.36511556388361893
31917,0.7532984122375477
31918,0.46570589834846937
31919,0.4822111012697451
31920,0.5983234698367446
31921,0.30500183775956263
31922,0.11278286785789626
31923,0.2059012947670398
31924,0.15418408787818566
31925,0.2682989566922137
31926,0.511787321737133
31927,0.693214389725156
31928,0.5257322494658097
31929,0.3809924956489381
31930,0.6661586254291894
31931,0.37382532466762175
31932,0.23065902643277575
31933,0.5956221289928836
31934,0.10218197606998201
31935,0.501646485461967
31936,0.6515145347953187
31937,0.4197419594231267
31938,0.3761060074191846
31939,0.41302763649002316
31940,0.786723642759147
31941,0.5956068940514889
31942,0.7448832715908096
31943,0.3243655255397697
31944,0.3789460139064014
31945,0.3780047594779255
31946,0.7093934779016738
31947,0.6370465201617483
31948,0.6140158005189393
31949,0.3261110537188308
31950,0.3293270112608134
31951,0.6300519936065992
31952,0.3047003973930754
31953,0.17076358210638773
31954,0.5471352032042985
31955,0.21485778056096125
31956,0.1316365638862885
31957,0.7709921481730516
31958,0.8442215254104684
31959,0.4023028793953004
31960,0.8778332506782011
31961,0.3759808083032957
31962,0.3031911014532711
31963,0.1172596738439426
31964,0.7041747776032228
31965,0.29855378972257696
31966,0.2642082773772005
31967,0.4389218428370686
31968,0.5247150265987338
31969,0.7030207636353834
31970,0.4118851048393341
31971,0.5574441519804736
31972,0.32899416583549634
31973,0.15423650770365327
31974,0.6125863912540265
31975,0.5944262132035258
31976,0.5458673818725088
31977,0.2966091541463209
31978,0.24185542589420309
31979,0.2529542938136865
31980,0.6187463171239438
31981,0.44944206698809136
31982,0.24908261426607195
31983,0.1617346744155574
31984,0.13582928500407554
31985,0.44720232834026286
31986,0.1721834480680437
31987,0.18101169414966156
31988,0.7624064398092696
31989,0.18316981382616754
31990,0.19513975253265597
31991,0.38269808292831126
31992,0.1400711380479196
31993,0.5549992085702186
31994,0.8048050130733498
31995,0.7273379652253824
31996,0.6897119813500653
31997,0.5753890020872239
31998,0.5380291711428413
31999,0.6132343191989228
32000,0.5953334209127961
32001,0.630235095303132
32002,0.5813593460796141
32003,0.4883516427526815
32004,0.5835229584497903
32005,0.4465428384273329
32006,0.4602323317514266
32007,0.5714662212919648
32008,0.43535366716077906
32009,0.3680674888215596
32010,0.21120377956053077
32011,0.26623783888452085
32012,0.31744739948344514
32013,0.2860135091577146
32014,0.3245270510260736
32015,0.8825232380177345
32016,0.17056449502079998
32017,0.1766822353805892
32018,0.5721277577107361
32019,0.22048966887354998
32020,0.421485879702003
32021,0.22186077433163165
32022,0.5842543876401414
32023,0.5321671328671774
32024,0.571318969887624
32025,0.5712226627189952
32026,0.4756091781044436
32027,0.552765644703666
32028,0.6038855295802339
32029,0.460294396305896
32030,0.6992411701401277
32031,0.35809353324127224
32032,0.4770461091591766
32033,0.6651032219266965
32034,0.1897500631095494
32035,0.4826090071047529
32036,0.3693657689095475
32037,0.3331446603848213
32038,0.30395660557056814
32039,0.24417670304238073
32040,0.47957167061918465
32041,0.37658058402948613
32042,0.2854461127009231
32043,0.5757605605904567
32044,0.7181773860170962
32045,0.4167130350564809
32046,0.43801784346876715
32047,0.19880586407263348
32048,0.7023029445287763
32049,0.46861374108562237
32050,0.2247067888329325
32051,0.24040383611231977
32052,0.7882020303412062
32053,0.5997695850444698
32054,0.5690265328963144
32055,0.29320332202329163
32056,0.8862888705180186
32057,0.5219232435435992
32058,0.4469663210188667
32059,0.3917075770904717
32060,0.8202666558890092
32061,0.5184992570610448
32062,0.6344639228420322
32063,0.7504088981280113
32064,0.5209178287298122
32065,0.5647826234029364
32066,0.6853809591650376
32067,0.5698145919093711
32068,0.7643950865942372
32069,0.1328437328234879
32070,0.4486269974520745
32071,0.5660017514017524
32072,0.21554920914167086
32073,0.42464980147348785
32074,0.45861962790048355
32075,0.2544410210665595
32076,0.6798525529636952
32077,0.5310926438274627
32078,0.37946195353410234
32079,0.45204032993359955
32080,0.413427509839431
32081,0.42394132624647674
32082,0.46354318882755197
32083,0.2910509930428771
32084,0.18784918800823847
32085,0.478317924542341
32086,0.7815608725083641
32087,0.32963775937553746
32088,0.3760056857848597
32089,0.77686804685331
32090,0.5363241646530182
32091,0.3582948051492733
32092,0.26305430847501127
32093,0.8908246398072662
32094,0.23446459834181507
32095,0.5422201276196695
32096,0.4966523893493943
32097,0.1985806196916155
32098,0.36442032914330097
32099,0.36315266909321947
32100,0.521800486800627
32101,0.9022173709466151
32102,0.22283849308557077
32103,0.6013329914487324
32104,0.18804967712741594
32105,0.269534272687308
32106,0.32917601862739243
32107,0.46686127202391664
32108,0.7533547092216321
32109,0.24923519071009753
32110,0.18369295859463822
32111,0.3357908106482793
32112,0.24554268383804434
32113,0.6041392469643081
32114,0.23516994589827514
32115,0.40404571954794005
32116,0.5662336744842679
32117,0.36958222193415957
32118,0.49160588904229524
32119,0.1950087297723378
32120,0.6151296354772932
32121,0.35860912656236915
32122,0.6690868505491067
32123,0.714722430520211
32124,0.5221203049834658
32125,0.5498249833406765
32126,0.2666323592429499
32127,0.5309173777335225
32128,0.3588637693837259
32129,0.41016499038600673
32130,0.6864142606201667
32131,0.46068519574470745
32132,0.6557232344149435
32133,0.45522156724780377
32134,0.6540148870373832
32135,0.4593309837817897
32136,0.5400909564890084
32137,0.4795077343597138
32138,0.42138560077966936
32139,0.6203952417448677
32140,0.5680470460038702
32141,0.6257844977691205
32142,0.778085264701533
32143,0.7378187498273708
32144,0.34327445339543217
32145,0.11831933789596755
32146,0.3857810075202349
32147,0.5693628442036763
32148,0.16484194596203605
32149,0.7877242905531145
32150,0.6372689907818706
32151,0.6266294230719528
32152,0.16824728420818819
32153,0.47237318025148317
32154,0.6492069347005065
32155,0.3380361088340289
32156,0.30063533211268884
32157,0.2463004048971611
32158,0.37629151155307616
32159,0.8183647953737511
32160,0.8391779597778234
32161,0.5522522726051914
32162,0.422391850975515
32163,0.2652415866338948
32164,0.5539788133857846
32165,0.523340418330732
32166,0.5637662901757224
32167,0.5081126013783646
32168,0.887300724361334
32169,0.4564489503343686
32170,0.5947997379486606
32171,0.3025508680988568
32172,0.68231032327984
32173,0.2098058330623171
32174,0.4410945170683647
32175,0.7006681060014844
32176,0.773732921425127
32177,0.290782665287087
32178,0.6107859419807579
32179,0.45318234010259817
32180,0.7302698354930848
32181,0.8757545677226618
32182,0.8832891119076238
32183,0.895744847521279
32184,0.5464241292866197
32185,0.8559478816055769
32186,0.779419414141437
32187,0.5920300011521618
32188,0.5640122932392224
32189,0.8915620667276838
32190,0.8684115413228353
32191,0.8117843256694461
32192,0.6795821160953079
32193,0.7825575985280068
32194,0.82137175633551
32195,0.8765062301574302
32196,0.5049189266341645
32197,0.5694139239517491
32198,0.5403680454464426
32199,0.8395672900477539
32200,0.7527871382100596
32201,0.6917516663910708
32202,0.8080329547229788
32203,0.7946900535729112
32204,0.2713865921311294
32205,0.4716611548391032
32206,0.6410851237921749
32207,0.23895889752659408
32208,0.5237647562240031
32209,0.5583546218298915
32210,0.5111621692755577
32211,0.6213290552692117
32212,0.6821522717645905
32213,0.6781886677710174
32214,0.921392626924044
32215,0.8290235132440199
32216,0.31166553502552086
32217,0.7966452804442339
32218,0.15953912135736265
32219,0.6558624103196716
32220,0.48412134779687405
32221,0.7605958024429942
32222,0.5324221189712945
32223,0.33737805037298624
32224,0.648568953687349
32225,0.7026065276597021
32226,0.8479254910540257
32227,0.9134461388520403
32228,0.5875785906416577
32229,0.7154231115300009
32230,0.6982301209440148
32231,0.4278135804764641
32232,0.4494829286812184
32233,0.9597376870822689
32234,0.7952282273839427
32235,0.8074778371113339
32236,0.9349438005445788
32237,0.6768446740377705
32238,0.5536657313633632
32239,0.44748186186992506
32240,0.8948688054106584
32241,0.45933981169581845
32242,0.5301958375028363
32243,0.6938612169459065
32244,0.7829844980608007
32245,0.5163868761020928
32246,0.6209932699494031
32247,0.28041073236870034
32248,0.48499051863560755
32249,0.6830768048266039
32250,0.7154710021628309
32251,0.8378063646099098
32252,0.6924777681468365
32253,0.2572467069643895
32254,0.22488911119156094
32255,0.36577274547706573
32256,0.2543617096549628
32257,0.6789142770752647
32258,0.6704317919890727
32259,0.7451347503558202
32260,0.3894297912502901
32261,0.2285952542363465
32262,0.5341843114540786
32263,0.6532767745722552
32264,0.43005788475544743
32265,0.10445816776637766
32266,0.6180082787800767
32267,0.8204288189372873
32268,0.7806872864231404
32269,0.8657725502763304
32270,0.3241905557659893
32271,0.680704750064123
32272,0.5027037106638397
32273,0.6286481769460213
32274,0.5863436026197352
32275,0.5860358403945571
32276,0.3909084801212956
32277,0.7117198886878365
32278,0.5158141409632119
32279,0.5760275606451055
32280,0.7329908091277814
32281,0.43446535634788525
32282,0.11755695318762309
32283,0.20891373108870917
32284,0.769571500072528
32285,0.6617194595426436
32286,0.45986905937592787
32287,0.4646051235476793
32288,0.3791134073760466
32289,0.6953230851980386
32290,0.3204719963194966
32291,0.42945638363924643
32292,0.20215889229469408
32293,0.4345555348721042
32294,0.4197722241961687
32295,0.6136872025517353
32296,0.5649236080821274
32297,0.5258368497647616
32298,0.4095899689727393
32299,0.7879404286826632
32300,0.3139965099748165
32301,0.28767258237286064
32302,0.33986056695578243
32303,0.2148646158231531
32304,0.7751494569588323
32305,0.7113948802827206
32306,0.4498187111911805
32307,0.29991909678636935
32308,0.7684478865479718
32309,0.5074425859824057
32310,0.5907612511375435
32311,0.19789268383534145
32312,0.6542776690295936
32313,0.6236103329682501
32314,0.7281850527727783
32315,0.13517329106542977
32316,0.3527923555555055
32317,0.3309031160262
32318,0.6332351975878865
32319,0.1665361900449164
32320,0.29522460825694835
32321,0.17020583752144436
32322,0.26141542658282174
32323,0.5066232539382787
32324,0.2867939140645254
32325,0.9203138845787103
32326,0.6584905005742834
32327,0.4510802497779342
32328,0.5613495244146087
32329,0.5233209953119918
32330,0.3406036110858936
32331,0.5769311491051445
32332,0.821904980237009
32333,0.4053220793882683
32334,0.5640227078356586
32335,0.5177895201279208
32336,0.8473126380967702
32337,0.7915132023827075
32338,0.8142432353085108
32339,0.3518107016056798
32340,0.44770367833262936
32341,0.6758962104323769
32342,0.5437755769615068
32343,0.6768319210255583
32344,0.8035054207961733
32345,0.5213932886396022
32346,0.7860737034519462
32347,0.5428766413124242
32348,0.6230211518892177
32349,0.85265349079573
32350,0.7546130874618806
32351,0.8343224169875427
32352,0.7285564990238473
32353,0.7491272671013718
32354,0.5796039673600539
32355,0.213246102733144
32356,0.6185251187893832
32357,0.5752364854068382
32358,0.8051669086651987
32359,0.3863137479820403
32360,0.34170671690696025
32361,0.6773645397586645
32362,0.7453074192496055
32363,0.40443504127308194
32364,0.5233193126788587
32365,0.8928524816213255
32366,0.48553794275114476
32367,0.35149472587228525
32368,0.582529900746831
32369,0.4576546640951742
32370,0.7603576975491297
32371,0.7346605845665446
32372,0.7328768975685729
32373,0.5372435951651036
32374,0.8333153328281718
32375,0.7093003855688268
32376,0.7038164894972326
32377,0.6263685032152485
32378,0.7298653205860263
32379,0.7721560219267156
32380,0.28422896742276216
32381,0.16018092137771597
32382,0.6872684216349406
32383,0.3308797981223264
32384,0.7444890833884856
32385,0.29004726826212357
32386,0.22788493800714923
32387,0.36783572987601165
32388,0.5576759832017641
32389,0.2821042106209585
32390,0.26080877781021977
32391,0.16289969752757613
32392,0.5998085235237285
32393,0.48760569537491893
32394,0.43218812840981075
32395,0.6971641910652329
32396,0.17844898628058614
32397,0.4723771356455212
32398,0.18266315281394874
32399,0.3844533093206924
32400,0.5786361446418947
32401,0.39125569533833615
32402,0.7349965527635339
32403,0.5338354241881125
32404,0.704461584675965
32405,0.7447896907121894
32406,0.6406766018434508
32407,0.38600078557377426
32408,0.8816451463825887
32409,0.698535843199144
32410,0.7165470391374993
32411,0.6786822074887646
32412,0.6723004918115297
32413,0.6352041623633301
32414,0.2679195721502235
32415,0.6576559727597054
32416,0.7971478610382857
32417,0.6076296596306364
32418,0.6458824562149201
32419,0.29688826906162835
32420,0.41009034077985307
32421,0.5975517523056041
32422,0.5673889749248867
32423,0.7283390362417576
32424,0.733835192020229
32425,0.5840336694181247
32426,0.7372614796573476
32427,0.6920419549216331
32428,0.6709164319067192
32429,0.5310770548879892
32430,0.21572166916594968
32431,0.29234301559394316
32432,0.6757576934238466
32433,0.7623589125036794
32434,0.40146527919292724
32435,0.855032714911484
32436,0.8042484600385648
32437,0.4458577066521627
32438,0.37085756010416004
32439,0.5325578580757755
32440,0.3654679463369278
32441,0.21788464432539098
32442,0.5770287334297601
32443,0.21019825679673873
32444,0.7465563795365083
32445,0.7317013161056105
32446,0.27192236706246464
32447,0.1428442153209641
32448,0.37180245133839374
32449,0.5136555035129651
32450,0.3800431982239091
32451,0.631426412367436
32452,0.5395487957819795
32453,0.9057579922308727
32454,0.6949973372827957
32455,0.4585951290141077
32456,0.8338545748454453
32457,0.8651446045059659
32458,0.7800006594551413
32459,0.14334081303299165
32460,0.5776975876398711
32461,0.4438645976217123
32462,0.5072803717279148
32463,0.14685312643945234
32464,0.443220488250872
32465,0.2949369664257048
32466,0.1491043837032254
32467,0.15322645997990836
32468,0.5881987823871717
32469,0.20626845043320957
32470,0.26113075287328247
32471,0.4741318079583543
32472,0.3558692347360367
32473,0.7895389223911565
32474,0.20774063958250827
32475,0.1589828785616582
32476,0.17345858407466852
32477,0.18327168612790382
32478,0.2848612096316926
32479,0.6349049278825929
32480,0.20749120978971616
32481,0.7120738786400835
32482,0.3192148354903073
32483,0.7470202453914163
32484,0.2804674099082628
32485,0.1524652538130872
32486,0.2136320216233655
32487,0.25769945414775797
32488,0.5074498314033287
32489,0.3676224007704817
32490,0.2631005384088365
32491,0.5402484624908259
32492,0.19406420935035634
32493,0.6477239526144133
32494,0.689716852324597
32495,0.6966690153457534
32496,0.4215702225730271
32497,0.29817491920205746
32498,0.11389798533996774
32499,0.11003826865786755
32500,0.26188627179022517
32501,0.2055216478911518
32502,0.2906942894352805
32503,0.9296386156790398
32504,0.6409678936420411
32505,0.5974186529948656
32506,0.4674811826095437
32507,0.3295293884370707
32508,0.6065454441144715
32509,0.4301209394454987
32510,0.6389287261004328
32511,0.7173662078333404
32512,0.8961115245510787
32513,0.268802545828104
32514,0.8826216686243106
32515,0.32985097846641465
32516,0.22285012658443787
32517,0.3305933848817232
32518,0.7264924636714549
32519,0.5598887465754856
32520,0.8208572551968343
32521,0.7745679517082313
32522,0.4713540084930419
32523,0.8073123615799264
32524,0.4086612843364756
32525,0.7847272701843608
32526,0.5891068045078726
32527,0.17975740691656045
32528,0.25123171115952914
32529,0.4879690317978407
32530,0.6754897808543435
32531,0.19449466108216462
32532,0.28977456197126317
32533,0.735165368940968
32534,0.7524057604101162
32535,0.7462836044478727
32536,0.43989440284645676
32537,0.7430824320997288
32538,0.27077462400902985
32539,0.5349524769998467
32540,0.760089915170805
32541,0.5529784851987071
32542,0.7768224741267418
32543,0.5068330349835329
32544,0.8208167844340101
32545,0.6493617304180243
32546,0.32788556946856795
32547,0.2455549753845018
32548,0.23497759612219596
32549,0.7680428794890495
32550,0.17864000610996802
32551,0.49906049295021426
32552,0.26057670829730367
32553,0.14271045829850504
32554,0.4986742976586703
32555,0.3141545887349726
32556,0.6933954990455005
32557,0.13265343281606554
32558,0.38273557781375384
32559,0.2448997300564387
32560,0.19263553311978443
32561,0.6058940106374214
32562,0.18636463397051214
32563,0.6050221103786585
32564,0.6509663063660897
32565,0.7152619696348036
32566,0.31486716040608326
32567,0.37017781567250474
32568,0.2944056794543519
32569,0.3836884872737036
32570,0.17907478055990464
32571,0.2892436166210141
32572,0.17255234623448543
32573,0.8254627636641245
32574,0.314445521301957
32575,0.20480952982115433
32576,0.5370900394979548
32577,0.45556019935243597
32578,0.3283307928219631
32579,0.35527234505592653
32580,0.564904915572271
32581,0.2085481507632964
32582,0.8682841940150954
32583,0.4911171001871428
32584,0.2080084932774083
32585,0.148695823726271
32586,0.26833766391656017
32587,0.24466157443739855
32588,0.7274203669572383
32589,0.3620671166913098
32590,0.4749666403656682
32591,0.6831017465972142
32592,0.4435822078318354
32593,0.6409252961877365
32594,0.8557211245964058
32595,0.5465412155766922
32596,0.23562317070654246
32597,0.669305579540655
32598,0.3874126738415818
32599,0.3341605848282331
32600,0.7126797218037858
32601,0.6631332789069527
32602,0.6126688203197543
32603,0.20391733794096736
32604,0.2918767465086096
32605,0.27694511621876367
32606,0.600112161808689
32607,0.6445399998506712
32608,0.5123841664143641
32609,0.7067598613787021
32610,0.4591428436947447
32611,0.27108825371334644
32612,0.8256991620988976
32613,0.4417772001746019
32614,0.2789729696058751
32615,0.817002927114558
32616,0.897233023672259
32617,0.37173883525112544
32618,0.11517208107008131
32619,0.2934496498336802
32620,0.7717482669076079
32621,0.3796251621161654
32622,0.417187286532348
32623,0.4498391707243225
32624,0.3829418996746963
32625,0.10826129302359544
32626,0.6523305878778574
32627,0.23465063481564477
32628,0.23925394981236642
32629,0.3825125623481551
32630,0.5264840960957399
32631,0.7454260871767294
32632,0.26109375331267726
32633,0.8002047918083686
32634,0.7894235945812177
32635,0.7113095672572906
32636,0.7692974094596403
32637,0.8289073869792256
32638,0.728809816208955
32639,0.7187059884653707
32640,0.26339351948333645
32641,0.6088900924341236
32642,0.5298256007100853
32643,0.31057305795084283
32644,0.772217021250471
32645,0.25303448787073807
32646,0.8270423653566812
32647,0.6390182976155472
32648,0.6638744130869895
32649,0.6880755854042385
32650,0.24907515970855776
32651,0.5136509436035485
32652,0.6583590184984218
32653,0.43038499769881616
32654,0.6344062231922959
32655,0.1867106142185005
32656,0.35464578496837196
32657,0.6229012593954351
32658,0.19468649712566882
32659,0.432747080202742
32660,0.8941475480458602
32661,0.8363060976766673
32662,0.9164445510911072
32663,0.6225658250178987
32664,0.7274698153355096
32665,0.7717720755956267
32666,0.32529084106528317
32667,0.7282185507074653
32668,0.859013296733149
32669,0.6627606615130159
32670,0.7143482542363769
32671,0.7366063189348274
32672,0.7512167259011286
32673,0.4850874203671831
32674,0.397169210411873
32675,0.44532817390885504
32676,0.5176801727338005
32677,0.6926599334038227
32678,0.5200065681200488
32679,0.4000820472384282
32680,0.3669257524565416
32681,0.6521854272559953
32682,0.6858529853223314
32683,0.797166469842443
32684,0.8962903004415813
32685,0.8272007399280277
32686,0.601085184224394
32687,0.849879070585271
32688,0.22825268979732008
32689,0.8093226376523811
32690,0.3329643824361657
32691,0.656808983664526
32692,0.5620221688251767
32693,0.8249861873806346
32694,0.8433989497590083
32695,0.30670656962771736
32696,0.4676571753629597
32697,0.9574424465242505
32698,0.8152767647219421
32699,0.37003185382777953
32700,0.43650798049160594
32701,0.833103457461469
32702,0.2862580187091112
32703,0.6716878649824638
32704,0.6968347934060254
32705,0.7402297796521043
32706,0.6857565018645881
32707,0.7013834698888396
32708,0.6674642403864202
32709,0.8056256913457738
32710,0.700142801050515
32711,0.7644726600293701
32712,0.6499979518904971
32713,0.7956390210978663
32714,0.31350645026317575
32715,0.9686890220705411
32716,0.6976456696757483
32717,0.31938487574487806
32718,0.7650298413209315
32719,0.4549332704250296
32720,0.774681183155736
32721,0.21185462469251876
32722,0.4036378086058024
32723,0.18722105845780326
32724,0.21531513494578616
32725,0.3736259283631445
32726,0.6719114463463186
32727,0.5390962025060612
32728,0.5125604063195331
32729,0.371396983804586
32730,0.5598404338262419
32731,0.5085251562381932
32732,0.8935601539520679
32733,0.595333773459575
32734,0.6842752394364537
32735,0.4978500120357981
32736,0.8796651200656875
32737,0.40292485313084475
32738,0.3611887729077061
32739,0.5773349668459044
32740,0.255447558857686
32741,0.3948896338484149
32742,0.516919138523305
32743,0.5663222273798257
32744,0.6891442921462833
32745,0.6861190347211431
32746,0.6453445347167076
32747,0.21487523212940715
32748,0.3957136618688716
32749,0.7014804167062682
32750,0.8369451716604581
32751,0.14765583571845634
32752,0.187420328671321
32753,0.16574700243388873
32754,0.5113644353352332
32755,0.4548085073056534
32756,0.7383021527603663
32757,0.751780070659715
32758,0.3649470209529307
32759,0.2841986226881257
32760,0.4354943098922572
32761,0.6047844539853794
32762,0.5358087930161007
32763,0.316096951415036
32764,0.4633280244728652
32765,0.08195997690946684
32766,0.733133569329509
32767,0.684103213699462
32768,0.532380285984374
32769,0.5917067200062561
32770,0.7016773851187548
32771,0.44909278075017794
32772,0.6055052511883783
32773,0.4511696498640717
32774,0.36864127659805035
32775,0.23886318819252442
32776,0.4407636174092632
32777,0.7218763045962343
32778,0.5277219756692602
32779,0.5422026604234573
32780,0.57734275616245
32781,0.48836761981264676
32782,0.5424977125439767
32783,0.6740324150444014
32784,0.5104856065154232
32785,0.6491397661462054
32786,0.30286803403610824
32787,0.2742614236767712
32788,0.3681378016240906
32789,0.6360642639200086
32790,0.21827452758627885
32791,0.1545866409991407
32792,0.3218413930933566
32793,0.706046487882724
32794,0.14163357433399143
32795,0.8418217235368193
32796,0.6557502112188549
32797,0.2716041010247612
32798,0.4312144982941581
32799,0.5733033690070848
32800,0.8432694816203151
32801,0.28920182893845664
32802,0.21630669135824215
32803,0.33828198065293247
32804,0.7500894803247915
32805,0.6657964783378261
32806,0.9212990113344481
32807,0.6324403954677683
32808,0.3660429171166092
32809,0.35445044571698875
32810,0.32403285764512113
32811,0.7052572060586011
32812,0.7167141900297804
32813,0.2779144200194497
32814,0.22934919753864386
32815,0.5114591866490987
32816,0.2648541455389838
32817,0.505007553726723
32818,0.791477176439355
32819,0.31596086764023523
32820,0.30515931080490794
32821,0.7255555852037505
32822,0.9081205214266724
32823,0.8479673729043107
32824,0.6271638972719755
32825,0.20914081127207704
32826,0.24813253526677012
32827,0.7411674309754536
32828,0.26204339877964233
32829,0.5239170572007384
32830,0.2266545461021212
32831,0.4725335436726406
32832,0.3588812548461238
32833,0.35614326016159736
32834,0.6771014692313029
32835,0.4691088355209214
32836,0.34342587828754206
32837,0.06638646945435121
32838,0.7627684143552138
32839,0.6951844747637844
32840,0.5580747499908734
32841,0.40614209687471536
32842,0.5467075845999066
32843,0.2803509762659201
32844,0.6473758712337725
32845,0.5404873597071435
32846,0.2526917849516104
32847,0.3004500723904634
32848,0.594521065625796
32849,0.6387140882705115
32850,0.1517152468650841
32851,0.6525971906612211
32852,0.3378362955126397
32853,0.5497519094303706
32854,0.30019704833332206
32855,0.23386138341560206
32856,0.2392759491425145
32857,0.27674787061241785
32858,0.702300633148515
32859,0.24147599760111163
32860,0.47385988223588466
32861,0.4204542300705049
32862,0.44498290109610894
32863,0.6774208228087701
32864,0.24978874046593463
32865,0.7008604773265539
32866,0.11025277064344056
32867,0.08692653999520067
32868,0.33460277059169646
32869,0.39184183797215016
32870,0.8665496317930552
32871,0.7154787341201346
32872,0.17352450756068696
32873,0.4829125176838882
32874,0.4501793948302758
32875,0.6362053984494837
32876,0.5350712634244973
32877,0.1993859702529101
32878,0.6169484205756776
32879,0.6527703763999323
32880,0.541675016537467
32881,0.26747327078923844
32882,0.6484680618054963
32883,0.37558582750000064
32884,0.599459861170727
32885,0.23705978388873628
32886,0.6124802647495636
32887,0.2209661900912199
32888,0.14634369203202727
32889,0.6420279805877057
32890,0.40503535994456746
32891,0.571314870073937
32892,0.8644435884033987
32893,0.1378846713492922
32894,0.2338830308754771
32895,0.47986605108910196
32896,0.181242135236566
32897,0.27426392312127323
32898,0.6051074886620449
32899,0.4378409943121739
32900,0.10746370031477923
32901,0.6272073200423589
32902,0.7867285529913377
32903,0.8432742333509453
32904,0.8564906849359599
32905,0.5948744530387655
32906,0.8780137257936134
32907,0.7226030697535384
32908,0.8060632734685069
32909,0.3398728533832938
32910,0.11927137967708219
32911,0.5183284727101666
32912,0.30554396148072555
32913,0.7548148471135645
32914,0.3844472409509412
32915,0.4698800983033811
32916,0.16389874974773744
32917,0.6916964567302235
32918,0.27514457080047006
32919,0.38776189628208985
32920,0.9053641800126871
32921,0.3207336035283548
32922,0.44178314848205635
32923,0.7373145885120627
32924,0.4015733223313398
32925,0.14443403481311243
32926,0.13689334070366715
32927,0.1597495787814892
32928,0.27016515181884004
32929,0.455943043409291
32930,0.8342303033831134
32931,0.7859382176692145
32932,0.4474310151345862
32933,0.27380264549563293
32934,0.33260768564158005
32935,0.2432606133601009
32936,0.13098697458737218
32937,0.6817893373603074
32938,0.25785654636294403
32939,0.3241149336596244
32940,0.7213838348346537
32941,0.5504264356590932
32942,0.5687612727882029
32943,0.11087301894192152
32944,0.2603624463305279
32945,0.5689286484024147
32946,0.6785227424160747
32947,0.8282228774543801
32948,0.5975463039813284
32949,0.48254814434481286
32950,0.3293632681263969
32951,0.6736823579590169
32952,0.26462590610632275
32953,0.1797374310296208
32954,0.6249954848607476
32955,0.6833157005849538
32956,0.5569807848061904
32957,0.8798917174625916
32958,0.5860053826983257
32959,0.3889776325700037
32960,0.1708791164566613
32961,0.5616676627196494
32962,0.7584148712447961
32963,0.44214602119159935
32964,0.531580384614918
32965,0.5961443147945978
32966,0.4472040236531127
32967,0.23086261546748008
32968,0.7127729793528245
32969,0.3339144641621067
32970,0.8080182204358475
32971,0.589057726871364
32972,0.44615050403313466
32973,0.32271655076522016
32974,0.8692130293123828
32975,0.2995138388061929
32976,0.5533468410482509
32977,0.27201877319995676
32978,0.32923906810535064
32979,0.8397359286786603
32980,0.5704852877162857
32981,0.34591001898289403
32982,0.13493538836392072
32983,0.793984465265117
32984,0.8211671732660469
32985,0.7041158608087225
32986,0.7065737654285562
32987,0.1986715447814645
32988,0.1738783973276314
32989,0.5640134107655158
32990,0.310488269899608
32991,0.24731597432250818
32992,0.5074136350678535
32993,0.6093536649994901
32994,0.48948652301766993
32995,0.24451789324717949
32996,0.35540750531892695
32997,0.19361402055902036
32998,0.8355199500219248
32999,0.2029522233455268
33000,0.6930906280094654
33001,0.6824323333032234
33002,0.34191800263889116
33003,0.33726401383588034
33004,0.23542626191100446
33005,0.2513948390812677
33006,0.1955578222912334
33007,0.09389942798105058
33008,0.4362195392020704
33009,0.7227601401505036
33010,0.364269641969396
33011,0.6702298583753699
33012,0.5044331217021546
33013,0.1447428187344125
33014,0.42499938602734033
33015,0.407157888659877
33016,0.24838284736800614
33017,0.6195197704572457
33018,0.8419096750325769
33019,0.20478710948011605
33020,0.26015134407181323
33021,0.09512178660418799
33022,0.15762153934529693
33023,0.7981275987653059
33024,0.2006443478085474
33025,0.746232637116112
33026,0.29436066137579814
33027,0.613664006245521
33028,0.45791474158207734
33029,0.6480832311965409
33030,0.6643085810925362
33031,0.26263013683550473
33032,0.5824248190808305
33033,0.7189660525398335
33034,0.2810805643465615
33035,0.45261682383517976
33036,0.734057815955552
33037,0.33851256421261894
33038,0.3601155823860348
33039,0.4234950809257383
33040,0.1616035065669317
33041,0.7875565905846337
33042,0.6938032388811265
33043,0.18308932704646766
33044,0.42371395524727423
33045,0.3517951603349234
33046,0.3483652248173498
33047,0.5781523887022669
33048,0.830744259565554
33049,0.7525220347337598
33050,0.5967290379594551
33051,0.9074904491475487
33052,0.6101068599402056
33053,0.7104539486829008
33054,0.16793344360184215
33055,0.3206465095090983
33056,0.4036858934668855
33057,0.4600586199925369
33058,0.7473893426727518
33059,0.41691766443488837
33060,0.787412327214285
33061,0.6475315562530287
33062,0.5189444662395677
33063,0.7117039918486584
33064,0.6180387820571032
33065,0.28118720467891534
33066,0.634700546400677
33067,0.5899772882344212
33068,0.40985274815500256
33069,0.6983091004278639
33070,0.2712568920855702
33071,0.3436601896415772
33072,0.5611533390768817
33073,0.25871943303460326
33074,0.3300787360337523
33075,0.7072945922683103
33076,0.4884026416426092
33077,0.2582581744991986
33078,0.3689134778875786
33079,0.20286968972014058
33080,0.9378211907803803
33081,0.8263278608632061
33082,0.6302423110239838
33083,0.7458913381955304
33084,0.605801904332442
33085,0.8797077304432442
33086,0.4120663354047184
33087,0.5347475450721841
33088,0.29797744249091734
33089,0.829900532516477
33090,0.8874491267154988
33091,0.5727348811469505
33092,0.8156930946642015
33093,0.3679101974125153
33094,0.849500318286821
33095,0.4097778091520659
33096,0.9043564624659162
33097,0.8756777828478576
33098,0.31281701545254537
33099,0.7609608461090362
33100,0.6097442147503332
33101,0.9030323185719366
33102,0.5974587980432504
33103,0.7494787481455211
33104,0.6449354943794718
33105,0.25423923462845804
33106,0.6414931518351131
33107,0.5112798757828179
33108,0.7634656269050581
33109,0.6989322394006264
33110,0.21987212004311787
33111,0.5545699759072438
33112,0.8272030081236867
33113,0.8834473367758868
33114,0.42686843648917344
33115,0.944915792965729
33116,0.3610320445785893
33117,0.8278079042193978
33118,0.29953076720707794
33119,0.34807102935674555
33120,0.5373400260245611
33121,0.49008820450801416
33122,0.7124599385206285
33123,0.7413737894026124
33124,0.7088285425042583
33125,0.6482241997162825
33126,0.5716449711531628
33127,0.8508670768131633
33128,0.504079522903727
33129,0.5428002200796631
33130,0.9285189814691867
33131,0.5706082070718715
33132,0.606731257305549
33133,0.5342903727654427
33134,0.6927576579729494
33135,0.5993594107477178
33136,0.8796688124927903
33137,0.300038482227983
33138,0.8745158500982695
33139,0.5528339328700906
33140,0.857415843599672
33141,0.6246405664606678
33142,0.9304291351762911
33143,0.6798936484581254
33144,0.3110735240250544
33145,0.8198359076284041
33146,0.3142942651519865
33147,0.6429814556501094
33148,0.19413684259919942
33149,0.33066519940048855
33150,0.18132333499178593
33151,0.4404655341750022
33152,0.2283963955946862
33153,0.3374762623201838
33154,0.4829998841544349
33155,0.542447346071302
33156,0.4787567810844854
33157,0.49861597585643763
33158,0.667234767584575
33159,0.504532820495785
33160,0.27897401063132876
33161,0.4923672985449872
33162,0.3936988114030721
33163,0.41776156212508414
33164,0.6228380797179806
33165,0.38796381958138926
33166,0.4596083656393007
33167,0.5827041529072147
33168,0.25154994172259343
33169,0.2994383212193423
33170,0.3598904030844224
33171,0.6218951673986223
33172,0.2045726354148804
33173,0.2730495888916679
33174,0.3935348464410133
33175,0.32021314548085494
33176,0.4717377958549261
33177,0.7989587119722112
33178,0.19436469591027683
33179,0.46164102514585625
33180,0.5413332319101098
33181,0.4585240451459259
33182,0.6353808279623492
33183,0.220709356837157
33184,0.7616455983114747
33185,0.5369293256232979
33186,0.9303394432123787
33187,0.6182609736193434
33188,0.4720625464184335
33189,0.42707891335450754
33190,0.17129562203125187
33191,0.4136659679703685
33192,0.758585585302106
33193,0.2611000470515907
33194,0.4580489954815974
33195,0.16163099360334282
33196,0.7403520670415107
33197,0.28491096426860263
33198,0.6418558357537807
33199,0.57120144892697
33200,0.2700491731232108
33201,0.6044184218582098
33202,0.24644217283933814
33203,0.7141534533403604
33204,0.7417171880883371
33205,0.3937165134140984
33206,0.3393749256186035
33207,0.8221511267504312
33208,0.5717128519234227
33209,0.37329213216727847
33210,0.12556616148413763
33211,0.5261936196444371
33212,0.7303459114559492
33213,0.22517856331375258
33214,0.5780750343329725
33215,0.27935420299695707
33216,0.46042241153078073
33217,0.6804847098396691
33218,0.6451754961549208
33219,0.5758743822474058
33220,0.33291622877422483
33221,0.6147100290570761
33222,0.8049612369668847
33223,0.7232754599572385
33224,0.8945439697599499
33225,0.15592682055614396
33226,0.17164212088221592
33227,0.20453583864928826
33228,0.5330177804696624
33229,0.39156384973722974
33230,0.22585208504734205
33231,0.5688520069603439
33232,0.5483914528422958
33233,0.7307398914031549
33234,0.6205366491166152
33235,0.3507817379012398
33236,0.2656285407837251
33237,0.3401911218694425
33238,0.7747958969473472
33239,0.2363513169284246
33240,0.6025120637972292
33241,0.40981385822181343
33242,0.2500862111748129
33243,0.7112621489173261
33244,0.6943727696627129
33245,0.7469653370090419
33246,0.7786865307447036
33247,0.624773749959116
33248,0.7353229611453608
33249,0.48060905021890826
33250,0.26421146775477955
33251,0.2576818957969294
33252,0.33189205994247406
33253,0.26257649141044964
33254,0.5704535213694619
33255,0.20867813947641536
33256,0.7941813019159514
33257,0.4969601155660892
33258,0.6582794033631083
33259,0.3895557208790104
33260,0.6404522793423398
33261,0.4933293252442611
33262,0.3324575480546962
33263,0.3702749819052331
33264,0.21401030839745616
33265,0.6195264730972482
33266,0.3832084687995193
33267,0.7738894181427421
33268,0.19391509327911008
33269,0.36713502559110595
33270,0.5958337509768795
33271,0.5004116070695424
33272,0.38819116022352723
33273,0.7096814375407807
33274,0.22461194200144574
33275,0.3427463051402142
33276,0.6261553036598864
33277,0.7495820251547484
33278,0.3785045316787107
33279,0.3102672952877999
33280,0.40646711956954273
33281,0.8756249970593005
33282,0.49168443479619983
33283,0.550014848540554
33284,0.25462588873135117
33285,0.3234364479688245
33286,0.5987567867197441
33287,0.6929307401845967
33288,0.4745894715528728
33289,0.20244610744531433
33290,0.4624599086031785
33291,0.371019680949907
33292,0.6096474883973213
33293,0.6344274520259218
33294,0.36264253471780145
33295,0.47305433842217354
33296,0.28609304507746425
33297,0.1545116676843883
33298,0.8495237349162087
33299,0.2703736502893029
33300,0.4100624189921716
33301,0.7404234210502242
33302,0.5445918928740372
33303,0.29165949689265136
33304,0.5166238121946523
33305,0.7891122587228228
33306,0.7417342094920463
33307,0.7633976108180799
33308,0.5918208189626737
33309,0.818810295674826
33310,0.5409464439664415
33311,0.4398665847464331
33312,0.295827986710322
33313,0.1994178210365151
33314,0.7831066565105513
33315,0.6088012549777385
33316,0.5602898890371555
33317,0.7278521212750901
33318,0.28724748283934937
33319,0.3412234503685709
33320,0.5176421493648684
33321,0.3946258851422612
33322,0.23435041299731774
33323,0.6367699975881598
33324,0.27172232519806955
33325,0.2176761200575729
33326,0.5882554815528578
33327,0.7046904323137888
33328,0.36477227247386385
33329,0.266733434736444
33330,0.6855025225935746
33331,0.21532030274042593
33332,0.13573226066541735
33333,0.25169506087187127
33334,0.7470864329926066
33335,0.47018339258759334
33336,0.5608788448130386
33337,0.7607262581950911
33338,0.3194557005312344
33339,0.7168582097244582
33340,0.45808109628468674
33341,0.825773025624962
33342,0.7557711319217827
33343,0.3331220665935312
33344,0.5434076604029777
33345,0.48443943858070615
33346,0.6019293634057127
33347,0.7654929133786407
33348,0.23859620235158727
33349,0.40313190531044685
33350,0.6880507357382769
33351,0.6587590868966429
33352,0.11816382688912302
33353,0.15647222563923577
33354,0.22929852636694137
33355,0.4085201880233366
33356,0.5999910295916092
33357,0.4600893554488833
33358,0.7320455673354418
33359,0.4781912131212665
33360,0.2555860105706659
33361,0.6023327650135918
33362,0.6849584073343435
33363,0.2232021152842791
33364,0.1485992788165813
33365,0.30191796887659567
33366,0.5706335422936947
33367,0.1578896187958671
33368,0.3616915945450196
33369,0.6659350487643418
33370,0.43168041622217834
33371,0.2817234012941035
33372,0.8537876096754238
33373,0.6227119053341239
33374,0.4031993940796725
33375,0.7102000990251784
33376,0.717533658560469
33377,0.8772756983243446
33378,0.6995363184739887
33379,0.2590602211942851
33380,0.2121281720995834
33381,0.30449594654638007
33382,0.6449853160025513
33383,0.22904929318683231
33384,0.45091096352647175
33385,0.5164664203313024
33386,0.4068197070317192
33387,0.5840709830071774
33388,0.5622911713554613
33389,0.20969212329713915
33390,0.49551119966510393
33391,0.2784485308866449
33392,0.47197227148214516
33393,0.42968226435348433
33394,0.6849165803393343
33395,0.6541628153536624
33396,0.7094394358362146
33397,0.2199307585076243
33398,0.7218360361708789
33399,0.6192916252755404
33400,0.27161471445354995
33401,0.2238296916037002
33402,0.4570337878432136
33403,0.20868285386258462
33404,0.2753304199000164
33405,0.5168868073945299
33406,0.7534191682025864
33407,0.5267001527497754
33408,0.8866779757794552
33409,0.8168583902685289
33410,0.8261191842857822
33411,0.8353653790147766
33412,0.7656666115677803
33413,0.875602675936956
33414,0.4010019634436472
33415,0.24671139576028225
33416,0.3616502958362288
33417,0.6839962990207707
33418,0.8735559983638007
33419,0.30602756784926727
33420,0.5536349147047468
33421,0.3086665695290797
33422,0.8434239830457846
33423,0.34143329498422675
33424,0.6612021356720073
33425,0.2174544807848741
33426,0.10481536226639615
33427,0.3205949000071115
33428,0.5496129558101606
33429,0.7747240210242938
33430,0.11919673780847695
33431,0.6024026934713264
33432,0.2979015280133632
33433,0.7228043988552798
33434,0.48242377039926426
33435,0.767601454692527
33436,0.46932650453807073
33437,0.4918775735125809
33438,0.3993125274102363
33439,0.3110847257196337
33440,0.22214904527850735
33441,0.2854703503110318
33442,0.8176794494986556
33443,0.4189339865948036
33444,0.14908537798832217
33445,0.5566784124921619
33446,0.34866554868951166
33447,0.8246209607547907
33448,0.8374485962114019
33449,0.34941309106134016
33450,0.2145026199698582
33451,0.33571611173933974
33452,0.27146012523774427
33453,0.5034059207931242
33454,0.6029438160559494
33455,0.7139113784814758
33456,0.4478343946429052
33457,0.8518842952828704
33458,0.37482710763589805
33459,0.5126469506365413
33460,0.36658996880787725
33461,0.38480775270553946
33462,0.4327550869929264
33463,0.22350039725766369
33464,0.33646670572301435
33465,0.7844920219926125
33466,0.4054452066437444
33467,0.9377995704206298
33468,0.9099260233420401
33469,0.6577187188520345
33470,0.22036517079710924
33471,0.6654525835317674
33472,0.6780525527379058
33473,0.612427686265193
33474,0.18853962270493085
33475,0.8211192919502975
33476,0.24854756410624862
33477,0.7411499295314591
33478,0.535855583106187
33479,0.2056370414724986
33480,0.8380873264665841
33481,0.6848592281655778
33482,0.7911996794116828
33483,0.8068736943992693
33484,0.36168404391935366
33485,0.36754106425418454
33486,0.29391443156214875
33487,0.3192945175928527
33488,0.21646542780869268
33489,0.12063899404951138
33490,0.5637714192219724
33491,0.4844432373989319
33492,0.8533053118527758
33493,0.4077170856294654
33494,0.4533243202824682
33495,0.8568407127373702
33496,0.16397265632302588
33497,0.8495264667693312
33498,0.3245094601775336
33499,0.2070149065974339
33500,0.23474977815175835
33501,0.2653960182427877
33502,0.17878936204498938
33503,0.7955088845068203
33504,0.4248643816473836
33505,0.15734350383781873
33506,0.35011709988562406
33507,0.4514676813679937
33508,0.854243915675515
33509,0.7315912342415538
33510,0.7966111004360329
33511,0.8007020637006946
33512,0.45787066852744956
33513,0.6256920431702135
33514,0.8653247853642773
33515,0.4243965752985813
33516,0.2990724568603748
33517,0.766495674653833
33518,0.6143428069153473
33519,0.9112978784217814
33520,0.41921442193786945
33521,0.7974597250044806
33522,0.6652442566732719
33523,0.760289569802564
33524,0.282372581968784
33525,0.6875738352756326
33526,0.8032432194318745
33527,0.7368864781319506
33528,0.5558596189670523
33529,0.6377222257156989
33530,0.5904770370238225
33531,0.9417095580217386
33532,0.7554901470908434
33533,0.6896599162309502
33534,0.2776417461693956
33535,0.873784507654324
33536,0.5330171446878731
33537,0.7676257426458583
33538,0.6065708031356556
33539,0.8218634009444905
33540,0.6128417792849519
33541,0.6490051985441296
33542,0.3385219293270487
33543,0.8569857217261604
33544,0.7788872899638771
33545,0.7265347361831026
33546,0.5576702965080454
33547,0.6734644916291489
33548,0.5590241369125384
33549,0.6128225593149587
33550,0.4313698451848814
33551,0.48129884898499337
33552,0.5801806312790716
33553,0.7853086457187052
33554,0.5867074807744883
33555,0.6729672450547496
33556,0.6246965052196014
33557,0.7719902034556705
33558,0.4558900537841174
33559,0.7176550791809728
33560,0.959710865140649
33561,0.489148438054278
33562,0.40190088202445257
33563,0.5660638143996497
33564,0.7539355200238186
33565,0.36719317458893896
33566,0.3361350966714232
33567,0.6671870555534352
33568,0.7024321876099878
33569,0.9659961579222437
33570,0.5697960611018835
33571,0.7693493530923244
33572,0.3811340447747897
33573,0.6281137731071986
33574,0.8499770104067509
33575,0.33127938779441773
33576,0.6478770057845669
33577,0.7132276189455982
33578,0.27869488906221757
33579,0.795663809026792
33580,0.7344800303473454
33581,0.82546415277275
33582,0.7330322489682297
33583,0.27900621451777946
33584,0.6643374465204244
33585,0.7838094344376726
33586,0.5429870196695689
33587,0.34219820520009275
33588,0.3320553715704771
33589,0.7294132312069341
33590,0.9250094423332063
33591,0.768862583890007
33592,0.5609610481584951
33593,0.5870212553070157
33594,0.40438200437190686
33595,0.4635115564019491
33596,0.2765233083099913
33597,0.2925580809682727
33598,0.446541717230296
33599,0.37223001012478474
33600,0.680379415335518
33601,0.5972216851957397
33602,0.15450566408433541
33603,0.6165697918275784
33604,0.5214981826610148
33605,0.6003122843950448
33606,0.42641791643454946
33607,0.40253785651099505
33608,0.27344025580491
33609,0.507682461283753
33610,0.3809609014367635
33611,0.6194873574776285
33612,0.6764118314398764
33613,0.6245333586167868
33614,0.21051146100104506
33615,0.752282733235751
33616,0.44513834324944035
33617,0.7321907029051359
33618,0.39030207018760077
33619,0.6787925068261195
33620,0.6957599341548072
33621,0.5279323267194868
33622,0.4738937501563993
33623,0.70392034698219
33624,0.29887178039537554
33625,0.2949087029260625
33626,0.569043441728241
33627,0.45709424535039117
33628,0.704031165203929
33629,0.866878012394174
33630,0.36920258599681177
33631,0.4318657628535431
33632,0.8543821327594235
33633,0.7646337838745401
33634,0.43592708892065657
33635,0.4780724808418489
33636,0.9220468049223307
33637,0.5857773399473032
33638,0.6288945360859124
33639,0.6017247608588615
33640,0.5803287181927974
33641,0.46219037786265965
33642,0.7882168454553159
33643,0.45465966136317565
33644,0.2715251581368731
33645,0.35986626400262905
33646,0.6838274304382317
33647,0.6089531503486527
33648,0.5675720090059923
33649,0.2529905464176112
33650,0.4198624059320998
33651,0.6291616422005719
33652,0.7379507322112546
33653,0.8095967842427191
33654,0.7354643646451785
33655,0.18168429690043847
33656,0.7487569252774307
33657,0.6471651301666665
33658,0.550424307360053
33659,0.4769181066887051
33660,0.3649865828809349
33661,0.7750751057227011
33662,0.7519007613396893
33663,0.37812850979365037
33664,0.20437988872263252
33665,0.44868862269477594
33666,0.7723489859387085
33667,0.29273786731162604
33668,0.40442899366664
33669,0.7100353818063482
33670,0.5306936069101194
33671,0.21838116817201705
33672,0.3071872323570263
33673,0.5345105367119755
33674,0.6471343987777635
33675,0.30757666412381873
33676,0.47192105282767033
33677,0.5549240979768394
33678,0.7008207761044839
33679,0.6874453575991296
33680,0.6789184265514571
33681,0.32338600384481453
33682,0.14072828560798215
33683,0.708873888684535
33684,0.5694600205925171
33685,0.7902959077323456
33686,0.7956365832747856
33687,0.6355302942904916
33688,0.7410284331111827
33689,0.7965954547837609
33690,0.677469187150762
33691,0.6913897634149803
33692,0.6687218839480183
33693,0.25666208869566487
33694,0.6857997524033508
33695,0.6663547805620682
33696,0.14366768494743165
33697,0.14023817508410408
33698,0.5185788244198938
33699,0.23661796741100816
33700,0.275668883649593
33701,0.7568861958077072
33702,0.6403869672640915
33703,0.5808903631263844
33704,0.6474057335663179
33705,0.3180037669691843
33706,0.6514058704806881
33707,0.2799697827893252
33708,0.22452546618741118
33709,0.14630444183527055
33710,0.7556870042841579
33711,0.2467677816265231
33712,0.25333281028764204
33713,0.26666245149192486
33714,0.6794198289818512
33715,0.527169484789609
33716,0.6103166727646598
33717,0.4331030894082849
33718,0.4183076113738586
33719,0.49216370125260506
33720,0.8773027041133381
33721,0.3396091685447639
33722,0.6393351028633816
33723,0.6270979298447467
33724,0.24053085969211352
33725,0.9444508510903674
33726,0.6127989594283714
33727,0.29551132279880876
33728,0.4249280389057456
33729,0.7195282164161417
33730,0.20817815051060568
33731,0.20643631009705524
33732,0.3635919254307654
33733,0.7169308397125129
33734,0.7335668918937281
33735,0.1922209089330972
33736,0.0920291272843952
33737,0.49145212533965027
33738,0.2929198047011148
33739,0.1554060048903817
33740,0.7816311730684506
33741,0.7357281461367231
33742,0.5256953193904402
33743,0.23288714118819487
33744,0.444414474149668
33745,0.340557595585019
33746,0.2544509397920573
33747,0.8626442453971741
33748,0.28832851723095765
33749,0.6148024276931172
33750,0.41097064708828723
33751,0.47583133857326576
33752,0.29980935888414323
33753,0.7633130934962684
33754,0.1473600944682637
33755,0.2881367965010606
33756,0.7182038094048524
33757,0.8458553757473156
33758,0.18833884621543054
33759,0.4671703679069888
33760,0.7644091340591919
33761,0.4112424971710399
33762,0.6227873107344201
33763,0.3998528374607605
33764,0.17029550969743157
33765,0.2681079804800943
33766,0.42275882755271876
33767,0.8653995262719099
33768,0.3807582035859654
33769,0.7766672907620061
33770,0.4417246003558237
33771,0.758355761803288
33772,0.8551712290402029
33773,0.4472149643869555
33774,0.6672784011054891
33775,0.3541149598739544
33776,0.3367806471681402
33777,0.5556546874765863
33778,0.2272055761521603
33779,0.40218325872826743
33780,0.24083319608081466
33781,0.7489452334113752
33782,0.8433981063166526
33783,0.3247601156772599
33784,0.4445749400127391
33785,0.14899516666603335
33786,0.7554598282866235
33787,0.4023180740066993
33788,0.5821326214773083
33789,0.31216537786133236
33790,0.585834842759114
33791,0.6470408849277253
33792,0.17068403070059326
33793,0.29113536156941255
33794,0.09526996627737529
33795,0.8235629624055413
33796,0.49690719818964807
33797,0.30220446934161005
33798,0.6922986996861514
33799,0.3732450455748384
33800,0.3764817136571621
33801,0.5205020505493146
33802,0.16486625136992655
33803,0.7742958174132624
33804,0.43449528962277606
33805,0.7850442497084981
33806,0.662780730891124
33807,0.24342837875810408
33808,0.40571390916947314
33809,0.1939231509272433
33810,0.5479273730920257
33811,0.34972362488166475
33812,0.33111028501131734
33813,0.27814842983015786
33814,0.3885741861383863
33815,0.6440463507066668
33816,0.7668848201849544
33817,0.5244817970961105
33818,0.3713742867252227
33819,0.560418816560561
33820,0.20936093031631295
33821,0.3395935924163776
33822,0.673922479145166
33823,0.8215481640271027
33824,0.8810222863831567
33825,0.5906329873557893
33826,0.8075151229943927
33827,0.31629378621572196
33828,0.5156894679489659
33829,0.47517968290211954
33830,0.18540111362566533
33831,0.35540657720515373
33832,0.13699019361136872
33833,0.7338260644191374
33834,0.48018637572903206
33835,0.27034717206382813
33836,0.8250067401020561
33837,0.8619711331216802
33838,0.4803426083036609
33839,0.599209437165305
33840,0.6974613559621452
33841,0.6817095339702509
33842,0.26341973688369136
33843,0.5263442922733544
33844,0.49870572543842784
33845,0.7220894784592965
33846,0.6289145427366777
33847,0.1354178257836476
33848,0.19130055571325277
33849,0.2984170729667158
33850,0.11769972665165661
33851,0.9014576018281543
33852,0.36838688757466226
33853,0.7939478802920882
33854,0.2579217288524115
33855,0.6203898797936918
33856,0.7010807148065852
33857,0.5471229739007665
33858,0.2131599931361055
33859,0.18506260256777993
33860,0.4148713647817577
33861,0.4174725308328067
33862,0.5738443243199273
33863,0.25670133469394923
33864,0.2882754452933336
33865,0.7786581581033456
33866,0.34519368399695777
33867,0.5305041990089826
33868,0.380392161538566
33869,0.7443414664446695
33870,0.19813779801050005
33871,0.8096625674722325
33872,0.6168532485464338
33873,0.24399925145032916
33874,0.5199305947919015
33875,0.2975686664105075
33876,0.36292775008271927
33877,0.24579627254177525
33878,0.7077498457487668
33879,0.7962433957667375
33880,0.5123673968335003
33881,0.5626519595420837
33882,0.739077767673805
33883,0.4840652058571845
33884,0.2144299596998362
33885,0.4709071947927158
33886,0.26648770358596274
33887,0.24589976261417207
33888,0.4139434393054865
33889,0.22962663201430564
33890,0.6139187029833831
33891,0.5939175179203486
33892,0.5075343615926877
33893,0.6407675199551388
33894,0.2839700506600845
33895,0.7975596367060971
33896,0.7926500072448991
33897,0.3257700279526586
33898,0.35711643102986923
33899,0.30218697827021657
33900,0.3057518741299479
33901,0.3105415537250338
33902,0.4499560185251295
33903,0.5332459795757899
33904,0.7170714459710775
33905,0.3623523023423149
33906,0.5002519004272514
33907,0.5133639001356634
33908,0.35086530266647936
33909,0.48058337920218724
33910,0.6077647782649213
33911,0.6869879207984998
33912,0.4857462139063312
33913,0.17868656425679405
33914,0.5313322013244307
33915,0.35569737383134953
33916,0.5898282334991121
33917,0.3066757184389111
33918,0.20922239414054813
33919,0.7153424393243882
33920,0.35481359961500464
33921,0.3070762329313528
33922,0.7811696274828518
33923,0.3718676351839866
33924,0.38859621617637147
33925,0.19007979833279504
33926,0.44050397653171375
33927,0.4047511625772476
33928,0.4632180133971544
33929,0.6184218424299194
33930,0.7929596678722676
33931,0.41870154254559
33932,0.29882975618497826
33933,0.1919492406678144
33934,0.5706952526567274
33935,0.794296503451168
33936,0.15346868027571173
33937,0.5285771664971058
33938,0.7427055869886756
33939,0.8771465724358201
33940,0.7554988246191382
33941,0.2504716644909149
33942,0.7316392323660018
33943,0.9093263739558617
33944,0.2936942164744084
33945,0.3240064682645996
33946,0.3715192875982262
33947,0.43094088687807264
33948,0.5176398566762951
33949,0.36143126218432026
33950,0.37000498116874014
33951,0.550089714001755
33952,0.7293320355251498
33953,0.783716124322305
33954,0.18299030011244724
33955,0.7672926203439158
33956,0.43793422741656235
33957,0.1725991323683025
33958,0.25117670841889117
33959,0.7463004908631777
33960,0.8196615291105095
33961,0.3729964842493251
33962,0.6737109063153474
33963,0.3858615146868455
33964,0.8084391999724869
33965,0.6878065977620045
33966,0.2669724620185131
33967,0.43276819947056666
33968,0.5545336878706054
33969,0.8990050106300932
33970,0.6404679628626802
33971,0.8393061985447877
33972,0.6728646252308418
33973,0.8690330196276658
33974,0.3911385357667009
33975,0.9223649874544759
33976,0.7097900121227105
33977,0.7251209355430406
33978,0.9499039245622983
33979,0.41644480303232706
33980,0.7252872810109973
33981,0.7465741219665678
33982,0.49925829603614075
33983,0.5750847219669488
33984,0.5192041558935386
33985,0.45989534273753246
33986,0.8518398703746135
33987,0.7918706963320447
33988,0.39083275855033733
33989,0.7056695416536773
33990,0.5849678186528703
33991,0.3204822506858071
33992,0.7962662930504547
33993,0.9594292765329332
33994,0.4881268121666477
33995,0.866090101402051
33996,0.8267505709375783
33997,0.5839139881894442
33998,0.5279236042644503
33999,0.7020621424737374
34000,0.6687465181941518
34001,0.6614821909126102
34002,0.3666013132882189
34003,0.8741248794287542
34004,0.8113570260800148
34005,0.4806252096376617
34006,0.4553363527398368
34007,0.6918046493373271
34008,0.6836681765192392
34009,0.7497832400620196
34010,0.7072820392897105
34011,0.5537416755400756
34012,0.372821861232502
34013,0.7637021087319269
34014,0.6197845255073859
34015,0.8890463051734915
34016,0.8655913873111094
34017,0.8540625832514859
34018,0.6101746815395452
34019,0.4156417216817516
34020,0.5151721997876789
34021,0.7444082245183218
34022,0.7359421499874504
34023,0.5114888116721802
34024,0.7438912157865537
34025,0.8376537617489124
34026,0.6350815304105949
34027,0.5291492651920566
34028,0.2689126055944239
34029,0.5427536196725095
34030,0.44751027398028487
34031,0.24017626638142886
34032,0.6966785443124793
34033,0.30612508573638014
34034,0.511672015269822
34035,0.662435416664555
34036,0.6868551595216148
34037,0.762988775853575
34038,0.20945422501153144
34039,0.6548988247194444
34040,0.5180879739854786
34041,0.6731682635143379
34042,0.3099059313477888
34043,0.37643645489364597
34044,0.23815697749686415
34045,0.3008295127643518
34046,0.4762621480037053
34047,0.2411979701988551
34048,0.22507016215707573
34049,0.14590651405306035
34050,0.7311396873339763
34051,0.6005331384926876
34052,0.7959421685169547
34053,0.3763753963399577
34054,0.5596430132178399
34055,0.15944021739441827
34056,0.42122559903630524
34057,0.48177292542834554
34058,0.6129025667544533
34059,0.1619083660286586
34060,0.5312158755010064
34061,0.4237206489119195
34062,0.6178859527737247
34063,0.8143104737922341
34064,0.7440181538410003
34065,0.42915272729478277
34066,0.9059301508345127
34067,0.2685009631885262
34068,0.44050704955140746
34069,0.34679916942092004
34070,0.7063929898688206
34071,0.6974243948103801
34072,0.3877612181849384
34073,0.5013533232339289
34074,0.7626048848535775
34075,0.30312177674811575
34076,0.4886347431492006
34077,0.3001749541879002
34078,0.30050731199277725
34079,0.7190752708659797
34080,0.7267694968104178
34081,0.6761960069863089
34082,0.3372811388139672
34083,0.357758822029608
34084,0.343119966210181
34085,0.4268424499515003
34086,0.6308184046161844
34087,0.5365780963375312
34088,0.8495218938495586
34089,0.3924154157247518
34090,0.27045526831358
34091,0.306922048027672
34092,0.4640491891927323
34093,0.2905176327552985
34094,0.648922895838385
34095,0.12919497532287458
34096,0.30331726470542625
34097,0.5498132677669559
34098,0.34446354697525844
34099,0.4766644189033644
34100,0.35576786536939675
34101,0.5698585521751537
34102,0.21188623528205539
34103,0.5187456327274665
34104,0.47923567261473693
34105,0.47952477971588753
34106,0.724123967469499
34107,0.3499840320726377
34108,0.9210675367621196
34109,0.18596687094958544
34110,0.8106596800016884
34111,0.6016762121442214
34112,0.534595284536254
34113,0.37444388793388994
34114,0.5193586543754461
34115,0.25126055955893284
34116,0.6464819649791567
34117,0.4315310523500225
34118,0.6956665874755243
34119,0.5326167538825628
34120,0.6080972083589368
34121,0.5505260883346326
34122,0.23287707687435838
34123,0.2773491354914759
34124,0.22368790092858437
34125,0.7030364511566377
34126,0.5798099781538013
34127,0.8242722884472666
34128,0.1960204722186314
34129,0.17239724681073304
34130,0.24864114457571457
34131,0.5520614977111984
34132,0.32634668633052705
34133,0.6276680580948432
34134,0.776902877646244
34135,0.7730016883338646
34136,0.7500301009288022
34137,0.7411096628314585
34138,0.5208384855251416
34139,0.2839855823307526
34140,0.2530139809268471
34141,0.42250758197280486
34142,0.5865146241879662
34143,0.2729215019826848
34144,0.5841561122166296
34145,0.7755948149729335
34146,0.6976318879329385
34147,0.159516532713817
34148,0.6569772832348336
34149,0.3532816331815151
34150,0.2978512893175711
34151,0.3230121302807201
34152,0.7046275278019976
34153,0.26332897379408854
34154,0.4972669369754606
34155,0.16999827923467956
34156,0.14503643120033108
34157,0.27235887479446397
34158,0.7862928533705776
34159,0.5890699409726362
34160,0.5842811853800592
34161,0.43775532154169927
34162,0.33105437561329204
34163,0.20499194613978997
34164,0.20046690099775621
34165,0.5478309117320106
34166,0.3686340486934298
34167,0.3669691566924157
34168,0.34142872068563673
34169,0.4587672264105423
34170,0.29508926326623913
34171,0.22888249657896728
34172,0.11569798790615049
34173,0.45961393352346847
34174,0.3898164193513486
34175,0.25495981412826324
34176,0.25653224241863404
34177,0.7283537569685394
34178,0.5409861309488727
34179,0.5319945627667876
34180,0.8655588759151528
34181,0.21259297730933116
34182,0.20106898803403112
34183,0.12389039408767932
34184,0.4630413815062037
34185,0.743972742068487
34186,0.5092515250916295
34187,0.29596518098409746
34188,0.7568234587440418
34189,0.667671255766939
34190,0.25996610451159985
34191,0.5832482001753189
34192,0.1863554882988855
34193,0.5043938305283048
34194,0.3027287383932243
34195,0.15140689253963682
34196,0.8718626493948757
34197,0.7034233324256881
34198,0.15431223086630882
34199,0.32789172585292325
34200,0.16103639604837228
34201,0.7216550465876919
34202,0.8923091207658654
34203,0.3518055598349067
34204,0.48372405237494537
34205,0.5124720268881866
34206,0.5925746834990444
34207,0.4299204522736447
34208,0.2856284924173406
34209,0.2519930179550887
34210,0.18990650218644736
34211,0.42489558912509495
34212,0.17338640554948534
34213,0.23931027647682518
34214,0.15065969857973993
34215,0.3114213715610623
34216,0.679870837469447
34217,0.2353025958149264
34218,0.18945299417885958
34219,0.670627810943446
34220,0.3944576836580118
34221,0.13968631208921667
34222,0.46480513301466136
34223,0.6356226529641955
34224,0.6055893258680143
34225,0.46117273245515755
34226,0.6252098664273998
34227,0.7387601324370834
34228,0.48684381990953907
34229,0.4672733043689065
34230,0.5829847347647364
34231,0.5310106555235853
34232,0.6291615630347694
34233,0.5758463368934906
34234,0.4014635958970617
34235,0.09854981416904175
34236,0.606207564527549
34237,0.4645611863832557
34238,0.28763051989782895
34239,0.5326650455932719
34240,0.219991719084675
34241,0.5773351948262151
34242,0.48809669339399947
34243,0.2639446855104126
34244,0.29609408948266697
34245,0.5637320230798806
34246,0.15341283074221168
34247,0.49034812659491067
34248,0.2735031221102821
34249,0.5108714620458289
34250,0.2071790552843268
34251,0.3504222000286999
34252,0.23899797527910352
34253,0.5327805866964208
34254,0.6469971416830935
34255,0.2783987893667492
34256,0.8039832014922502
34257,0.7921000142609148
34258,0.4426550849969521
34259,0.64265496849534
34260,0.7339079774021355
34261,0.6489985114705569
34262,0.3693785171464169
34263,0.5975821127507708
34264,0.38319474630471245
34265,0.6709470827826354
34266,0.5620627719973361
34267,0.22401691511034477
34268,0.4746023835707867
34269,0.25896668644472437
34270,0.27668549186283115
34271,0.2814447921469552
34272,0.6743367158255629
34273,0.28591551651643765
34274,0.6567263399855584
34275,0.6013059348641475
34276,0.25134286700547936
34277,0.5762018739351097
34278,0.4557391349297552
34279,0.5610383918657343
34280,0.2649939746521069
34281,0.6020383832283301
34282,0.34558468948999815
34283,0.23550002992334915
34284,0.4235542018420738
34285,0.14521335979784514
34286,0.3001346826508915
34287,0.7016698744584929
34288,0.233198925451502
34289,0.32438559163617825
34290,0.735880036779095
34291,0.31722972854619585
34292,0.7161373204833706
34293,0.22086865821468046
34294,0.4159125070578009
34295,0.2936464164009631
34296,0.23675721728330562
34297,0.5140969199861366
34298,0.4001970133793284
34299,0.33018742826864333
34300,0.6310285252157473
34301,0.8446995413592737
34302,0.1675570305488903
34303,0.1650910247867463
34304,0.2654875105850162
34305,0.3214557653196912
34306,0.6286736066373292
34307,0.3013760852227997
34308,0.9081813013315774
34309,0.27540866574186923
34310,0.7000148220497497
34311,0.6461568685156296
34312,0.46155241233229194
34313,0.4258583568033988
34314,0.8113974338869212
34315,0.7170070965565793
34316,0.5854655266087813
34317,0.4699382029946029
34318,0.7873029701587994
34319,0.6945977385744313
34320,0.3009259564126323
34321,0.4330866155581743
34322,0.5171652074090249
34323,0.3083958313988474
34324,0.3993992251470071
34325,0.7179342052135413
34326,0.47419210524183125
34327,0.2838282510225487
34328,0.33904037907353674
34329,0.2667686254314335
34330,0.47547814012775574
34331,0.5410084983386977
34332,0.3450431144473771
34333,0.29885220582086086
34334,0.3269307070948382
34335,0.2969283708188206
34336,0.27602445181851704
34337,0.5825048750941197
34338,0.6422360612244621
34339,0.45074035492441183
34340,0.3657350743962827
34341,0.4231940774110856
34342,0.6933365763013041
34343,0.2238111414426396
34344,0.5371457288060333
34345,0.7182323188130082
34346,0.37480090228386664
34347,0.3013166331514292
34348,0.3929013722240651
34349,0.38224416906253633
34350,0.453335078282125
34351,0.645373519657878
34352,0.47167344459258753
34353,0.6078305547075324
34354,0.22116307423243275
34355,0.49465961951361065
34356,0.4466696425046342
34357,0.25304139968599787
34358,0.4948001166234734
34359,0.4519961263258995
34360,0.7216604113398294
34361,0.4597487739118117
34362,0.13537321054204735
34363,0.7364746584249128
34364,0.20438208802290816
34365,0.3991126001830261
34366,0.6303071587644901
34367,0.3838352368998521
34368,0.6632350990512887
34369,0.38076618190364653
34370,0.19571241417184687
34371,0.5394002287668529
34372,0.13663259764278976
34373,0.5779727173335306
34374,0.5806547023500572
34375,0.2735486996094871
34376,0.34625658911494034
34377,0.40724082459305205
34378,0.45056104399535485
34379,0.7120447399627527
34380,0.2926365578535375
34381,0.25291400128247
34382,0.12931845377347637
34383,0.2803210669391757
34384,0.44618956471061133
34385,0.33171521285811467
34386,0.9073069392095955
34387,0.2244296035128089
34388,0.809028438716797
34389,0.6557175412164326
34390,0.28674051817031065
34391,0.30462343268215014
34392,0.48242852159338334
34393,0.213372719732831
34394,0.5465746108714978
34395,0.55649738820299
34396,0.5532700302180859
34397,0.27267029521683145
34398,0.3445215630635831
34399,0.4617941943942005
34400,0.1379132364303214
34401,0.21137028372170427
34402,0.47333213865790313
34403,0.8047915718024734
34404,0.8110260502687319
34405,0.807554487349696
34406,0.3698523072317179
34407,0.2860552335935042
34408,0.4745328799293738
34409,0.3364157727310328
34410,0.5166885733098064
34411,0.4700306711652751
34412,0.3964502490404175
34413,0.3111789443382814
34414,0.21322615985861376
34415,0.41738760422458887
34416,0.40857794188686314
34417,0.19729208527423805
34418,0.9346063523561401
34419,0.3254837071688517
34420,0.7115631882796315
34421,0.47283665274811776
34422,0.2843230485967724
34423,0.5730447490553098
34424,0.4980193632070825
34425,0.6582661351844445
34426,0.8136795279851946
34427,0.5869949530665374
34428,0.8100108606714896
34429,0.4469476767688289
34430,0.5317154787524832
34431,0.5089651818945421
34432,0.22801460009444588
34433,0.48525047710292935
34434,0.4166392010819123
34435,0.36899296338722737
34436,0.737896763610564
34437,0.6978679731494615
34438,0.7022499781526921
34439,0.3117209454407125
34440,0.21834287431487678
34441,0.3551056591773076
34442,0.6928185207008292
34443,0.4408418066044588
34444,0.14682646233456434
34445,0.42407330924593034
34446,0.2752148059623302
34447,0.6872036641116398
34448,0.7600531973813716
34449,0.3590909571308087
34450,0.19884666449787103
34451,0.7743015916934752
34452,0.5391499054140789
34453,0.33520657639239787
34454,0.6654816344752605
34455,0.733082536837672
34456,0.3897847291339466
34457,0.25586769752460925
34458,0.6457118707462657
34459,0.4009989462385471
34460,0.8104220753356259
34461,0.7141707129405298
34462,0.8783838440697558
34463,0.9673242171385071
34464,0.7740397364985978
34465,0.47783571724921037
34466,0.3656648724767043
34467,0.4578116102817495
34468,0.978107256130156
34469,0.8531180677848579
34470,0.5897547846842521
34471,0.699070923666444
34472,0.9455390405403032
34473,0.4193143464707049
34474,0.7488325934824942
34475,0.6259338387973625
34476,0.8581427583400901
34477,0.6718210595646574
34478,0.883282509125235
34479,0.8346017112907205
34480,0.7621144114016537
34481,0.4068995162263316
34482,0.7706327434480884
34483,0.9321626579804162
34484,0.6240727796228743
34485,0.7573518882159682
34486,0.7973140199938209
34487,0.5077440028650482
34488,0.9235090171442126
34489,0.8133942096155781
34490,0.6924149076614916
34491,0.8426749805198142
34492,0.7268581090896591
34493,0.8332678615205484
34494,0.37318574582317815
34495,0.5430008750567472
34496,0.19922608734224892
34497,0.7265620186750956
34498,0.6426025643602774
34499,0.4485411632327089
34500,0.6565024895069064
34501,0.7597610054022549
34502,0.47465260154104816
34503,0.6434356629365242
34504,0.7387171483821773
34505,0.5419207897484214
34506,0.5221436329958683
34507,0.4804526677281921
34508,0.855642469425618
34509,0.6546417061257208
34510,0.5831653854095655
34511,0.8733144233720537
34512,0.5296628968735926
34513,0.8333624465962544
34514,0.7052138844930417
34515,0.7453025666826145
34516,0.8697617235139838
34517,0.7216492232444502
34518,0.4628616871557696
34519,0.7423968119666617
34520,0.5472736462908213
34521,0.8492895463064173
34522,0.2838227277086656
34523,0.30137810863260023
34524,0.42237548755083665
34525,0.17176911478097373
34526,0.4107159368409094
34527,0.7653343228241962
34528,0.6369310593025566
34529,0.34830017734653085
34530,0.6525201215297775
34531,0.1729914168744695
34532,0.3190957145409504
34533,0.48012418470705176
34534,0.5801362305410522
34535,0.18341997323021017
34536,0.22183202071985206
34537,0.6234756049421417
34538,0.3755652935539932
34539,0.1303090978427898
34540,0.7468669079598421
34541,0.5275427621882247
34542,0.6035925639925285
34543,0.4427676791196166
34544,0.21880105120042673
34545,0.3485577445946825
34546,0.36921106249753016
34547,0.6768459407061125
34548,0.46068437274529905
34549,0.9015888454466383
34550,0.6434439349133342
34551,0.4599282567372218
34552,0.4993720057420278
34553,0.1646036737126061
34554,0.1635924060748884
34555,0.31894387898713156
34556,0.6403579248521785
34557,0.2955788468710358
34558,0.3517888496712432
34559,0.2668576155947484
34560,0.8492725844831925
34561,0.1993378585440907
34562,0.6527521605983184
34563,0.7218406559621398
34564,0.6836634081200879
34565,0.8994871714777747
34566,0.4458265768393444
34567,0.378230597684244
34568,0.24371587219816895
34569,0.40975891750346577
34570,0.6326479627249878
34571,0.6264317994174577
34572,0.24287995945559784
34573,0.2271302005027454
34574,0.28940296163945695
34575,0.8853592668420385
34576,0.4019842692780194
34577,0.32544597218466526
34578,0.7724589536942125
34579,0.537581296073791
34580,0.4270918397487432
34581,0.138731184679346
34582,0.4293520959039234
34583,0.5785561771017544
34584,0.24423033518982018
34585,0.6286644536673601
34586,0.1478893813396252
34587,0.23210842411490418
34588,0.43938757721479255
34589,0.6031148568927015
34590,0.35853438478031674
34591,0.31277474415310286
34592,0.5459382999054901
34593,0.8314628682899187
34594,0.38083599751441904
34595,0.2887516259558717
34596,0.7683933844500612
34597,0.5437828230211443
34598,0.36517195586701784
34599,0.5867170415737548
34600,0.27716287120467603
34601,0.6104636346514861
34602,0.6759781110967232
34603,0.6365364376188818
34604,0.39162396792307563
34605,0.5022984155736265
34606,0.5755273230371293
34607,0.47234745338137585
34608,0.6812828864989171
34609,0.7018641871083194
34610,0.29527360737700986
34611,0.334549861473409
34612,0.6756331707688266
34613,0.24771832973351943
34614,0.33882714233220057
34615,0.34500476853894213
34616,0.4854635037143273
34617,0.2853560381307292
34618,0.35679105548291346
34619,0.4966890200714617
34620,0.0902517084309447
34621,0.8266398378357971
34622,0.40252574169744526
34623,0.49971544806499374
34624,0.43223607322868035
34625,0.2786479142195502
34626,0.4293444941520681
34627,0.3991862687623819
34628,0.6088106820552258
34629,0.23297875931566184
34630,0.2519656493880617
34631,0.23495337142380987
34632,0.5514162851550014
34633,0.7293559899580196
34634,0.4100072241911003
34635,0.4265095182066506
34636,0.5525791257847497
34637,0.14660325593392842
34638,0.23478975539351535
34639,0.5813748196331705
34640,0.2716302905316719
34641,0.35519146178941247
34642,0.2811238629135635
34643,0.2876245878717159
34644,0.8260888884065453
34645,0.7901202562197278
34646,0.6675903524215939
34647,0.45754707841565767
34648,0.25282228982138505
34649,0.4530239667478378
34650,0.6760791906567316
34651,0.49339429775855276
34652,0.6451524332108447
34653,0.27729037557665676
34654,0.19515468196766683
34655,0.16572376434451566
34656,0.23325382865671337
34657,0.2947159430713434
34658,0.46774966630289555
34659,0.36733089959279613
34660,0.6881171684555794
34661,0.5953138247820373
34662,0.1903876153233427
34663,0.21131834161262106
34664,0.4414110164403854
34665,0.29541601484315977
34666,0.5367671862743411
34667,0.578132932199869
34668,0.5666739696300053
34669,0.42303161727820976
34670,0.22872368314334968
34671,0.5818592553551973
34672,0.6496179901943664
34673,0.7833875649006631
34674,0.4640255321680463
34675,0.3208601999806443
34676,0.2751352274836096
34677,0.6659100127533643
34678,0.6239932877068239
34679,0.7011104962311103
34680,0.2927481223815706
34681,0.2203260638052382
34682,0.27627051987768325
34683,0.1935230239041661
34684,0.6231644521583695
34685,0.6856756360639177
34686,0.7218542780048813
34687,0.51494835044892
34688,0.7816412708190342
34689,0.4962321431883671
34690,0.7397822295553631
34691,0.27376896996458
34692,0.20109052140085246
34693,0.8102094918773877
34694,0.45218156692113576
34695,0.5892205015551248
34696,0.7571668129997494
34697,0.5281863781047348
34698,0.4578432902232621
34699,0.5864660181499401
34700,0.34175398186399175
34701,0.40893674416674997
34702,0.6513479100326671
34703,0.13151219050184035
34704,0.8018052007487235
34705,0.5408933044714832
34706,0.6183540587752248
34707,0.38267962494606605
34708,0.3891574791929663
34709,0.21038730851143136
34710,0.2762884363771351
34711,0.20347554979351296
34712,0.7511044831479042
34713,0.8098040238783295
34714,0.1450534061030279
34715,0.4146192948664528
34716,0.6465090952297413
34717,0.4571037362164283
34718,0.6034399537828046
34719,0.5064822395583498
34720,0.5428104116052412
34721,0.6472262240779139
34722,0.20959374854795546
34723,0.20162499795918795
34724,0.5347419681370547
34725,0.4220669672370332
34726,0.6582630885054718
34727,0.6073956054000723
34728,0.2708440465513472
34729,0.5084731299464098
34730,0.6059109714253206
34731,0.4380193551180699
34732,0.22457000491523038
34733,0.24379024298737206
34734,0.2885505131679367
34735,0.40291831225640445
34736,0.514277163743449
34737,0.5365867798297981
34738,0.6723617539807081
34739,0.32438822589640687
34740,0.17175434416697657
34741,0.4609831761927697
34742,0.8385781891898543
34743,0.284132045315489
34744,0.19838258674540057
34745,0.20265943500680303
34746,0.2797354380308424
34747,0.4651903837710397
34748,0.42617710300600553
34749,0.7781571657324913
34750,0.8030923943285293
34751,0.4695569430162232
34752,0.679912002247531
34753,0.5388545074503154
34754,0.6249595676933725
34755,0.7497567209059387
34756,0.3440122127344368
34757,0.3137543800285833
34758,0.5325196183388644
34759,0.4334265861109169
34760,0.34656970015068655
34761,0.21613945711220925
34762,0.3364416643293377
34763,0.706749101404454
34764,0.6385278831495489
34765,0.4535957928259479
34766,0.6393328627830839
34767,0.32979303597419624
34768,0.37170695612157434
34769,0.8232749523745052
34770,0.5745718718340853
34771,0.2573475810662565
34772,0.47297797935499836
34773,0.69515170520208
34774,0.5087140491809171
34775,0.33389995213432394
34776,0.6028891748431042
34777,0.6419050646966732
34778,0.5757652284367188
34779,0.5794412317752349
34780,0.7674826123920678
34781,0.6225121210378669
34782,0.6950298299520224
34783,0.8211764808996131
34784,0.45912750209274206
34785,0.7024790387600048
34786,0.40966553576102466
34787,0.6289739671784285
34788,0.3805874461928764
34789,0.39822650891057615
34790,0.36528877358582174
34791,0.5365212145176834
34792,0.5311714422197947
34793,0.706273381369646
34794,0.592878482616407
34795,0.7851859456410115
34796,0.31797397592625776
34797,0.2263618616816498
34798,0.36614798668003845
34799,0.7279619999675725
34800,0.5588302850392157
34801,0.7601668750818399
34802,0.272750168972636
34803,0.426597723126528
34804,0.3654744448773398
34805,0.2757455665480592
34806,0.17284675534099947
34807,0.5164788830512256
34808,0.7559500369889127
34809,0.5312860698872668
34810,0.39088049593766455
34811,0.29168461898495995
34812,0.36556939398887306
34813,0.38255329066726923
34814,0.8058556105149026
34815,0.3711970238360324
34816,0.26341440872371386
34817,0.28215281521286356
34818,0.6462323125970321
34819,0.13943031629074024
34820,0.5064973746520949
34821,0.29479028893749104
34822,0.616950612245256
34823,0.239569447372295
34824,0.42613280547710425
34825,0.5892381939804803
34826,0.8006795663114247
34827,0.7391166275136577
34828,0.6482419702457961
34829,0.6004531492484975
34830,0.5324427463704043
34831,0.6478982199309156
34832,0.3995328210080822
34833,0.4358626738008369
34834,0.7961761179584043
34835,0.507722385188455
34836,0.4290793753577353
34837,0.44901382254767913
34838,0.6384392905041704
34839,0.19901080162634638
34840,0.32984281906749924
34841,0.14884661176250505
34842,0.33847537064212524
34843,0.437980479507559
34844,0.3149678557855889
34845,0.3101573051215827
34846,0.4605097903493623
34847,0.6628304911479257
34848,0.7831371828147274
34849,0.40053679359452604
34850,0.6199583144425608
34851,0.3593479869457253
34852,0.40162266961218657
34853,0.15200360051892864
34854,0.7706441396832232
34855,0.8013891718648969
34856,0.551243092521272
34857,0.6485200375860766
34858,0.15088751373171805
34859,0.2766567637397893
34860,0.85844516078656
34861,0.7705168458150603
34862,0.57040076934544
34863,0.5853817348555538
34864,0.16645990633106997
34865,0.19214967184749837
34866,0.4787000240284611
34867,0.40340530159142163
34868,0.48700173052891144
34869,0.8166430979445429
34870,0.6334480260838302
34871,0.37580633990231155
34872,0.31110289502676053
34873,0.435237904748539
34874,0.6625825227952935
34875,0.36295767445925625
34876,0.38670789860917587
34877,0.5871458546791114
34878,0.5353788246943173
34879,0.5092410952529052
34880,0.5724840788210421
34881,0.3396135004419964
34882,0.5163907029686909
34883,0.756607746807632
34884,0.6608165437017398
34885,0.20142547502061292
34886,0.31265645810578707
34887,0.37959892522773636
34888,0.1412629982394603
34889,0.23701453578500514
34890,0.3209274605833612
34891,0.37423325243565275
34892,0.542532085762805
34893,0.3822738304400841
34894,0.5900648227844996
34895,0.6302250993196847
34896,0.7635817909153396
34897,0.2601336212737631
34898,0.8906069329218567
34899,0.7410681838613736
34900,0.568132100000475
34901,0.6718191717977778
34902,0.7730406495307961
34903,0.677019709675858
34904,0.5737670298375644
34905,0.3595042532932881
34906,0.7821756928218018
34907,0.22675067918034186
34908,0.544247007313559
34909,0.43718240664389985
34910,0.20554309460757147
34911,0.7991762955622681
34912,0.3290264797421676
34913,0.4349152875915698
34914,0.7847618117173556
34915,0.718314108198637
34916,0.18019939292911497
34917,0.5097493653623664
34918,0.4914765017931385
34919,0.3776209749335741
34920,0.37244924860878187
34921,0.24894689586392907
34922,0.7652912909507933
34923,0.3637688432668537
34924,0.3270679355520433
34925,0.16272294574250085
34926,0.7423182588036417
34927,0.7625129789313327
34928,0.22640171413684887
34929,0.4652503509851175
34930,0.43795581003262996
34931,0.4500222548497987
34932,0.18423247432133236
34933,0.537896788849313
34934,0.2903885156822287
34935,0.2895324785340244
34936,0.8240164959830191
34937,0.3143640112375605
34938,0.5796729169901684
34939,0.41529565822403175
34940,0.8430158271000189
34941,0.5695294225270956
34942,0.855086083081653
34943,0.6264524360144962
34944,0.676552287995243
34945,0.861744988183387
34946,0.5863753895865448
34947,0.6962059232323334
34948,0.8667822173511402
34949,0.4851930881668311
34950,0.3267200982976504
34951,0.7668501240537585
34952,0.7589660259932411
34953,0.7372131440601442
34954,0.48507823358857555
34955,0.4617164645847925
34956,0.7033038415964196
34957,0.4939141740897855
34958,0.7994941694175008
34959,0.8221922770266674
34960,0.970709145893325
34961,0.4683247065143315
34962,0.7007568938282887
34963,0.7851118923941439
34964,0.8827388455033478
34965,0.5669663869748353
34966,0.5867148176283039
34967,0.8875209502315736
34968,0.5032510944690055
34969,0.5523011170652189
34970,0.5453997507126599
34971,0.9180387565165231
34972,0.5540385441260764
34973,0.5111817660297597
34974,0.4821615839127782
34975,0.3305232188685627
34976,0.3873433592961298
34977,0.9396951029129175
34978,0.8519834101517142
34979,0.6958720260953507
34980,0.7118960010552593
34981,0.37952533425691776
34982,0.7635379197893393
34983,0.4492199976650889
34984,0.7847760572752173
34985,0.8830487419511147
34986,0.7503657390351992
34987,0.44881066486213994
34988,0.4428401853028456
34989,0.8718838823562907
34990,0.6093810782712598
34991,0.20068617937378563
34992,0.40064900438370715
34993,0.6422406521254334
34994,0.11243134744692052
34995,0.3422391990384985
34996,0.580537244410583
34997,0.324708859018385
34998,0.5352191908697135
34999,0.28189581709369393
35000,0.5164263505955132
35001,0.7010866341837435
35002,0.7191376937460772
35003,0.6597189133292225
35004,0.3640889916123022
35005,0.3643418406302635
35006,0.642628846652627
35007,0.581995826497004
35008,0.24340664575443752
35009,0.5416933865238068
35010,0.22073171717529785
35011,0.5386901927881237
35012,0.7044476990079628
35013,0.7202962500937126
35014,0.7774326138094012
35015,0.2993557393810735
35016,0.29223878116505586
35017,0.7276515710422354
35018,0.3253532302265337
35019,0.21242334224710618
35020,0.7255208843940796
35021,0.4068328654500018
35022,0.6180744320449971
35023,0.5226159108034196
35024,0.34407447474137953
35025,0.17709276052652756
35026,0.5075145588692652
35027,0.35685271841272437
35028,0.4447140228724945
35029,0.30544097049446906
35030,0.27759359722525034
35031,0.630435502186135
35032,0.8375752798447563
35033,0.6849383294587831
35034,0.3661818643994377
35035,0.33728447736012135
35036,0.17440470594295393
35037,0.12805819581752081
35038,0.6708937807949253
35039,0.1682244117461642
35040,0.518902906196699
35041,0.29562268868083896
35042,0.16871242588483318
35043,0.30520566108247
35044,0.234576513765433
35045,0.5153826499457974
35046,0.36470654357623133
35047,0.30377119394387886
35048,0.5348591314724574
35049,0.46224895994676185
35050,0.5301155243060205
35051,0.30597412383389916
35052,0.8835792659521234
35053,0.17813349041710314
35054,0.5408916415415739
35055,0.20729538814369075
35056,0.2884391661442592
35057,0.5590843231032752
35058,0.10440922444394606
35059,0.5405181707478119
35060,0.621226810308521
35061,0.31979644325533596
35062,0.4201663379670045
35063,0.18833111055324592
35064,0.2801322078335193
35065,0.3405792391840952
35066,0.2541889472221978
35067,0.316019702735624
35068,0.22230913425246415
35069,0.5084743461303391
35070,0.8534992223974804
35071,0.32962224081190367
35072,0.4337450235019706
35073,0.5984755630596329
35074,0.1984024572887814
35075,0.3341907554388067
35076,0.6693639160125707
35077,0.38240131386110465
35078,0.243036409246481
35079,0.8126159926778368
35080,0.5756847570678751
35081,0.6176193532716467
35082,0.5561112037922911
35083,0.6840305532314821
35084,0.260078729467671
35085,0.6619033112560094
35086,0.2650193470334774
35087,0.5144232881711236
35088,0.4928400958426634
35089,0.28376427987919095
35090,0.25903424036046807
35091,0.24371580633732526
35092,0.646592003326261
35093,0.5022898633138969
35094,0.09772824810851141
35095,0.12614495679491913
35096,0.6074281931270089
35097,0.345666023402187
35098,0.8652714844795715
35099,0.3656693719959444
35100,0.7456296029445748
35101,0.34429713183144844
35102,0.47096698494304395
35103,0.6822336283115789
35104,0.21742421098219086
35105,0.6322340074251175
35106,0.7918590449340619
35107,0.44625449085717844
35108,0.4323166973326107
35109,0.29335460289559023
35110,0.2567011570813749
35111,0.47976128684092806
35112,0.5277839534167905
35113,0.5543925956354007
35114,0.7588108475357381
35115,0.6205134017093584
35116,0.598684819160191
35117,0.18443216035060597
35118,0.4717008770956841
35119,0.17173221788578122
35120,0.560805793630209
35121,0.50073625171998
35122,0.19135224705120968
35123,0.20385546389929482
35124,0.1414741475133011
35125,0.7023772325430993
35126,0.6178829077243879
35127,0.44701604920613525
35128,0.8065182428533402
35129,0.1302375740673263
35130,0.2941253419793737
35131,0.3969355152800864
35132,0.281176229993811
35133,0.439901400040439
35134,0.33054772148841594
35135,0.42707505787220507
35136,0.4698304580372487
35137,0.6666840116159967
35138,0.28456640198008804
35139,0.19658203859686968
35140,0.10244383324512481
35141,0.5436425263677244
35142,0.29581200019005943
35143,0.25520167937845595
35144,0.3668393188209872
35145,0.14108965392155726
35146,0.4894191392103666
35147,0.5436376258826219
35148,0.35043708070880186
35149,0.22125354020648114
35150,0.24700362926303276
35151,0.5257142377531301
35152,0.7819400547889973
35153,0.7251597307814732
35154,0.4956519471575966
35155,0.1315641514596602
35156,0.1922537096290804
35157,0.29816088870537294
35158,0.5848357177683446
35159,0.8960248546367723
35160,0.36815272457867326
35161,0.5943617313891604
35162,0.4628495907994164
35163,0.43285195163026663
35164,0.4323030866303265
35165,0.2829399500985432
35166,0.5068924404619514
35167,0.6202534353522031
35168,0.36569795523161974
35169,0.21864180052435178
35170,0.4063486979356242
35171,0.2869776438872396
35172,0.7370669840105668
35173,0.3639353727687925
35174,0.22324299415410948
35175,0.7265504164525688
35176,0.4467862645006525
35177,0.3628482581800608
35178,0.4284601119978518
35179,0.18264483754594033
35180,0.7002664807826874
35181,0.38266891571038963
35182,0.8115171816636272
35183,0.23687368469034287
35184,0.6012575567686103
35185,0.5462063352190973
35186,0.1244727267271374
35187,0.1905369511376671
35188,0.22628875157083875
35189,0.09729109009942948
35190,0.12539682125178758
35191,0.15163283274706832
35192,0.7082833373383199
35193,0.5431641857878887
35194,0.5892563744601858
35195,0.36922627340226927
35196,0.7695075614255554
35197,0.8207833713053873
35198,0.7336771563028995
35199,0.3225250164633366
35200,0.20812094359906538
35201,0.07004697612741144
35202,0.5988966370536574
35203,0.3813176127591636
35204,0.2898493610327186
35205,0.7424463534254614
35206,0.48675804088328095
35207,0.2791000997069589
35208,0.537865032551355
35209,0.420817463410765
35210,0.5494788616392924
35211,0.6635666057960924
35212,0.6071361516140186
35213,0.7027458406748401
35214,0.445101973090418
35215,0.6517171407939613
35216,0.4723584496700249
35217,0.5880948135333904
35218,0.3253335895450641
35219,0.42308782139412626
35220,0.6722225765489349
35221,0.16178898675804976
35222,0.6432291344950003
35223,0.26896121082871294
35224,0.21658332859676233
35225,0.18945044312435214
35226,0.37201651017845544
35227,0.6610307496173567
35228,0.5410077791620637
35229,0.2551949500225973
35230,0.2785666176478306
35231,0.5506509296427234
35232,0.15719647518580795
35233,0.7031705777233075
35234,0.7056405853327513
35235,0.5166729567216756
35236,0.27618755808124884
35237,0.5233799242620042
35238,0.30233919802376236
35239,0.35982160023856785
35240,0.321217252138774
35241,0.4368082321453973
35242,0.32947358789497483
35243,0.773010216245193
35244,0.23215988776531582
35245,0.5967468276000687
35246,0.8313070399222412
35247,0.2568678796014967
35248,0.31353403912530725
35249,0.792364234205188
35250,0.2698031726862887
35251,0.41628505689977496
35252,0.07600813682213028
35253,0.4655094278811256
35254,0.33323903943931843
35255,0.7331461745877296
35256,0.4912957769373834
35257,0.40538871335956644
35258,0.7075836677144256
35259,0.23115872964523146
35260,0.1846791300497249
35261,0.5710488459430176
35262,0.6692869377778107
35263,0.7890344815226338
35264,0.356195936576367
35265,0.34876613787489613
35266,0.6748995275650013
35267,0.7994503061973305
35268,0.6961961284621964
35269,0.5300903351759245
35270,0.7426941201507712
35271,0.20404211659438795
35272,0.11794325308030004
35273,0.2635609565418717
35274,0.21890671039980464
35275,0.606965644743049
35276,0.2586873615738098
35277,0.2627763340306362
35278,0.24516808000477167
35279,0.9114381299972648
35280,0.5449584027975836
35281,0.5851980233461102
35282,0.1455972293665339
35283,0.6443201480997576
35284,0.22463806022271848
35285,0.3563902852439103
35286,0.574199947512529
35287,0.7256195210080509
35288,0.8917240695297302
35289,0.37591428021697776
35290,0.12369647453650366
35291,0.23771900153329142
35292,0.5944678623600197
35293,0.5259617058956036
35294,0.35891870955527966
35295,0.6919119531833781
35296,0.24264918919522796
35297,0.8280563220230625
35298,0.3395245201346045
35299,0.5013479986684252
35300,0.6991069497085564
35301,0.6687603606760542
35302,0.6652914260572931
35303,0.3223220367235427
35304,0.21180119039122658
35305,0.5010124590921211
35306,0.34290433555252775
35307,0.15658409140732293
35308,0.7342212044434789
35309,0.6831254304534187
35310,0.5161535667460895
35311,0.6143768271819781
35312,0.385905555576779
35313,0.20217796501268878
35314,0.22543293192512237
35315,0.3892328098894908
35316,0.5626502445762384
35317,0.17568923011707605
35318,0.14404317931469562
35319,0.25858493167169305
35320,0.2852290059637638
35321,0.23727815488424833
35322,0.19170255112919898
35323,0.4253235716403731
35324,0.6021887270778622
35325,0.6777955329630277
35326,0.17289288826063037
35327,0.519201534012366
35328,0.18392471295136634
35329,0.5542993928427471
35330,0.18794057902414366
35331,0.14252285154995925
35332,0.14420792565555499
35333,0.6610459904808179
35334,0.6493860854429057
35335,0.7912859610916734
35336,0.18257318898445507
35337,0.6303725019831514
35338,0.670198188539524
35339,0.16924239242588573
35340,0.13135961427151152
35341,0.3388508130770047
35342,0.2056604420772564
35343,0.36805002087438626
35344,0.4034147081476816
35345,0.5239440063421132
35346,0.7065384012604815
35347,0.69017013081968
35348,0.26761919973264
35349,0.3709760094344523
35350,0.3835947402637669
35351,0.5509945351571125
35352,0.6368638447374895
35353,0.3915040230459122
35354,0.6159172889376165
35355,0.46624833496069024
35356,0.4859887949840041
35357,0.5178931824565899
35358,0.3709523242287312
35359,0.5454733677023286
35360,0.3259943417759485
35361,0.48485296328201677
35362,0.560219697619263
35363,0.39711157280953385
35364,0.33379839781583265
35365,0.28206489810145025
35366,0.6795192212533816
35367,0.5074431690549243
35368,0.6021071089005752
35369,0.3994109498644145
35370,0.8828822879075923
35371,0.5733567329029057
35372,0.6848684802783782
35373,0.3122179993851505
35374,0.7222399481936226
35375,0.7468192495051342
35376,0.4245095934915612
35377,0.24461288192184294
35378,0.751673040665375
35379,0.3384600300927491
35380,0.5502880599524879
35381,0.8275832654986631
35382,0.2699085380834902
35383,0.35779663249806576
35384,0.440824343414988
35385,0.6559734461974979
35386,0.45453385353255005
35387,0.36710553297319076
35388,0.3517248320299781
35389,0.3863925072980214
35390,0.3393544965520638
35391,0.28409567008111875
35392,0.12338346382362854
35393,0.6391263286095512
35394,0.6524887453356194
35395,0.7857204829569254
35396,0.4970514970539552
35397,0.8709599491614396
35398,0.20396450051658277
35399,0.24880039316010225
35400,0.6841999199032589
35401,0.42644196019607045
35402,0.3926390763758658
35403,0.20869343643204608
35404,0.4555252479968138
35405,0.7587930094561564
35406,0.449145787842329
35407,0.8738858588341041
35408,0.5843775138918912
35409,0.36997564645772224
35410,0.8335764919918321
35411,0.5742525787875263
35412,0.7622015439080615
35413,0.3229663734644142
35414,0.7004350029770318
35415,0.8673852434888307
35416,0.950071440321302
35417,0.7954306422593315
35418,0.7767564069705115
35419,0.35264122249899044
35420,0.7988181350495343
35421,0.6854051325758012
35422,0.8399449492243728
35423,0.8173466844405854
35424,0.6531595963409887
35425,0.8782524819563635
35426,0.8568672507427428
35427,0.8777055547855691
35428,0.4904542670614085
35429,0.6492491445493067
35430,0.5485725866736907
35431,0.7329585356291886
35432,0.3516645879504386
35433,0.5297577559629072
35434,0.5655240020780726
35435,0.94390668115688
35436,0.9518735987917561
35437,0.9065244983089408
35438,0.9448645319840139
35439,0.4145373705629099
35440,0.5074130803145447
35441,0.5087863589652198
35442,0.8999918935041824
35443,0.8725563190438297
35444,0.7229434236474441
35445,0.7907433379725217
35446,0.36354826075245567
35447,0.4934117454192686
35448,0.5349794777457326
35449,0.2859086207341918
35450,0.3143473367474122
35451,0.7540441009650362
35452,0.8289341544708301
35453,0.6486644021770543
35454,0.7508704280323694
35455,0.5656039124785501
35456,0.6245429567343745
35457,0.708588142917201
35458,0.7010590929141973
35459,0.912875078456593
35460,0.560056259064745
35461,0.8203588646886425
35462,0.46166453128356527
35463,0.6418726650555211
35464,0.7454999529230331
35465,0.865880672455042
35466,0.6558808638317963
35467,0.42566674302084084
35468,0.9518356594974369
35469,0.5343604358126156
35470,0.7041001300130264
35471,0.3802768434983578
35472,0.8808560901291003
35473,0.84679497078936
35474,0.4905764964399972
35475,0.2453829720755231
35476,0.5052238937364387
35477,0.3751589201901356
35478,0.6149151130290247
35479,0.24220672791023692
35480,0.7524293397001778
35481,0.17575533678116811
35482,0.22863776729353888
35483,0.25226335899791813
35484,0.4372625741841923
35485,0.34607267035564604
35486,0.33889864513314294
35487,0.8276490094460366
35488,0.3080129792167453
35489,0.26177874973663273
35490,0.8083188853976566
35491,0.6298329277290176
35492,0.44454296075321775
35493,0.6990967886227868
35494,0.4339166966812884
35495,0.7399118684793786
35496,0.27050834238427857
35497,0.39328145359004296
35498,0.725327530660634
35499,0.304642429949204
35500,0.2736860510556437
35501,0.2571616636660139
35502,0.21181499186976824
35503,0.9486120633419404
35504,0.7329238211220189
35505,0.1754952064347729
35506,0.2556530932296318
35507,0.47813496194835403
35508,0.25500441590143436
35509,0.410731446165538
35510,0.603745409997348
35511,0.5477563140821854
35512,0.43482789736394517
35513,0.4206044385855871
35514,0.6093912625087103
35515,0.6838723992506551
35516,0.25221218834422854
35517,0.8400564226549452
35518,0.28097144146147907
35519,0.5433402891259622
35520,0.6797092786681902
35521,0.2506688376023945
35522,0.6013885256173398
35523,0.31472993754601675
35524,0.2938272891577456
35525,0.24454333756992547
35526,0.4712206466540388
35527,0.5994758317529285
35528,0.17064585698531023
35529,0.6014590421907393
35530,0.34034443213551496
35531,0.5718560820486274
35532,0.5146060085012414
35533,0.24453576212614836
35534,0.4141264613879361
35535,0.3252405181535136
35536,0.7487037977692985
35537,0.6511998112933454
35538,0.13926460041571148
35539,0.6524863548682647
35540,0.3976196359645436
35541,0.714492184241885
35542,0.3758938567028252
35543,0.5905995388078472
35544,0.6002545587083455
35545,0.42208997547801974
35546,0.142866328350711
35547,0.6087687517798681
35548,0.3277185787509303
35549,0.2840589354467668
35550,0.21980196344905967
35551,0.7776583750148298
35552,0.32446940864633744
35553,0.9129563977036278
35554,0.6594666914215104
35555,0.6907172357934418
35556,0.7316578798494232
35557,0.8628113523620837
35558,0.7679500957830572
35559,0.12058461808530456
35560,0.6148164156353867
35561,0.28305848933395306
35562,0.2672645613031062
35563,0.4452067676236751
35564,0.2144592111689202
35565,0.3616298346729644
35566,0.35605708533618863
35567,0.1667199162251189
35568,0.23400014847194042
35569,0.15642730247666636
35570,0.5687719965108291
35571,0.6948689926190178
35572,0.5574041899415317
35573,0.22910818682023776
35574,0.5993877293312377
35575,0.10437320348123401
35576,0.5573265899020939
35577,0.31596378591721924
35578,0.7782397477985222
35579,0.4321702723912215
35580,0.41688892365626423
35581,0.7499370432964011
35582,0.4056814751567248
35583,0.5381941330910704
35584,0.4770805653256917
35585,0.7087426884341326
35586,0.6973226327476408
35587,0.12111597813258596
35588,0.1697807113962778
35589,0.28207252357052875
35590,0.22336856471049377
35591,0.33685719241123946
35592,0.529789205018005
35593,0.5529412942126203
35594,0.7734944363208119
35595,0.10255143956942477
35596,0.4068703509650272
35597,0.514466949313154
35598,0.580830216295339
35599,0.8645212182976658
35600,0.17895874245446236
35601,0.618417377562666
35602,0.673435674719316
35603,0.783586219339234
35604,0.4923223053920682
35605,0.19984790434821034
35606,0.7708834333696163
35607,0.417359656448752
35608,0.6885703506104228
35609,0.23961649533486823
35610,0.7771783916682021
35611,0.46311538931206264
35612,0.685498377956341
35613,0.37233241413761686
35614,0.27024683876597755
35615,0.6815579644040066
35616,0.6424759633974829
35617,0.3445318036745614
35618,0.36851446367820107
35619,0.3952678733053168
35620,0.49270088932809325
35621,0.3622850726307291
35622,0.4376227463570775
35623,0.9044215755090224
35624,0.43325575910631753
35625,0.3157896972563293
35626,0.06787719316424715
35627,0.19926240914816562
35628,0.44498783778103085
35629,0.5029004922955351
35630,0.5880405613177138
35631,0.6871395459710893
35632,0.5276008098575377
35633,0.44213212240231886
35634,0.28608197465058915
35635,0.2498533415657226
35636,0.24118631875735372
35637,0.5845101655257767
35638,0.6894387522033802
35639,0.23061637321693237
35640,0.2902339087666612
35641,0.7161369360793535
35642,0.21267265335485844
35643,0.42142613710558524
35644,0.7155027551939868
35645,0.4020470446889036
35646,0.26617064783851624
35647,0.5037451468645564
35648,0.4679903140777264
35649,0.3596617306334722
35650,0.15485830150035396
35651,0.6268435508179749
35652,0.20454583518773434
35653,0.5047914743044977
35654,0.48068378114602056
35655,0.6105884536702759
35656,0.4678817972213597
35657,0.3800716782743553
35658,0.5502074324535893
35659,0.6747584708648383
35660,0.11945231213148846
35661,0.2808969583465628
35662,0.1853983113023416
35663,0.5071807403244943
35664,0.4090479702224267
35665,0.3381121343391003
35666,0.46383855445459415
35667,0.28165877239995096
35668,0.7526924900747052
35669,0.3312689613177438
35670,0.26226589560359004
35671,0.2131425423585719
35672,0.4496315416923023
35673,0.6808932373019403
35674,0.3818293214700135
35675,0.23941896692911518
35676,0.7218235652712716
35677,0.7897052365304391
35678,0.507328767831104
35679,0.4988865966599499
35680,0.2672352497474827
35681,0.4295442100100809
35682,0.5196816618607895
35683,0.29375510107136865
35684,0.23643861813197817
35685,0.4579373083393771
35686,0.3089612954081185
35687,0.7646313258712911
35688,0.6265167923337259
35689,0.48715163240989506
35690,0.7299947570740628
35691,0.529058941010082
35692,0.2395779539466366
35693,0.6517911992085117
35694,0.4969421498002835
35695,0.6016455126131565
35696,0.18378868238671223
35697,0.780394986594515
35698,0.6603297158456882
35699,0.42766279472805163
35700,0.6591637836679931
35701,0.4858521754200369
35702,0.34036419384632577
35703,0.5748361693093997
35704,0.4771947614861079
35705,0.49912266160545243
35706,0.7444958541426826
35707,0.45795693930292825
35708,0.3909278504820243
35709,0.6190644699110561
35710,0.2142475804807882
35711,0.42563885855231226
35712,0.17191708836007122
35713,0.5304462959350845
35714,0.698478652136535
35715,0.599373847813296
35716,0.3219360235026581
35717,0.2996933482497212
35718,0.1853403119826389
35719,0.22058513590901108
35720,0.2581253389560876
35721,0.46554521859332215
35722,0.8045078871576413
35723,0.31208208196744197
35724,0.5485654473024388
35725,0.7783414911663713
35726,0.41476907971842
35727,0.7029676996080658
35728,0.7712717983358791
35729,0.3515157725293447
35730,0.1849313615292049
35731,0.4437355947030621
35732,0.33662283720777914
35733,0.5675811067108979
35734,0.6394105267393968
35735,0.49175519978486487
35736,0.6979840032065164
35737,0.3054590947088454
35738,0.34563293581199617
35739,0.6139833303257416
35740,0.48955022334579856
35741,0.4467564124586328
35742,0.6225093271817953
35743,0.6825628553458559
35744,0.43294293404001105
35745,0.5485917595831599
35746,0.4088424035623615
35747,0.8066030704750151
35748,0.07140944025580524
35749,0.3228910880673614
35750,0.6425987260173577
35751,0.18609907201692308
35752,0.1481343308652516
35753,0.11869239062602718
35754,0.5729452637618511
35755,0.3949681392847159
35756,0.21480885819254253
35757,0.4557434033568639
35758,0.5354964465511265
35759,0.32834089850381365
35760,0.6331807086674042
35761,0.6194213632196753
35762,0.7566931640500654
35763,0.1548651999149044
35764,0.2634663093355124
35765,0.40081282546643465
35766,0.1647524280147197
35767,0.2675837793215935
35768,0.5812187921300339
35769,0.4105214973448445
35770,0.747518265451443
35771,0.45342857038996914
35772,0.25405199409189877
35773,0.326006843915721
35774,0.13531260782649318
35775,0.30262877450035225
35776,0.4134131520458672
35777,0.6035481088246856
35778,0.6838113902292955
35779,0.6124619665642671
35780,0.3646125969522835
35781,0.30617226492222793
35782,0.3422560612025564
35783,0.6369907541172499
35784,0.7406855325432896
35785,0.7170919571151573
35786,0.5423020973186018
35787,0.7189479209667885
35788,0.5635135109761503
35789,0.2553435839671505
35790,0.5409428038223547
35791,0.3071723836349021
35792,0.14746077116556644
35793,0.41600992118113744
35794,0.1913580700635169
35795,0.22645461916532234
35796,0.3650201664468269
35797,0.6981817410675863
35798,0.791450350192715
35799,0.6225062930374078
35800,0.38809719011395316
35801,0.6950859193413494
35802,0.190749153436469
35803,0.150679178813273
35804,0.6275212934344646
35805,0.5888215103950662
35806,0.8488913388874327
35807,0.5065711683600372
35808,0.30632722981527316
35809,0.3053893734074345
35810,0.4060839646528816
35811,0.7050442123581675
35812,0.44355491395756946
35813,0.729655702881906
35814,0.5971649368562657
35815,0.14469281887940333
35816,0.4712189459002968
35817,0.15459372404537422
35818,0.2131532897974277
35819,0.807054001562239
35820,0.44028034060398474
35821,0.2587169145812341
35822,0.3666732358442594
35823,0.3651849791079856
35824,0.6661336759379723
35825,0.6713745323074667
35826,0.18686632101743111
35827,0.25757446090793856
35828,0.6173162866800292
35829,0.46024904118778454
35830,0.1328973542770354
35831,0.6697544396895114
35832,0.42693788813229827
35833,0.48128514581870596
35834,0.3895112039392821
35835,0.4532770746286291
35836,0.5117728301046288
35837,0.39521961664997135
35838,0.34876916003859004
35839,0.28743167273345066
35840,0.15786384280460816
35841,0.4576838349889263
35842,0.33173916941203485
35843,0.349700568706197
35844,0.5937167801289431
35845,0.33399020114428046
35846,0.5195146043593137
35847,0.8470660518496392
35848,0.763756884379629
35849,0.5527078858399593
35850,0.7538463708630464
35851,0.27299592624367824
35852,0.7385082750811184
35853,0.43928856351289347
35854,0.8600762360221187
35855,0.4938480131940178
35856,0.41552347101049397
35857,0.5884352052076206
35858,0.6504501191560561
35859,0.323196373115055
35860,0.28941683546191116
35861,0.38010469858292073
35862,0.17619840871146322
35863,0.5564601189212576
35864,0.5620425652700047
35865,0.4606429954219155
35866,0.847583491251566
35867,0.8150537288746411
35868,0.45284609381325225
35869,0.2869467857184794
35870,0.7759112022549036
35871,0.7919426769066278
35872,0.7013495472503084
35873,0.6348755547753033
35874,0.5706086200368421
35875,0.43363668120592436
35876,0.7130687495527968
35877,0.4820179554361703
35878,0.5537397930744712
35879,0.8670344705600858
35880,0.3289381896874539
35881,0.9372716798123004
35882,0.23582821292395492
35883,0.2903316211069509
35884,0.1520312392126997
35885,0.6331738412884578
35886,0.8416108377953574
35887,0.3980039386255827
35888,0.5518042957121646
35889,0.2664458525537819
35890,0.6030743753983694
35891,0.3667429538744351
35892,0.5868317487108236
35893,0.368966032344249
35894,0.6752649739836016
35895,0.5869111359174072
35896,0.3032096844458296
35897,0.6331905617826779
35898,0.7453765238815936
35899,0.6928388224790699
35900,0.3335143490906718
35901,0.7101319286556748
35902,0.21965013479246465
35903,0.6545197254588736
35904,0.5474843488375596
35905,0.8194246577162516
35906,0.5587926536870943
35907,0.4630709163805353
35908,0.4086246127270358
35909,0.3175702002196524
35910,0.6752999624859203
35911,0.5478947509980552
35912,0.2476896497600879
35913,0.3676520328942322
35914,0.3648224009344115
35915,0.33288143993825875
35916,0.402133677078417
35917,0.2782339185557956
35918,0.9116699431366995
35919,0.900453758921751
35920,0.7530191342453108
35921,0.7630201590485338
35922,0.5073361181050657
35923,0.6886739864208838
35924,0.6820197241706022
35925,0.7264456208783877
35926,0.7146675213250653
35927,0.6789995403620788
35928,0.7215624370551609
35929,0.7528920873904611
35930,0.8714005124972524
35931,0.8367173667886183
35932,0.644064585780969
35933,0.8846703724356328
35934,0.6491183964835732
35935,0.4673840273715206
35936,0.7665830794142794
35937,0.6965325173077361
35938,0.5800522553862167
35939,0.405206080258379
35940,0.8402235796453353
35941,0.6334757787032279
35942,0.6282506655976716
35943,0.8269456542837959
35944,0.5492234252864994
35945,0.7805608651693721
35946,0.8566019677641784
35947,0.5490253115372461
35948,0.7144305006417828
35949,0.9626861598376607
35950,0.6662770344473169
35951,0.8108378912959255
35952,0.7020528961229644
35953,0.7089285670886688
35954,0.4811548481909145
35955,0.3901967625867873
35956,0.6721884003985482
35957,0.773116847847852
35958,0.38586111275145885
35959,0.4365871505299162
35960,0.7281131777666909
35961,0.2510897387562004
35962,0.649237539902952
35963,0.5307085361728042
35964,0.7580565260668184
35965,0.5702315852259736
35966,0.45521300106700074
35967,0.7567832840024551
35968,0.5271408859907948
35969,0.4820873603186426
35970,0.7749682954313786
35971,0.5578727841856089
35972,0.7371284994414204
35973,0.34514760475031686
35974,0.7056811336174852
35975,0.8094883816541252
35976,0.5035871286119482
35977,0.35245061661297633
35978,0.4426989640373578
35979,0.3714187230611032
35980,0.17917336904678163
35981,0.5964282281903613
35982,0.20802519399110053
35983,0.4886865142781084
35984,0.7902830310833533
35985,0.26453206306667254
35986,0.7075307014695368
35987,0.5550776450447358
35988,0.7397897446811947
35989,0.3660747997704132
35990,0.35684287084819993
35991,0.7731407580076918
35992,0.24664637037317633
35993,0.7979761023103319
35994,0.34503538066722483
35995,0.7517331680166512
35996,0.6803593258363054
35997,0.3544201328251126
35998,0.7282949180014673
35999,0.20898389073052065
36000,0.32079552854353777
36001,0.27740292118613236
36002,0.5962517189366188
36003,0.6429447314387242
36004,0.9043028209247379
36005,0.40244028910885693
36006,0.33913286780872254
36007,0.28601947284986773
36008,0.3421046424162536
36009,0.7180031581439255
36010,0.5831898499301041
36011,0.6911758511447064
36012,0.8132263727590018
36013,0.7507388209476801
36014,0.5785538326526781
36015,0.1776958876246796
36016,0.07034881351424652
36017,0.24745426764304285
36018,0.3111773639638507
36019,0.2727363639717357
36020,0.18455690624396356
36021,0.5633890014171004
36022,0.2387713253607667
36023,0.6216100949856913
36024,0.13616929395878558
36025,0.23581288534339528
36026,0.6704908370683194
36027,0.6269191165230958
36028,0.6750982796299718
36029,0.5094690012446352
36030,0.6916812017622629
36031,0.25882479693492705
36032,0.26637088654024105
36033,0.38494100958708005
36034,0.6640886458867911
36035,0.6960361228205456
36036,0.5578715767950725
36037,0.9263724670769312
36038,0.6607097562007306
36039,0.26121210238777
36040,0.41220084446497474
36041,0.8399541571092534
36042,0.7984481046060367
36043,0.2816032678997086
36044,0.5422915895525763
36045,0.22299913821051565
36046,0.2671006852660793
36047,0.22423255246915438
36048,0.3035659039789738
36049,0.2294757451996366
36050,0.3422305876228518
36051,0.6948930664026147
36052,0.7401377042241482
36053,0.618257784650475
36054,0.4097341066454993
36055,0.271593163993758
36056,0.2557848086522147
36057,0.4444261451977383
36058,0.47973525752040086
36059,0.5733706670304636
36060,0.2646928001074176
36061,0.2687637676293038
36062,0.19874818053922147
36063,0.24969627235960318
36064,0.47925088441182057
36065,0.64197173505037
36066,0.5537231032317027
36067,0.5280712128351216
36068,0.20900283762981064
36069,0.47180239502561877
36070,0.19835450681161187
36071,0.2088536388399276
36072,0.16504908347021535
36073,0.2682592662748573
36074,0.20806319678231258
36075,0.6019511580142588
36076,0.6978272484849511
36077,0.31103945270571115
36078,0.5930665943759326
36079,0.18499010869708143
36080,0.6664752083517151
36081,0.40276768192866613
36082,0.6230543414198734
36083,0.2733081308795782
36084,0.6998667153165898
36085,0.38005576209997116
36086,0.1894141250529555
36087,0.37294244990182995
36088,0.5368947200287267
36089,0.8866939524371866
36090,0.10468228376539727
36091,0.3739389629746759
36092,0.1627749864160998
36093,0.2356486454438707
36094,0.42928202467294246
36095,0.22152065412446822
36096,0.6893137490837463
36097,0.18675032862162147
36098,0.19538189609165718
36099,0.412156133131352
36100,0.3295699520676131
36101,0.3907420118158428
36102,0.6698932132219136
36103,0.21263629696207456
36104,0.3853133264041874
36105,0.5663473194542875
36106,0.39370147356597823
36107,0.6436837107209421
36108,0.6312425249107748
36109,0.19630042947674775
36110,0.49900520351061994
36111,0.1537043806332684
36112,0.32982042692977276
36113,0.7745542508859289
36114,0.6383872365298333
36115,0.7680412024914886
36116,0.6447433491059297
36117,0.510877997560984
36118,0.6118182243633663
36119,0.29802025577884567
36120,0.33372141398809313
36121,0.505298163716628
36122,0.866884163574526
36123,0.565413099523457
36124,0.787178622731575
36125,0.5381405722727959
36126,0.6189010069927552
36127,0.29578693444590853
36128,0.6095793648736231
36129,0.7011266205716753
36130,0.14060488465944498
36131,0.8224524636579951
36132,0.5643141314885088
36133,0.17076730135176849
36134,0.7316953418957892
36135,0.13246083226976557
36136,0.2847671868908673
36137,0.6142516554422904
36138,0.2397565006701817
36139,0.23192175047722638
36140,0.4254442980676152
36141,0.8197211508516605
36142,0.6786928326755172
36143,0.27118338961328825
36144,0.7566936900536456
36145,0.3104733592060679
36146,0.5438628726696462
36147,0.608714819230485
36148,0.30679448718165203
36149,0.5172671054538021
36150,0.23486253673176732
36151,0.295444252597144
36152,0.12097679446144238
36153,0.21702901164225621
36154,0.5017706556181504
36155,0.19392102906581377
36156,0.6663247128242141
36157,0.48574871485477494
36158,0.3924513267707665
36159,0.1694801929338387
36160,0.12205475175485699
36161,0.25169847582436206
36162,0.5907000587325867
36163,0.5149297279422558
36164,0.16595641825096555
36165,0.39416494030322513
36166,0.2399114126408922
36167,0.38586291991863364
36168,0.17399709996964816
36169,0.39655709968156216
36170,0.4674681849615524
36171,0.5573106117214801
36172,0.7961005468250119
36173,0.35691399120196876
36174,0.1553455304045819
36175,0.45445890852222676
36176,0.3037775420868635
36177,0.6598583967003222
36178,0.7650080772664797
36179,0.5592761308691729
36180,0.5865120436386487
36181,0.5518277528538519
36182,0.17820601514774026
36183,0.5054070646968344
36184,0.7120251808888624
36185,0.5219730262479708
36186,0.5015519209804358
36187,0.30983822357045127
36188,0.6271082170916962
36189,0.5970410848660976
36190,0.4488980589271415
36191,0.5678753466336834
36192,0.374154707525815
36193,0.5781667109641113
36194,0.6163531767633478
36195,0.8120441659022227
36196,0.1743739523891518
36197,0.24216897195053833
36198,0.5859973437257336
36199,0.3410604697659768
36200,0.21637770226440475
36201,0.15179567552745982
36202,0.2921136516577489
36203,0.18032412964735506
36204,0.2785359425059208
36205,0.6494411856978054
36206,0.7458928120936664
36207,0.1991751239148172
36208,0.648815045992112
36209,0.5369657388483788
36210,0.39222554577285174
36211,0.27265040123087
36212,0.4223438774112036
36213,0.20300888899840913
36214,0.5944333725157256
36215,0.5587141970974527
36216,0.22866876018958898
36217,0.7091651086843306
36218,0.6784299459954823
36219,0.39975055939927867
36220,0.36855718766040363
36221,0.3712251691527729
36222,0.45827766633146294
36223,0.7923701636871298
36224,0.7466559810002591
36225,0.7014958099423703
36226,0.32989702627492806
36227,0.5840210892231171
36228,0.5442130751108993
36229,0.24096148303449763
36230,0.28888587532331483
36231,0.20810800503897933
36232,0.6828183142531488
36233,0.7486724987829257
36234,0.22220400461874973
36235,0.31483678877932203
36236,0.5093838176708584
36237,0.6881110833932356
36238,0.6262701140958574
36239,0.1983913818864511
36240,0.2732731656151152
36241,0.20913764878886834
36242,0.6640454921227783
36243,0.8617061606160692
36244,0.6527178230804684
36245,0.5126130445144366
36246,0.6598635556643673
36247,0.31670279883537894
36248,0.276072210226274
36249,0.3349375390179555
36250,0.5041474490157491
36251,0.7255946176015515
36252,0.25219882545491495
36253,0.828915466193832
36254,0.5310354154083532
36255,0.26055815826411993
36256,0.15649447718920553
36257,0.16512180539314128
36258,0.21471130803821384
36259,0.25891387877457256
36260,0.65571699242704
36261,0.6843548533030522
36262,0.4663102829631252
36263,0.548566503650746
36264,0.48585633635982445
36265,0.3269448698111836
36266,0.2999799398078035
36267,0.6595877488229804
36268,0.6903618961854476
36269,0.7557296193668502
36270,0.8972088836475911
36271,0.2627181886223995
36272,0.6092955571726728
36273,0.21086429194187967
36274,0.5130419976902301
36275,0.09474419013785317
36276,0.5385543222219703
36277,0.2344514412297567
36278,0.5012150283654591
36279,0.32231795588755496
36280,0.566698917736674
36281,0.1623281434390702
36282,0.34802148899802926
36283,0.5086737885835418
36284,0.16070336838601282
36285,0.3632758958771591
36286,0.564842253551916
36287,0.4310735303351655
36288,0.5618745763319803
36289,0.6733664280764343
36290,0.40722812191504276
36291,0.7870858584012506
36292,0.2804306431439741
36293,0.6734324198159606
36294,0.23309118829833822
36295,0.5960305531108666
36296,0.3175224559077921
36297,0.7081483299796322
36298,0.42805433383255737
36299,0.4583101243371802
36300,0.17989060325111159
36301,0.39239610889475224
36302,0.41599383508972204
36303,0.4956946801809387
36304,0.357486992488147
36305,0.7626206996208484
36306,0.6468992691537663
36307,0.240751984980563
36308,0.1334340571003964
36309,0.8017803958746809
36310,0.5479858983644018
36311,0.32054444958249656
36312,0.6895271605145941
36313,0.396011120762822
36314,0.21901847389140763
36315,0.46054772713610326
36316,0.45164412880189647
36317,0.12035119093589854
36318,0.6015997016287568
36319,0.4324369505941659
36320,0.9003303902938339
36321,0.6897220685033825
36322,0.7429013029995256
36323,0.5434328676871824
36324,0.6158649866048156
36325,0.4577900500222666
36326,0.5882240625523647
36327,0.5826631260923029
36328,0.6659041673475917
36329,0.5430308663906911
36330,0.7287130814221994
36331,0.40350683012843924
36332,0.7003418958090293
36333,0.16799074940522876
36334,0.2002872362561618
36335,0.7064073383451979
36336,0.318269607083982
36337,0.4615823351178793
36338,0.2785012196146422
36339,0.9446423639219623
36340,0.2808537305756756
36341,0.6432554678234097
36342,0.6935042241462207
36343,0.2801159978509859
36344,0.2802435640260704
36345,0.6118903258595685
36346,0.46925270630441923
36347,0.656295317171908
36348,0.18142089103200026
36349,0.3634631580213954
36350,0.2266316656219063
36351,0.4310949783387833
36352,0.37655347991229565
36353,0.4389820424888314
36354,0.5285373160526593
36355,0.12711673129398585
36356,0.29640774329643577
36357,0.32587946813716867
36358,0.39930882211985363
36359,0.4481298899121895
36360,0.8274531603927725
36361,0.6927812908176769
36362,0.5299928037866295
36363,0.6777276954638451
36364,0.2983233973164896
36365,0.25893972236271534
36366,0.24941607587344453
36367,0.3391087106622293
36368,0.6852845815139508
36369,0.7057659066328452
36370,0.176006852496262
36371,0.31441905002135506
36372,0.5857430170510818
36373,0.5889485841612994
36374,0.6908135071753205
36375,0.21225170141997157
36376,0.42410975903967774
36377,0.7451762080609142
36378,0.5659816297528103
36379,0.42221959724192926
36380,0.6033933641662053
36381,0.47477282248641156
36382,0.7162314193366864
36383,0.5408229306929431
36384,0.690089616950669
36385,0.4585074402053432
36386,0.6337319561075829
36387,0.3093205365637545
36388,0.49247340997563377
36389,0.23585289268250728
36390,0.6000075448060235
36391,0.7008349307349339
36392,0.8096709928093447
36393,0.23949065245168555
36394,0.40656016472022183
36395,0.3557714813787417
36396,0.3302220236503247
36397,0.6920049466753616
36398,0.6183951020728023
36399,0.7921578620277478
36400,0.5722957275754025
36401,0.3640875325453259
36402,0.5772860751991743
36403,0.8264595941646096
36404,0.7855470579581542
36405,0.7333921820086001
36406,0.7579307635605128
36407,0.6295508352718014
36408,0.7465933332611239
36409,0.5649675841759869
36410,0.5546919036050586
36411,0.566228967115086
36412,0.6910785136948151
36413,0.8570418250473535
36414,0.8331008548117612
36415,0.5764330585020667
36416,0.33600769515460366
36417,0.5821679232381965
36418,0.8098368317568512
36419,0.43834879178616254
36420,0.5227258252562031
36421,0.3561216106469637
36422,0.7928844010220918
36423,0.36807546019252585
36424,0.8327950327306638
36425,0.28562250686831775
36426,0.5990904142711296
36427,0.7564891419491083
36428,0.8476379704032401
36429,0.4596303411721726
36430,0.6846697652288247
36431,0.8480252999902758
36432,0.5545561285833498
36433,0.5666117964991959
36434,0.8257588875616705
36435,0.837574767742177
36436,0.6883824515130047
36437,0.6949178267053111
36438,0.7866960778537533
36439,0.6893673734267929
36440,0.7503989906997318
36441,0.7408947725701608
36442,0.9118730958241399
36443,0.5399807658191643
36444,0.7709354988249356
36445,0.4456735552556305
36446,0.6027836747410221
36447,0.9643055961522189
36448,0.8096167026041946
36449,0.36077567037822245
36450,0.2977242225497271
36451,0.7353801534797177
36452,0.5583174894411754
36453,0.807504132379766
36454,0.3129722746569918
36455,0.7933770682916975
36456,0.584964710129044
36457,0.4423121888038938
36458,0.6040145208265858
36459,0.7906707992052978
36460,0.6426562046875512
36461,0.6692692671108281
36462,0.7899472274215306
36463,0.5503455584655446
36464,0.8030607864356947
36465,0.6237111119188734
36466,0.918747940861503
36467,0.8106890921287735
36468,0.21417254395599986
36469,0.31864286530141644
36470,0.7338838914676351
36471,0.5750746324772892
36472,0.30574606805634075
36473,0.33097588801489214
36474,0.6177738107810448
36475,0.1803417472642046
36476,0.5261028862240281
36477,0.39044221022676173
36478,0.3896082577365901
36479,0.8072086056906538
36480,0.6211546632392693
36481,0.5033050111171292
36482,0.7188206319910193
36483,0.26335519860462037
36484,0.5969028263403764
36485,0.577066626153024
36486,0.44330973016282266
36487,0.3606546940106044
36488,0.30224610612735525
36489,0.8101951674254622
36490,0.6153592918367975
36491,0.1975096307268196
36492,0.16803543938261525
36493,0.7806197076226247
36494,0.5904135115027482
36495,0.32444063680776586
36496,0.350930037453874
36497,0.26343887519769704
36498,0.541135216889952
36499,0.3312084781641154
36500,0.7128446250447622
36501,0.2018049418357577
36502,0.6532956000235262
36503,0.67321428970288
36504,0.30104299581546384
36505,0.559877581488012
36506,0.16735984445932342
36507,0.5261275848431034
36508,0.6410336137295999
36509,0.5245884302500474
36510,0.35846755939821495
36511,0.6175533295279008
36512,0.3461759416189908
36513,0.22284580646386778
36514,0.9171519265263938
36515,0.6414301238906305
36516,0.15002284820713482
36517,0.31920906773270097
36518,0.24809866067139494
36519,0.31148886501418493
36520,0.2579891502323695
36521,0.5580342391161737
36522,0.45250470721743014
36523,0.22055660769721297
36524,0.7744979115578694
36525,0.19010154475464835
36526,0.21895588900755295
36527,0.23767886380699751
36528,0.46626646102474323
36529,0.3708370886306876
36530,0.4111171973280965
36531,0.8109885235696613
36532,0.6896718182787771
36533,0.3525059486573856
36534,0.7321015564659951
36535,0.594066604168364
36536,0.27446879836925203
36537,0.16799960771741929
36538,0.13950565718461636
36539,0.33958038953952174
36540,0.2289204391097659
36541,0.9272424286504383
36542,0.2011911411183525
36543,0.434440280121111
36544,0.7303869072438135
36545,0.4987203697123469
36546,0.2872044341795063
36547,0.5637800241995874
36548,0.4531722745088696
36549,0.49353482100395063
36550,0.6499239758191581
36551,0.6444148363789725
36552,0.18101493540110697
36553,0.2909872931636196
36554,0.4834884100922417
36555,0.345970678409186
36556,0.24738846006740486
36557,0.1988678529448355
36558,0.7032511505751357
36559,0.588921155906705
36560,0.5538293720422457
36561,0.32263342490747904
36562,0.2039092530850438
36563,0.42534512462942276
36564,0.3227374103567845
36565,0.5784277425579832
36566,0.6362505078800752
36567,0.2162784182738532
36568,0.26352145944059346
36569,0.4921473195848697
36570,0.32009870442936106
36571,0.6428130267532589
36572,0.7056134362179912
36573,0.7178678214730836
36574,0.8204427074045797
36575,0.6621187202947458
36576,0.8553755187679054
36577,0.3046291032285462
36578,0.39534917362513566
36579,0.480006947447369
36580,0.2861894937458887
36581,0.3231953469089416
36582,0.24749545394205041
36583,0.8422886451448118
36584,0.7456025495373987
36585,0.3202432514375623
36586,0.2862038547253568
36587,0.5292518803294124
36588,0.3717830507727156
36589,0.22979134668689957
36590,0.24060769781828142
36591,0.7760613569913297
36592,0.7092313993560536
36593,0.47885509003825205
36594,0.7254282037302945
36595,0.5165613195147518
36596,0.5796700421340478
36597,0.5631448236655776
36598,0.38591893016788636
36599,0.6450078130522898
36600,0.2767710144652576
36601,0.3273162101771255
36602,0.5853382665958445
36603,0.5012380620246313
36604,0.38333175730386015
36605,0.6545934292078777
36606,0.4752761807213197
36607,0.3023226531810147
36608,0.6863073197180775
36609,0.6989005771591007
36610,0.7427858502462301
36611,0.6824405253753357
36612,0.706613500157796
36613,0.5800489024989446
36614,0.5844467305087162
36615,0.6442425716620014
36616,0.48852350746006973
36617,0.5981177206020318
36618,0.34696146406362016
36619,0.48172378278146344
36620,0.39889411609103886
36621,0.19753710736149077
36622,0.19294931901713072
36623,0.33330841996468935
36624,0.6028628471373721
36625,0.19569932182656832
36626,0.29963500621444383
36627,0.5843285593230633
36628,0.19007643804825256
36629,0.228702281234738
36630,0.6730342612176653
36631,0.5228819194917235
36632,0.5004743992477144
36633,0.485064711343252
36634,0.15718358177232103
36635,0.3846274671547956
36636,0.4119712966515029
36637,0.31896072532355624
36638,0.5408347778801476
36639,0.5153775329139114
36640,0.721719540545916
36641,0.6022273941881228
36642,0.6494351099262016
36643,0.7533498928146195
36644,0.49128128844919067
36645,0.6524725950531463
36646,0.2721779876207772
36647,0.5553028860128102
36648,0.15919542400372985
36649,0.43413163683268
36650,0.6029501320838246
36651,0.31387608439930376
36652,0.35920981998214796
36653,0.8091409924741881
36654,0.4313268781314977
36655,0.6183909618172175
36656,0.329816450073355
36657,0.18125589624505228
36658,0.16104053823187583
36659,0.41566449492259566
36660,0.5464284769207289
36661,0.3704215922684306
36662,0.375101393743049
36663,0.6297470949884105
36664,0.5344214723909148
36665,0.8438114055587919
36666,0.17249109456832157
36667,0.6632482948248766
36668,0.6035125838621481
36669,0.12783454758744345
36670,0.5286179793537615
36671,0.32410753044665097
36672,0.26217078677183026
36673,0.2515205063601344
36674,0.16503151116721665
36675,0.20651239273108093
36676,0.508638136101289
36677,0.4894253636537034
36678,0.8206576116553093
36679,0.49100472613147916
36680,0.4101690563141443
36681,0.67869752660804
36682,0.5755578126448281
36683,0.16623709574071668
36684,0.771345690882145
36685,0.4582587690014652
36686,0.4092264957088424
36687,0.5847996224114713
36688,0.179223914600929
36689,0.2617629584806855
36690,0.2819394196438185
36691,0.6827386049611835
36692,0.5420525013609289
36693,0.6911942796112545
36694,0.15139617850578777
36695,0.4878919755681584
36696,0.4333918567054214
36697,0.2469183315802851
36698,0.5268319599782971
36699,0.6672243718856714
36700,0.5173515141492747
36701,0.7775695606226654
36702,0.3174610312031894
36703,0.20884900975931364
36704,0.13241525109603577
36705,0.20887859842672662
36706,0.6768595238072121
36707,0.39871724556074534
36708,0.16369516399136202
36709,0.6238579330486881
36710,0.5004335770094834
36711,0.35829183464071673
36712,0.658067347892737
36713,0.5864974192046453
36714,0.2536919640645371
36715,0.5245152379808264
36716,0.39175579053986753
36717,0.35955825561992155
36718,0.6967651774485146
36719,0.2626144675493137
36720,0.2247472461859055
36721,0.6000579677075634
36722,0.5275498593820017
36723,0.2288638404814419
36724,0.6878028380676241
36725,0.4421489706093252
36726,0.2747635277041159
36727,0.3799510146460003
36728,0.36887235380136074
36729,0.664538598761367
36730,0.531432924973072
36731,0.4149807347336029
36732,0.5912572384691586
36733,0.3050067283307128
36734,0.22862028009517413
36735,0.6272806319517016
36736,0.25587247473032493
36737,0.7931310655206519
36738,0.30330045193624766
36739,0.7374159100368795
36740,0.6029555743585885
36741,0.4529712710456238
36742,0.46766314247966656
36743,0.6423604698406291
36744,0.7426211942721194
36745,0.2728509958960663
36746,0.5420139255158342
36747,0.582192828819575
36748,0.6721080025136658
36749,0.392543846236203
36750,0.33421317226632535
36751,0.4905794827331859
36752,0.6300085636985103
36753,0.5210501461785091
36754,0.5811911456321539
36755,0.3032880158890886
36756,0.6666794780867799
36757,0.16910833374536904
36758,0.9022356524848936
36759,0.3226951399951429
36760,0.18882112037168955
36761,0.5533331252100733
36762,0.36024010069337753
36763,0.174510184001615
36764,0.6919507103801722
36765,0.4985522224366602
36766,0.7408157083114352
36767,0.7331741052076696
36768,0.28906096696828204
36769,0.3454771523138916
36770,0.32758878641273914
36771,0.5105245350238261
36772,0.2596313063166517
36773,0.6134730122247816
36774,0.42988476102915174
36775,0.34093674715908484
36776,0.7091507242963274
36777,0.5678274315409051
36778,0.26816133062123204
36779,0.8718435686878466
36780,0.22297302052595153
36781,0.19278456474934236
36782,0.3938343557774744
36783,0.19856784199890745
36784,0.8296333722523334
36785,0.664182188900261
36786,0.3410977529386628
36787,0.6722602896858235
36788,0.44563666803152485
36789,0.16668309647037025
36790,0.5131067112964305
36791,0.6339995188270311
36792,0.3762503556269134
36793,0.2952101305972704
36794,0.8141998268237295
36795,0.3096477467981194
36796,0.6735201140157234
36797,0.4802055967464651
36798,0.6278778714001363
36799,0.1784112693386355
36800,0.10322196245948285
36801,0.28395449618411117
36802,0.8196574790928985
36803,0.2810310945654104
36804,0.3585448651959995
36805,0.42669367080614395
36806,0.6554943510155161
36807,0.78888163183159
36808,0.44275765575372716
36809,0.18999827788028723
36810,0.7156057352733081
36811,0.6449136456150714
36812,0.5628642219170904
36813,0.43969243257351337
36814,0.5985256859211991
36815,0.6700069067812431
36816,0.5287764911718652
36817,0.3384245504868055
36818,0.1701187149424152
36819,0.5705116887908183
36820,0.6699462147473372
36821,0.19213040781761337
36822,0.5071489127913726
36823,0.6206367329856703
36824,0.4164003636676474
36825,0.42183323475716494
36826,0.16392347555547268
36827,0.3017751491959697
36828,0.631266166404729
36829,0.38433267601433313
36830,0.4961333022710688
36831,0.8441989772253085
36832,0.8996900426302629
36833,0.7020229788105072
36834,0.6937460914979917
36835,0.21856849029385753
36836,0.4959577790931279
36837,0.5946449957567115
36838,0.2434640868037704
36839,0.6970304206708463
36840,0.4196022185396234
36841,0.3173413787743253
36842,0.31285559455553386
36843,0.7116485893141972
36844,0.35361271393793875
36845,0.3998923448589491
36846,0.1354937683625435
36847,0.5177573927284456
36848,0.8261767459549201
36849,0.46433428797633275
36850,0.4609661305473384
36851,0.4526350105034347
36852,0.8173490733838984
36853,0.25921372837206347
36854,0.2630399137824862
36855,0.2988339227305404
36856,0.3793432565948247
36857,0.4577427716020984
36858,0.6866427486307706
36859,0.4797470666476992
36860,0.5600377637240074
36861,0.5564896542417334
36862,0.7796811022551697
36863,0.6867162728874782
36864,0.7033510286369373
36865,0.20343387362909626
36866,0.37608341832328285
36867,0.5031339305489414
36868,0.5508892659205684
36869,0.5672413398217727
36870,0.2565506937001928
36871,0.6382286646478831
36872,0.6007274836826288
36873,0.38196351615276347
36874,0.6818035332713008
36875,0.5621118347162843
36876,0.7588024009317623
36877,0.33225957625802116
36878,0.2685201693108457
36879,0.1677962624207823
36880,0.5710032564719492
36881,0.319591251228046
36882,0.6308078111676347
36883,0.2412660482952442
36884,0.7385916751313633
36885,0.38268641364575623
36886,0.27495187734864013
36887,0.2745747602620519
36888,0.3607654401637193
36889,0.3786758793060874
36890,0.46996928353094497
36891,0.27033881170118046
36892,0.5396041752280054
36893,0.23694290848525554
36894,0.5578949452645162
36895,0.8611248052249509
36896,0.8479439697540851
36897,0.6744449243534705
36898,0.7638360851262759
36899,0.7626712586962984
36900,0.94236585804877
36901,0.8076924386913821
36902,0.4692763708347572
36903,0.41563075076496575
36904,0.6580343680515236
36905,0.7133277370623852
36906,0.6083697577110351
36907,0.40148186030256294
36908,0.8607787462331505
36909,0.7066941381184616
36910,0.3473496303602494
36911,0.94285525232397
36912,0.6536630937052113
36913,0.8924343650828102
36914,0.8179368911412103
36915,0.642237531058732
36916,0.5272494499019348
36917,0.6087866528418115
36918,0.6086033476307872
36919,0.969654327752522
36920,0.9398694491760718
36921,0.6243114067658303
36922,0.5768266907195333
36923,0.5823786145165156
36924,0.803989171029134
36925,0.34885235456493935
36926,0.7680154801011062
36927,0.7855202028682434
36928,0.799874950457057
36929,0.6531352600395536
36930,0.4871074911838376
36931,0.8684518096745926
36932,0.6642243738316239
36933,0.8840405938975514
36934,0.6540597199854029
36935,0.7700294099444941
36936,0.7828750125287005
36937,0.860005362025835
36938,0.8765845345315894
36939,0.27867971035032657
36940,0.67952954196102
36941,0.8751398583921448
36942,0.6090162693428446
36943,0.8883534550568736
36944,0.5536627274666943
36945,0.7705490935966671
36946,0.44552955927963067
36947,0.9505840201291766
36948,0.546598236421295
36949,0.6301626700055384
36950,0.47432655979990285
36951,0.8044254221271628
36952,0.9568915749763693
36953,0.3541993455096973
36954,0.8181875739656851
36955,0.8064002870431831
36956,0.5457818273466541
36957,0.5747074080363338
36958,0.5920793212731026
36959,0.33108794130862274
36960,0.8255489870913003
36961,0.2643220134682778
36962,0.3677208516281958
36963,0.31931603010984727
36964,0.33381846596529446
36965,0.38584148792485407
36966,0.5819395326540363
36967,0.2621518997316154
36968,0.5266720376085208
36969,0.8038126731340587
36970,0.31564165631338015
36971,0.8310789978344226
36972,0.4267503333950942
36973,0.6008916967435967
36974,0.8123903114233557
36975,0.16340222425464926
36976,0.5852126035053371
36977,0.4299389346670577
36978,0.34880587925631495
36979,0.46000725045248925
36980,0.7661547686722135
36981,0.1536847741712967
36982,0.5493325300200904
36983,0.28365707577045157
36984,0.4376516531011194
36985,0.4568295162209326
36986,0.5688216489578497
36987,0.5757649258356873
36988,0.15404350244431025
36989,0.6245433292864352
36990,0.5414257996716079
36991,0.8674693622984997
36992,0.13689212732277603
36993,0.7520630161319023
36994,0.25560345376282545
36995,0.5917068529983691
36996,0.13264675096418027
36997,0.6495042092750057
36998,0.7617429724775312
36999,0.7162524685183128
37000,0.7869568195252803
37001,0.2237594739752942
37002,0.5784469392261018
37003,0.8120684198320145
37004,0.5770998900039807
37005,0.7406490246564622
37006,0.22986420073049132
37007,0.619929553053284
37008,0.26095295558761805
37009,0.5356039737079056
37010,0.5760246422589598
37011,0.8538491974037973
37012,0.11680319046727408
37013,0.7041521779424954
37014,0.859384126116496
37015,0.20769681847252322
37016,0.24909057484302702
37017,0.23102400906638607
37018,0.8538212902389299
37019,0.6532173978724825
37020,0.6245840913699956
37021,0.6133236596293687
37022,0.588075964194608
37023,0.15800565505620764
37024,0.14935238374510218
37025,0.38777897081915436
37026,0.3512771254984278
37027,0.5856103039230405
37028,0.5533780377163044
37029,0.5668915979812631
37030,0.14092822586613998
37031,0.3284782636476708
37032,0.38264712184758265
37033,0.8971160219611034
37034,0.6463970959845783
37035,0.30271068995623324
37036,0.400502843721778
37037,0.7822730685672239
37038,0.5094507875570498
37039,0.548842544904678
37040,0.40062900955255143
37041,0.7931485322484165
37042,0.6219128520294239
37043,0.4272044413057007
37044,0.697090097221728
37045,0.644923124238518
37046,0.39204025659945085
37047,0.44580370655638646
37048,0.2954665132110639
37049,0.6476669229416054
37050,0.6999680004571048
37051,0.7489615559087548
37052,0.861097794815558
37053,0.6158323307517356
37054,0.10188619456431282
37055,0.17882579433213833
37056,0.3316839035414111
37057,0.31851891265356963
37058,0.43540310978629665
37059,0.6389792671895914
37060,0.7274882864988965
37061,0.5315042344874279
37062,0.531752651125276
37063,0.5222476495529407
37064,0.30816748771771235
37065,0.5822108240900759
37066,0.21937785407542465
37067,0.805436098834004
37068,0.5627067265155148
37069,0.49507476191117245
37070,0.5931257806361289
37071,0.6430139428670102
37072,0.20683566036937154
37073,0.3832718972154159
37074,0.5312985568703101
37075,0.5349478703716111
37076,0.27891491760289705
37077,0.37844541578564694
37078,0.8792990694927237
37079,0.8820525717599534
37080,0.5013102822437836
37081,0.5972428239733811
37082,0.37857331159201185
37083,0.37232982940227655
37084,0.27384536897070566
37085,0.5256285379041522
37086,0.24993822423151066
37087,0.4051402763243377
37088,0.2266662053413164
37089,0.693569601297356
37090,0.663537421789595
37091,0.3277897865090512
37092,0.39232726820137787
37093,0.3614634611071244
37094,0.20760968855787007
37095,0.6286967845641267
37096,0.278804398818926
37097,0.3076688982770928
37098,0.31931791644921625
37099,0.7516966236923744
37100,0.47129618634255116
37101,0.3948601973931181
37102,0.12054792571281255
37103,0.4825298385411049
37104,0.5928350700956572
37105,0.8708944468262689
37106,0.5518690587640983
37107,0.7023906494662284
37108,0.27835727283363176
37109,0.13842837625754636
37110,0.31505456137933824
37111,0.3930869049571958
37112,0.5424226159142913
37113,0.18228855748495124
37114,0.7851811471255404
37115,0.5195544570929903
37116,0.4203111311143645
37117,0.5820313899185418
37118,0.5473746772813392
37119,0.719075330380459
37120,0.3350950361055837
37121,0.6468237200446072
37122,0.4939019320061943
37123,0.5557773339907747
37124,0.3205092098309975
37125,0.7840558261287757
37126,0.45231744687266995
37127,0.2552041380386385
37128,0.5984203321081041
37129,0.43350393327666925
37130,0.699714852478161
37131,0.5173496427970993
37132,0.660927672609434
37133,0.6027623576120117
37134,0.42186862861413343
37135,0.8016419320564858
37136,0.24520746723626016
37137,0.47912308845730794
37138,0.5524745176664007
37139,0.3851620754945418
37140,0.8741406443107208
37141,0.8407707578897187
37142,0.4951085146084628
37143,0.4484214345587976
37144,0.4800245492572331
37145,0.5274107430483908
37146,0.4161840539482251
37147,0.30229616585337726
37148,0.33102207309452053
37149,0.36778407418071807
37150,0.2393464455369892
37151,0.30188547004735095
37152,0.1689205760172537
37153,0.2579204845042062
37154,0.393190916403135
37155,0.37702597238839136
37156,0.569062647709226
37157,0.6324965248042459
37158,0.5374666193959887
37159,0.4639857225831727
37160,0.32813125603684495
37161,0.323950691380778
37162,0.27902947416429974
37163,0.5492410553904509
37164,0.3901580138570643
37165,0.7462330980040851
37166,0.15342778161083742
37167,0.6745592798649244
37168,0.3315160936465325
37169,0.8044598618756403
37170,0.713361055412559
37171,0.4092590703254352
37172,0.3124543434423164
37173,0.6421047093372512
37174,0.7536905339034328
37175,0.7236997131707702
37176,0.6081802519357792
37177,0.45499094913042154
37178,0.536830883794471
37179,0.26309429565508285
37180,0.6120123041843625
37181,0.3671345739050013
37182,0.6521795587806636
37183,0.34970627982044167
37184,0.3706788540525119
37185,0.1653999191854446
37186,0.36371765461878486
37187,0.6381054128678031
37188,0.4729579671124208
37189,0.34999298347423247
37190,0.7080578300561805
37191,0.5345322190026522
37192,0.41520637942768857
37193,0.33482038053434277
37194,0.24534645170044944
37195,0.3965048198485056
37196,0.2682513026558137
37197,0.11176245868510376
37198,0.6398111411087469
37199,0.49112381837741725
37200,0.3474506852706673
37201,0.7158648571395928
37202,0.20642068700127125
37203,0.6991869539605259
37204,0.32337027192336104
37205,0.21767838889537203
37206,0.5331893806551242
37207,0.31741406833366564
37208,0.7100359312035603
37209,0.1382589475693517
37210,0.6125802362260049
37211,0.5425105166519911
37212,0.5093734364089854
37213,0.7020831746143404
37214,0.4347210138888137
37215,0.46359467970900164
37216,0.7624347714259465
37217,0.1756775169855364
37218,0.5245928535704468
37219,0.6116844413457277
37220,0.291574650468837
37221,0.3719608473439598
37222,0.46487161158281837
37223,0.2329436062541665
37224,0.47380705000898043
37225,0.8733661728706331
37226,0.2889466943983058
37227,0.4277998346372935
37228,0.5740396659418274
37229,0.2844297023430984
37230,0.37323780430895687
37231,0.3737622179774612
37232,0.2999083514360907
37233,0.3957232489437077
37234,0.5959554727598441
37235,0.6948866263805801
37236,0.5904959347964628
37237,0.5467026341895554
37238,0.704890373259799
37239,0.40932486848789235
37240,0.3135568047153892
37241,0.6530950090254017
37242,0.39923666697417004
37243,0.6943791887559791
37244,0.5063474576197086
37245,0.21972705263835185
37246,0.4859419998092482
37247,0.16733549303331677
37248,0.5652165546267708
37249,0.2816715542515667
37250,0.6969332239578722
37251,0.6859300697162853
37252,0.19593639462840268
37253,0.6407730403669444
37254,0.31835223791726297
37255,0.3209623353192912
37256,0.20028481515939564
37257,0.1256329664720133
37258,0.5541852653380349
37259,0.6703295816713996
37260,0.7861836470662991
37261,0.43076692121490573
37262,0.5296411565582196
37263,0.19650856659293767
37264,0.17775909381326546
37265,0.11188985236881684
37266,0.21525560671483757
37267,0.5872888600828494
37268,0.2468200946314765
37269,0.7708072932324839
37270,0.22641056131674778
37271,0.6934364671065331
37272,0.6018526008684632
37273,0.1921843402837844
37274,0.27688197141595017
37275,0.7003684761125449
37276,0.3192691112414937
37277,0.532856855302525
37278,0.5486163455865073
37279,0.5559952028655556
37280,0.7682203986599943
37281,0.7594279665525682
37282,0.39445794954672364
37283,0.31492020216891886
37284,0.13701744766221075
37285,0.2607923208816682
37286,0.595545931523595
37287,0.12973001665012523
37288,0.19503882908765424
37289,0.7438750073885372
37290,0.7617185840230198
37291,0.5015952597240897
37292,0.7289168686357997
37293,0.7929370105299353
37294,0.6594142512251997
37295,0.30674772783120474
37296,0.32818190795367014
37297,0.7206390216275838
37298,0.5278405144625047
37299,0.5228132018855741
37300,0.36147006512725316
37301,0.6359055056909575
37302,0.4566386873956269
37303,0.3098703546802752
37304,0.7386116784519625
37305,0.36267510369495015
37306,0.7642269864385967
37307,0.22819687639966532
37308,0.6298567277633005
37309,0.4747111590979077
37310,0.323270248291951
37311,0.7639813812776166
37312,0.6156212185333734
37313,0.22435165976635799
37314,0.3424127660768111
37315,0.5719621121346232
37316,0.1919686742673563
37317,0.18372249662008022
37318,0.30990766579626416
37319,0.22747236796816636
37320,0.2356367525579527
37321,0.13846973179152736
37322,0.37826429650536664
37323,0.6982212653931245
37324,0.452514125179645
37325,0.5833804513563711
37326,0.6367924717336777
37327,0.5480069052206817
37328,0.6746432935663527
37329,0.5131288659874679
37330,0.7159260622270377
37331,0.6269971258156427
37332,0.35151516182718195
37333,0.48996106389970684
37334,0.6717572514702851
37335,0.32499018496706633
37336,0.5351440055428559
37337,0.5695393168682199
37338,0.8609733740265284
37339,0.1766972844787706
37340,0.2546503376603318
37341,0.5230523276089213
37342,0.788164091229001
37343,0.6070049870903822
37344,0.654435978561279
37345,0.2806375366833864
37346,0.7061244902807994
37347,0.5193183957708611
37348,0.5592094721381724
37349,0.5876341376149788
37350,0.5460365081095965
37351,0.609331257180794
37352,0.7495399392483201
37353,0.47293369059792867
37354,0.6991614490220828
37355,0.39137398384440525
37356,0.46289390287823445
37357,0.3980383735555786
37358,0.6414752211205188
37359,0.43238550232788636
37360,0.42972249564330467
37361,0.450635339634777
37362,0.794188310735028
37363,0.2416406303239517
37364,0.5386514773644789
37365,0.4286115238918763
37366,0.4755066030357784
37367,0.17565470622569376
37368,0.5152375092040365
37369,0.655280663060698
37370,0.23641590475766025
37371,0.6969151592050495
37372,0.2623550140656119
37373,0.7858920648558261
37374,0.18404150606445208
37375,0.31958745913357567
37376,0.7280025776416321
37377,0.14754840680580586
37378,0.6577376561618181
37379,0.3564353189068295
37380,0.7362596560513907
37381,0.8292163307608207
37382,0.816808546762035
37383,0.3859763862025751
37384,0.3208253503956678
37385,0.589317560232219
37386,0.1853368467858538
37387,0.12288203903936651
37388,0.21240238760813554
37389,0.7869044507345574
37390,0.7842464676564915
37391,0.3795418718839838
37392,0.8246493943172261
37393,0.6449150331639051
37394,0.7842772039260102
37395,0.7249012524626952
37396,0.6295289452885323
37397,0.764193488633043
37398,0.8827379172670019
37399,0.7225323666228906
37400,0.7718039165645508
37401,0.8604404029419348
37402,0.9175708220393992
37403,0.7922886869780081
37404,0.7295493265503251
37405,0.6262114119484752
37406,0.9239665278745227
37407,0.6007554554082549
37408,0.7232396363702258
37409,0.957806727818806
37410,0.7871722919598724
37411,0.8388957395528946
37412,0.8213535949380815
37413,0.7201598880288557
37414,0.7529071515346452
37415,0.5224851745506719
37416,0.6398932811731577
37417,0.537910416761606
37418,0.5472424714304047
37419,0.7921569961912849
37420,0.6306879719474059
37421,0.6415781389190632
37422,0.6254524427898792
37423,0.7297888883072525
37424,0.7259656569033145
37425,0.2570729950960842
37426,0.7384507396428015
37427,0.685682344872674
37428,0.6907294521674467
37429,0.8346454071032047
37430,0.7053853974645043
37431,0.9279383794489905
37432,0.37455842043785
37433,0.7332220474672706
37434,0.5912204941142962
37435,0.45977984746135936
37436,0.9261729881169276
37437,0.5213541297008262
37438,0.3712953566073062
37439,0.28460109657352634
37440,0.8402975697545858
37441,0.6257967964819685
37442,0.7516798680562029
37443,0.6988011321812827
37444,0.6770992660006607
37445,0.6085403813544356
37446,0.33387404834318063
37447,0.6246950816869478
37448,0.7588518246495436
37449,0.7662648356323014
37450,0.7554718777642284
37451,0.7921900166106384
37452,0.8402711135607204
37453,0.8233458002065864
37454,0.5408989495962854
37455,0.5649192511426463
37456,0.8979079090988994
37457,0.8640637748492177
37458,0.680593880147718
37459,0.7038384450798469
37460,0.36506279710014616
37461,0.7988267781311187
37462,0.5814071031720882
37463,0.9526548878092237
37464,0.250025978905061
37465,0.5284579577459508
37466,0.37026704449668235
37467,0.3422453239600155
37468,0.5778810097854433
37469,0.45659847665946246
37470,0.42081974630190144
37471,0.5059358826027954
37472,0.5213176393859356
37473,0.416325294912448
37474,0.8829900721029119
37475,0.6418966568460958
37476,0.5198947732159592
37477,0.34018607124440126
37478,0.18454598374457726
37479,0.9177446321193972
37480,0.42995653560532543
37481,0.689728333142261
37482,0.8042170685727769
37483,0.46122280135172916
37484,0.4042426927982928
37485,0.6415543874287224
37486,0.45346741459584416
37487,0.2770554292983206
37488,0.8353543050643272
37489,0.5655955820894818
37490,0.3112254256683886
37491,0.8056481119446705
37492,0.7402324672646616
37493,0.16995160581915744
37494,0.5937549306518897
37495,0.4824857943137422
37496,0.4195934085834311
37497,0.3695297619390743
37498,0.5415206625490402
37499,0.1949602698167636
37500,0.20661444240157698
37501,0.5792245649681437
37502,0.3334189749789724
37503,0.48549119082485925
37504,0.3468986567202522
37505,0.31442925413997913
37506,0.19279673099640232
37507,0.17993005569922227
37508,0.5589802491084233
37509,0.6780958718169898
37510,0.638862614389813
37511,0.5889208248245672
37512,0.33297168214478273
37513,0.4386954385218826
37514,0.4247108225824466
37515,0.24505981050744186
37516,0.6969696550965142
37517,0.2748413595128968
37518,0.362575885744713
37519,0.5789824709782689
37520,0.34668187682899954
37521,0.43836192582773736
37522,0.25808930756419635
37523,0.5238587640144833
37524,0.1533393829279402
37525,0.3788160214745808
37526,0.39316520423802326
37527,0.24326313575092
37528,0.16876145550695185
37529,0.7420888185927529
37530,0.529776712860061
37531,0.19878130762476473
37532,0.6458465097559921
37533,0.3366652673165241
37534,0.5164201400047499
37535,0.2605936282088761
37536,0.38658665167218825
37537,0.43033710052630825
37538,0.28878814767473365
37539,0.44280148193686003
37540,0.8356440390160788
37541,0.29276148332466745
37542,0.4479967993105465
37543,0.19335591250223766
37544,0.8259548088411581
37545,0.4020589136796243
37546,0.6062235407451984
37547,0.20049791414046989
37548,0.6550266024308863
37549,0.46565416519307223
37550,0.5836411236316194
37551,0.8156632552940669
37552,0.24835044113274599
37553,0.7959435979721468
37554,0.7147980932082962
37555,0.6038810732034059
37556,0.7729480209527388
37557,0.4962593381455634
37558,0.4775405735000855
37559,0.4754172243584533
37560,0.3047685061856236
37561,0.32005004358944605
37562,0.3954281073067029
37563,0.26748529235262763
37564,0.37914162914059635
37565,0.2674916458586834
37566,0.6028250285300889
37567,0.6204540825105419
37568,0.4684442921568269
37569,0.6285837582696869
37570,0.370342044281836
37571,0.4849834058824239
37572,0.2461656552428888
37573,0.7419044618916036
37574,0.4861773893153911
37575,0.40319787550068537
37576,0.8093549353577307
37577,0.3576771616694521
37578,0.395272416404576
37579,0.24159399084547725
37580,0.545849852797351
37581,0.7293347569684716
37582,0.6550653322064275
37583,0.18500676816004455
37584,0.46994695036881134
37585,0.6298064391703193
37586,0.4060040160524603
37587,0.39397967468987005
37588,0.5183385649682575
37589,0.7044216753041839
37590,0.6762389416176884
37591,0.7534974352629585
37592,0.5141118854063546
37593,0.25529293115516666
37594,0.19379344596931727
37595,0.6005198894425822
37596,0.5934092647132507
37597,0.2741235466774842
37598,0.4487372761154134
37599,0.5242138670862987
37600,0.4546592279403877
37601,0.2173903612386197
37602,0.853364102376776
37603,0.5180970002752926
37604,0.5383613835916596
37605,0.1525479929256272
37606,0.15433016920634363
37607,0.48185450832790905
37608,0.40103661232151255
37609,0.4327461397081861
37610,0.26400075962216546
37611,0.5136071116477194
37612,0.43440466201669503
37613,0.4372492939223207
37614,0.5052601013638448
37615,0.25390976575002355
37616,0.7565497231173464
37617,0.579958233825561
37618,0.3969209579321691
37619,0.6288577901994837
37620,0.3800058126482788
37621,0.7345214198851511
37622,0.7731921167123789
37623,0.2813005225613423
37624,0.5355793431555452
37625,0.8136311032179788
37626,0.6235164985407605
37627,0.16672788600642707
37628,0.5792740189496645
37629,0.13813535228678514
37630,0.6928382919838023
37631,0.6301500168583088
37632,0.6531752804474724
37633,0.6777838519481083
37634,0.18572841447742244
37635,0.43612932313482106
37636,0.2843106900500246
37637,0.18723687607689374
37638,0.37482748297027796
37639,0.46208103828873054
37640,0.5577196526700211
37641,0.8081834917800286
37642,0.20162296886445882
37643,0.37132617137859325
37644,0.24372360320134145
37645,0.6837869286259882
37646,0.4949799818019941
37647,0.7716610844018698
37648,0.1353044443174289
37649,0.3193635170705612
37650,0.5428316367743147
37651,0.1906336179440077
37652,0.5899888428336917
37653,0.19979604697065267
37654,0.616894718701147
37655,0.6780515714328623
37656,0.5565051757643117
37657,0.6758847762681105
37658,0.571572377634432
37659,0.13441537289747338
37660,0.26941815518362416
37661,0.37331150021617326
37662,0.6005951968812019
37663,0.46582331240597147
37664,0.5452999893140128
37665,0.4373464456829821
37666,0.2619227642116071
37667,0.23978161507710088
37668,0.19969142695916248
37669,0.4774921784463157
37670,0.30747808500789464
37671,0.4562261151251414
37672,0.399126936385346
37673,0.7110680054337497
37674,0.5677651679876874
37675,0.39970228676247527
37676,0.6224673505198351
37677,0.5092369998835284
37678,0.43734551484670353
37679,0.4554492735368368
37680,0.6648586208411684
37681,0.3326042469872737
37682,0.6310808739803876
37683,0.3042959927327209
37684,0.24935533666893744
37685,0.9325426416514995
37686,0.8609228220225895
37687,0.2789472724947677
37688,0.41629202865810266
37689,0.2846622703113813
37690,0.5712306895405328
37691,0.7101090112969278
37692,0.5741240219234136
37693,0.8481412155294069
37694,0.7348701699538415
37695,0.46720584969643336
37696,0.26734026528637167
37697,0.43737261798779237
37698,0.22886738357524541
37699,0.6065764408952423
37700,0.7144991381332582
37701,0.48315809847429797
37702,0.6241731122210108
37703,0.34805953035824533
37704,0.40765592234430004
37705,0.5669729459144239
37706,0.23895774336707057
37707,0.36043999693693624
37708,0.5309637024870211
37709,0.48899300071894597
37710,0.6514258115928557
37711,0.5131124692219018
37712,0.8929052374144196
37713,0.9154718147741372
37714,0.1918619163488513
37715,0.14933917448518416
37716,0.29792035552457136
37717,0.29140902773814276
37718,0.37886168002066917
37719,0.31704969587695886
37720,0.24761834860376014
37721,0.6299199724935799
37722,0.5299876795993147
37723,0.2758099358227354
37724,0.6914637973001926
37725,0.42821829150205604
37726,0.38325806754430974
37727,0.2510433100689602
37728,0.2801919653140154
37729,0.6486880326192868
37730,0.4812076800558057
37731,0.2681045722169913
37732,0.24146229493591423
37733,0.1582974088233135
37734,0.644677475779865
37735,0.14169421388767034
37736,0.8213139432512357
37737,0.5805533207820603
37738,0.6164687950295314
37739,0.15875319207470673
37740,0.6207132254666616
37741,0.3357349796331955
37742,0.7841016624724639
37743,0.6809475043247118
37744,0.7294741413127023
37745,0.5854904676220003
37746,0.97526851226879
37747,0.20074665067100772
37748,0.6128030224318205
37749,0.6888321711452747
37750,0.7750461374332414
37751,0.38251101263868226
37752,0.5427929546126619
37753,0.6095597534114158
37754,0.5664314927701333
37755,0.3687112709203023
37756,0.48351925596354317
37757,0.41366441268281173
37758,0.4984654590213029
37759,0.8965976550563078
37760,0.4122394285270492
37761,0.5905316918707662
37762,0.23201840195125084
37763,0.3111316352770253
37764,0.6226408699214404
37765,0.45298440258574996
37766,0.6307960628527257
37767,0.6847069720164334
37768,0.5882196695849613
37769,0.7288119059837275
37770,0.619579205147734
37771,0.9680398088981802
37772,0.8195577665516703
37773,0.8745528609591454
37774,0.6402184237467784
37775,0.8119480097220091
37776,0.6324271972468654
37777,0.7546535010549252
37778,0.4403648475274004
37779,0.5974360082390581
37780,0.42621937928341996
37781,0.7488340144644495
37782,0.6251578220358442
37783,0.7376715613357857
37784,0.6471203883638307
37785,0.8689992836706469
37786,0.4458387389985256
37787,0.961245634648961
37788,0.40261675843711453
37789,0.8979557516567042
37790,0.9554971518753798
37791,0.8779948941600046
37792,0.8319916008085431
37793,0.8654453960456793
37794,0.810989579984377
37795,0.784169990389967
37796,0.5774956359053656
37797,0.8389649439718283
37798,0.5300865289072013
37799,0.7333343098373524
37800,0.5782376168728849
37801,0.4280695095190707
37802,0.7393335083468952
37803,0.36085746761798676
37804,0.6630833711102238
37805,0.6597902520089471
37806,0.6273360293800784
37807,0.28546482629690056
37808,0.5299497863432915
37809,0.7368981243715592
37810,0.48456127223815504
37811,0.6307682313651259
37812,0.7305521048471618
37813,0.7000726637003182
37814,0.8247836943275344
37815,0.5852186426668076
37816,0.40582388531178143
37817,0.5637555651437185
37818,0.5655162879828483
37819,0.6780221255817882
37820,0.7472755514540678
37821,0.8719933562025768
37822,0.4071301546335366
37823,0.6677681187292356
37824,0.519893282986941
37825,0.4322335870099067
37826,0.44716921592600295
37827,0.13177374312387502
37828,0.21335480971785875
37829,0.8104068296141679
37830,0.4491970506168517
37831,0.4968101128850523
37832,0.6253443397671989
37833,0.4064749716794199
37834,0.1907916391773019
37835,0.666131628850567
37836,0.3508854207208715
37837,0.5433420396630998
37838,0.5831482448116853
37839,0.20401049368581514
37840,0.44298833425946754
37841,0.5720124655557824
37842,0.32079721367426445
37843,0.40551825108613854
37844,0.38011719494737795
37845,0.28790654886841593
37846,0.25954231740240213
37847,0.6581987518220873
37848,0.6267114804058088
37849,0.8169525804482902
37850,0.6733695300561957
37851,0.8797278605642451
37852,0.33082547781717997
37853,0.38651331216766666
37854,0.21510688972649628
37855,0.36468284282994384
37856,0.33576729194879745
37857,0.6790408969512983
37858,0.4601079353045552
37859,0.5257941341347844
37860,0.5195925908615058
37861,0.7335369749131421
37862,0.3933525556367426
37863,0.6143871022923192
37864,0.43762683813667924
37865,0.45666435939765165
37866,0.3846753798487804
37867,0.26446075490846355
37868,0.3094313338068051
37869,0.22702245247732736
37870,0.7364618037280353
37871,0.24682773082152473
37872,0.5632915545005823
37873,0.61971262553954
37874,0.3879428830864732
37875,0.23862735497248114
37876,0.5115864328645624
37877,0.3070593565290564
37878,0.2734016390161391
37879,0.6731163955447929
37880,0.8290986018790993
37881,0.23554156040709956
37882,0.365680686451227
37883,0.45404756640024907
37884,0.41562853215417783
37885,0.24773858179981775
37886,0.1791284061672771
37887,0.6647088824456535
37888,0.2746263502643304
37889,0.26757803477901504
37890,0.5982878297699383
37891,0.29153062033808064
37892,0.23359288891071736
37893,0.6073709270260412
37894,0.4210868389446146
37895,0.23389669087836337
37896,0.35495773221731436
37897,0.23662125293305916
37898,0.2353400869835356
37899,0.3838723983635664
37900,0.7990689061153463
37901,0.49917068212825083
37902,0.4966569798608317
37903,0.7387605576844782
37904,0.7460364153983081
37905,0.17613246154743753
37906,0.3146663866956989
37907,0.17850156521532556
37908,0.4931594334284808
37909,0.7851211064833735
37910,0.8591391033798325
37911,0.5274886817573395
37912,0.16585369768301553
37913,0.22297188286041406
37914,0.7987513871073647
37915,0.43735103184981816
37916,0.1939505749199553
37917,0.5574349104978742
37918,0.17679452710679253
37919,0.6635465020037261
37920,0.596616051861059
37921,0.4527645773669137
37922,0.8835305899271164
37923,0.2980250799853453
37924,0.5929267252242669
37925,0.4373115403416109
37926,0.7920157288201108
37927,0.5467303967647744
37928,0.3367307043238957
37929,0.17210443516742185
37930,0.3003967350684432
37931,0.1357285736104539
37932,0.5571250266963547
37933,0.6658837016531445
37934,0.8150256458964782
37935,0.5816842792247238
37936,0.2134154976777556
37937,0.6751187922852492
37938,0.711059605025483
37939,0.3042627617210043
37940,0.7356226152050235
37941,0.7126057766056815
37942,0.4675641638510308
37943,0.7760600156636714
37944,0.45082343912152734
37945,0.3600765417483227
37946,0.27569082013658386
37947,0.728400361822231
37948,0.20695831984657623
37949,0.10248209992090977
37950,0.28906503447870324
37951,0.310862123073883
37952,0.3273386154943928
37953,0.5165606569786532
37954,0.5765928456776147
37955,0.6503200515538831
37956,0.2938463004491534
37957,0.7764893955616695
37958,0.4252482282546744
37959,0.47416597338695216
37960,0.2744615459154384
37961,0.6547424474616664
37962,0.4943146259035894
37963,0.2791825646325283
37964,0.1533007847574779
37965,0.5652782065009282
37966,0.5000553144003967
37967,0.2865590327762561
37968,0.36268046148590555
37969,0.40307425414402787
37970,0.7382531768314763
37971,0.35096100411721676
37972,0.7819524241975729
37973,0.5567035771853448
37974,0.7917698275147934
37975,0.5933164937574492
37976,0.594603593605131
37977,0.20591223284278196
37978,0.3191746194502236
37979,0.23492085202339985
37980,0.3226541526542776
37981,0.6230566943723307
37982,0.10447219990472643
37983,0.4411135219385869
37984,0.28220942830776397
37985,0.4831452098435254
37986,0.9234395304889482
37987,0.3019660088569743
37988,0.6921469587150125
37989,0.6259684980280024
37990,0.7609554549244079
37991,0.5727640474481771
37992,0.3322481392152047
37993,0.630866157953334
37994,0.3222626256998406
37995,0.379309279599203
37996,0.23309701919372613
37997,0.7963063149423213
37998,0.7088569447880365
37999,0.09687465885893991
38000,0.31518414977360737
38001,0.37975851214265705
38002,0.2128424851464128
38003,0.21423145562439067
38004,0.27241999618833745
38005,0.6483100868412631
38006,0.3470821957806158
38007,0.3107476013172861
38008,0.4323521125034974
38009,0.24285867749964626
38010,0.6621135252498084
38011,0.2926454655156357
38012,0.6557832848186047
38013,0.2216585392242454
38014,0.36584049475489544
38015,0.5748114736039682
38016,0.5368987489757491
38017,0.3914498568697121
38018,0.12438584488036629
38019,0.5683210554277893
38020,0.8355348978283564
38021,0.6822920106407985
38022,0.5674963645692581
38023,0.31482823353511263
38024,0.3768850211128418
38025,0.7186974721451077
38026,0.6811000708492678
38027,0.6139629589367233
38028,0.6158172496713422
38029,0.6453967636584618
38030,0.8202754488860218
38031,0.6622347801869476
38032,0.6817955285380718
38033,0.7830621791195743
38034,0.6910404833359614
38035,0.6159270287581231
38036,0.21294808523067993
38037,0.6557547443335942
38038,0.7858040017526196
38039,0.40674429524435557
38040,0.7003692386373456
38041,0.6549559763877897
38042,0.3410004396131955
38043,0.3211443461489475
38044,0.606379868260476
38045,0.31819412082095233
38046,0.5699361773223725
38047,0.4845414788559359
38048,0.4258574186827223
38049,0.3046663497412347
38050,0.6739360290138431
38051,0.3500507449772018
38052,0.3079420702594881
38053,0.16407225934878358
38054,0.6755797303410744
38055,0.46884696762107475
38056,0.3392103695820765
38057,0.11920495701374635
38058,0.30058437112404707
38059,0.8596250863184361
38060,0.6449008176353791
38061,0.27533616722367227
38062,0.2827347790947423
38063,0.412506136920175
38064,0.8001907240623753
38065,0.7976849960951327
38066,0.21168164311962764
38067,0.3379611197948519
38068,0.7831220384223507
38069,0.4584157837348718
38070,0.6941999787853286
38071,0.27390568206932364
38072,0.20551270824612444
38073,0.3153177533845705
38074,0.35226125530018915
38075,0.6518647145290725
38076,0.5931618871531579
38077,0.2862010865173866
38078,0.374577641427113
38079,0.2676568399716738
38080,0.2920573023257953
38081,0.4754912091021401
38082,0.36357867204029065
38083,0.6058529406628866
38084,0.3625972390228662
38085,0.5591875284945846
38086,0.20085284098775388
38087,0.4033928047266161
38088,0.8926367462637874
38089,0.36367693147280145
38090,0.6742985921402082
38091,0.4417484294186525
38092,0.6082139885577013
38093,0.797684086541049
38094,0.6865575155717795
38095,0.5292066719897088
38096,0.39907890063594625
38097,0.32248854744487354
38098,0.398674788006673
38099,0.31028097260472604
38100,0.5644646559812911
38101,0.39790041289356254
38102,0.5596394465951747
38103,0.443049539946963
38104,0.2571492971209848
38105,0.3782297775490248
38106,0.4591352342547986
38107,0.5499112451389941
38108,0.15556484732643955
38109,0.6109075501288305
38110,0.36528181797309506
38111,0.6890249676181169
38112,0.17987995331369871
38113,0.5596064103749199
38114,0.3017264663237598
38115,0.777779823919775
38116,0.5677747611680058
38117,0.3802319399598633
38118,0.18574254990851738
38119,0.3450352389405616
38120,0.3270035917434801
38121,0.2719221756155941
38122,0.2906544474767819
38123,0.18705082832082284
38124,0.4568662720608936
38125,0.29719109569009955
38126,0.3446474291902873
38127,0.46057156206844635
38128,0.7045645565394512
38129,0.524654963559794
38130,0.6197905104631335
38131,0.21997723237030345
38132,0.18543614731738814
38133,0.4302335725496953
38134,0.2907011437095201
38135,0.2543105877648812
38136,0.5222808946647606
38137,0.3016847610500172
38138,0.13424955453106213
38139,0.7274029219759336
38140,0.31942060247724813
38141,0.34991092188312545
38142,0.12153661794766793
38143,0.4514287253681281
38144,0.929443897062824
38145,0.3609750689975025
38146,0.6120066840570356
38147,0.592971525801543
38148,0.36044772853595575
38149,0.23652277644791309
38150,0.2518880895249597
38151,0.27487546377552013
38152,0.490162371171045
38153,0.4282487500063605
38154,0.6283415349528737
38155,0.3959496662831642
38156,0.7376344734727566
38157,0.1431274061400143
38158,0.3271838950589715
38159,0.5680602927215556
38160,0.6429587911147286
38161,0.6582031249118828
38162,0.5446866052007153
38163,0.656371702707344
38164,0.23612817695432098
38165,0.5052847363920404
38166,0.7676316482106749
38167,0.28117121087034574
38168,0.43968205532680704
38169,0.5607363753456468
38170,0.4900708500991911
38171,0.10715737284509613
38172,0.712745391176202
38173,0.6686451285259173
38174,0.4572354144607735
38175,0.5657394509392591
38176,0.4216187028937285
38177,0.2850356682745035
38178,0.840278688468831
38179,0.7011465484883165
38180,0.6409451118207379
38181,0.457814305575613
38182,0.42895657313187313
38183,0.7257343976766926
38184,0.3487088948331065
38185,0.2984858483148821
38186,0.6517972763695352
38187,0.24741563985297918
38188,0.3519927746009211
38189,0.760066475683188
38190,0.4754178071700171
38191,0.2771274849420212
38192,0.7805120886284076
38193,0.5873220471611729
38194,0.5608023377404427
38195,0.37176046762027126
38196,0.4773695561345787
38197,0.7995878785026707
38198,0.9229866810266076
38199,0.49778357778062354
38200,0.7238770278409014
38201,0.7519166811293662
38202,0.2929010458965136
38203,0.2505429745380007
38204,0.6181776888507096
38205,0.3494710011214181
38206,0.6129312448313515
38207,0.41748074528005125
38208,0.31662105059563156
38209,0.4188487108831112
38210,0.4977683198013893
38211,0.5637397683897006
38212,0.893956826402065
38213,0.4072016436707255
38214,0.3853184479645418
38215,0.43668098558945384
38216,0.7143215378119584
38217,0.42560563741890944
38218,0.1797596995619775
38219,0.5080729445504496
38220,0.5537106477797654
38221,0.6926785700471997
38222,0.47038815765029507
38223,0.5074915211408745
38224,0.1976340854032404
38225,0.511952126158746
38226,0.22921831116580613
38227,0.5686364364898023
38228,0.655972759412431
38229,0.16252949513325346
38230,0.2330785393883081
38231,0.6643456823323939
38232,0.7247961894824092
38233,0.6055886541169576
38234,0.830156642461176
38235,0.3155983131238462
38236,0.8787621385315436
38237,0.9171614632222217
38238,0.8662037647194353
38239,0.8294142729018181
38240,0.24797303266668572
38241,0.7620700004090777
38242,0.7327594995643963
38243,0.9118065083499983
38244,0.43590743914545754
38245,0.8061662440347637
38246,0.2925691739224589
38247,0.46625455929497656
38248,0.46736058117141593
38249,0.4272389253856319
38250,0.7000607877752159
38251,0.40081021694274627
38252,0.7793820150784307
38253,0.7202952631773136
38254,0.6934530766552934
38255,0.8277889043248283
38256,0.5886858114580635
38257,0.6859081796106402
38258,0.8705233815922044
38259,0.8258916685575338
38260,0.5200392770574186
38261,0.4795501369961798
38262,0.48134480379913985
38263,0.514646923599046
38264,0.869627231829399
38265,0.6538418063399702
38266,0.7427299029210588
38267,0.40777719028852816
38268,0.8414077921971569
38269,0.7200889372503427
38270,0.6145006560386047
38271,0.841978682862644
38272,0.7593328389611987
38273,0.3116540759308673
38274,0.9618940609622866
38275,0.5418746244645704
38276,0.7727025630652287
38277,0.7537805487813668
38278,0.7235671922345355
38279,0.4062313281544214
38280,0.6091586971651402
38281,0.6649030830697421
38282,0.9254900418223312
38283,0.889701186122281
38284,0.7563449267772219
38285,0.28870888380329396
38286,0.5990720292317052
38287,0.2960918832013676
38288,0.5852551323105057
38289,0.5045051252119889
38290,0.5004614418477893
38291,0.4959408165174839
38292,0.598126816354872
38293,0.6564913758049072
38294,0.6276989247355751
38295,0.548309614361213
38296,0.7872589219198363
38297,0.6244560589633329
38298,0.2537934196455853
38299,0.5211692331175248
38300,0.4754279380282982
38301,0.31351392235908004
38302,0.18809617305221824
38303,0.5764223690932164
38304,0.1896455752171175
38305,0.78423834772516
38306,0.636345267787697
38307,0.7820623034465214
38308,0.5027112604892258
38309,0.37214370495901644
38310,0.2153375723047757
38311,0.9524104243014467
38312,0.5437966992728966
38313,0.8017697439800011
38314,0.5775913614095737
38315,0.5352223508962215
38316,0.2254354639095993
38317,0.8838069708864712
38318,0.45391635464078395
38319,0.5005130238263952
38320,0.26022647512469116
38321,0.6585921598969616
38322,0.5212657526659193
38323,0.18234046251774694
38324,0.7389036173834684
38325,0.2302399611353053
38326,0.6037931189799317
38327,0.34769655250648174
38328,0.8610877663328428
38329,0.5587981085481224
38330,0.25606079440738705
38331,0.41619514189911366
38332,0.4993739108664164
38333,0.5442437492370578
38334,0.12761906925954045
38335,0.3249526975698774
38336,0.3713400936226404
38337,0.5239747319233626
38338,0.18001521958285013
38339,0.6865233221692407
38340,0.35623177767220265
38341,0.7817741318430356
38342,0.2687057963048862
38343,0.9333931516173558
38344,0.4763064097442418
38345,0.4520830646995954
38346,0.35513203270569693
38347,0.6059061333247407
38348,0.21647903590419112
38349,0.3665869754613035
38350,0.3027890033655156
38351,0.37141519490071256
38352,0.4765523289144095
38353,0.9181451634902987
38354,0.3072899574731687
38355,0.5477188858435563
38356,0.4616776798932868
38357,0.3379793769117281
38358,0.5215447976810438
38359,0.6611597407407246
38360,0.33032884770450127
38361,0.5767620903188285
38362,0.21216033279068747
38363,0.19481646654417234
38364,0.7834145341743617
38365,0.1416135848021044
38366,0.6609645857981598
38367,0.8790504167654285
38368,0.44149437378827117
38369,0.4398237838998396
38370,0.2204694246693294
38371,0.33539964789075677
38372,0.20717527745439077
38373,0.6947922860792749
38374,0.37542483111781344
38375,0.2899313004153566
38376,0.18505107680247654
38377,0.9349353035120712
38378,0.42974069421661093
38379,0.6498318349848556
38380,0.33590855818942655
38381,0.8374165321832402
38382,0.5834275887957153
38383,0.718949765561615
38384,0.6028708639003681
38385,0.19441853786769828
38386,0.30425807357117945
38387,0.14695465398857138
38388,0.7001216932168361
38389,0.12701079960402692
38390,0.15071633968448347
38391,0.14374483300612292
38392,0.5658332204610217
38393,0.5145357822970322
38394,0.18633861524581127
38395,0.9038118531417924
38396,0.7163640030482094
38397,0.29894252013837497
38398,0.49896618126845893
38399,0.9330899987673079
38400,0.3902000578207691
38401,0.7432382366573707
38402,0.8607962226642389
38403,0.24491804731251118
38404,0.6006533156713433
38405,0.4395850123903753
38406,0.3674465226618856
38407,0.4232115341533485
38408,0.8486252617100452
38409,0.8618687746502408
38410,0.2075265926403099
38411,0.42106789043478243
38412,0.2999157899591629
38413,0.827072232100273
38414,0.524577136880148
38415,0.4857462651052332
38416,0.27158120131719016
38417,0.24556259321417112
38418,0.5773195245055259
38419,0.6279356515216246
38420,0.5236990009388668
38421,0.34801208189461635
38422,0.7376891325141602
38423,0.14379642827597813
38424,0.1744686537948585
38425,0.23199171820077713
38426,0.3301715561143822
38427,0.1572742255948042
38428,0.6552683081169849
38429,0.1842195164307213
38430,0.19003425718424746
38431,0.7020938186219536
38432,0.31174709052876437
38433,0.265003441352478
38434,0.3747961959564607
38435,0.24340578025895798
38436,0.49157141116302694
38437,0.4587353280556593
38438,0.24135407922537735
38439,0.30841041971338756
38440,0.3012937566591191
38441,0.7442794482657993
38442,0.5421485616576949
38443,0.745963401576706
38444,0.25451991168223853
38445,0.29769313713248613
38446,0.24031540053362366
38447,0.12032242251176198
38448,0.31861907632005604
38449,0.4819262268452912
38450,0.20904901389569924
38451,0.5812391748948035
38452,0.27468348161157224
38453,0.6441537730187553
38454,0.3184212579466572
38455,0.5552015009591725
38456,0.7890906980446987
38457,0.24898380922781682
38458,0.6719461476189755
38459,0.7230317884501021
38460,0.5634362575444348
38461,0.5422218782789192
38462,0.6330259147953038
38463,0.20747776262783735
38464,0.579487094604454
38465,0.49297921595588556
38466,0.6669556119267007
38467,0.6204563452718189
38468,0.7859416910138225
38469,0.6995354307108437
38470,0.2103395866548643
38471,0.3680504723584025
38472,0.4217452042840778
38473,0.4886786125170297
38474,0.4175793620661955
38475,0.17728624976012217
38476,0.22313422557058585
38477,0.5182379890172673
38478,0.37495081792422924
38479,0.6375586621035993
38480,0.6873983096964633
38481,0.5711624501048713
38482,0.2527685922494767
38483,0.21825430131603699
38484,0.3713658018292559
38485,0.44297744920998533
38486,0.2944761214285883
38487,0.15913727717382897
38488,0.6872522076193915
38489,0.32754174621321064
38490,0.26802057297891296
38491,0.22529515173524256
38492,0.7997252448074679
38493,0.7727725572044234
38494,0.7612186480914979
38495,0.6760541940782919
38496,0.5899267442005625
38497,0.7490054406750717
38498,0.47823441739799044
38499,0.5584550569550373
38500,0.6582046002315038
38501,0.29723253515953796
38502,0.8879522855889063
38503,0.5551057838960178
38504,0.38456475195732426
38505,0.3873185163581427
38506,0.26823025786630944
38507,0.4919329571161576
38508,0.4451090753709819
38509,0.2689017306169273
38510,0.4953076679967946
38511,0.5739191735355438
38512,0.8555016498617158
38513,0.3592963664821078
38514,0.31497386595825994
38515,0.23015460734240845
38516,0.582273934786664
38517,0.6349673730646908
38518,0.5122820182269372
38519,0.6430025187268578
38520,0.5665482712511271
38521,0.6726384024951421
38522,0.19634664317084266
38523,0.6416747525995324
38524,0.0788467843050099
38525,0.41233666989955775
38526,0.45529975448121135
38527,0.22174211835491778
38528,0.13607340448923444
38529,0.16427008381275843
38530,0.6076115545865065
38531,0.42594151264173097
38532,0.6706945390023967
38533,0.3426261632582583
38534,0.6223800984256393
38535,0.5095146290954143
38536,0.3091593251949693
38537,0.30196079265810877
38538,0.3348136982535838
38539,0.21510872102497222
38540,0.5291472690868576
38541,0.28888764374168824
38542,0.5610998503777848
38543,0.5122207187557176
38544,0.8137654019300751
38545,0.6760740233700402
38546,0.24257367157589893
38547,0.16260820107822374
38548,0.29328939474154736
38549,0.7107902502239158
38550,0.5836812016392198
38551,0.36013820315306233
38552,0.724040691376352
38553,0.28689694324901094
38554,0.2843364175320061
38555,0.3470374951872201
38556,0.30838061590316135
38557,0.4873624435122557
38558,0.5357767129181692
38559,0.5213778266917165
38560,0.4612129834428129
38561,0.179297519778226
38562,0.666157725861571
38563,0.7624054965493579
38564,0.6213455633532431
38565,0.324827257674853
38566,0.7333095575226518
38567,0.09652827324760979
38568,0.6313013448029903
38569,0.5351838345701807
38570,0.11456538711573878
38571,0.2044864274356204
38572,0.284190147284699
38573,0.49266146410413436
38574,0.11299757426419894
38575,0.776130948551467
38576,0.26716509040288156
38577,0.36596606660710135
38578,0.4783476362101192
38579,0.8842088791515448
38580,0.5707286803930985
38581,0.40056728236453576
38582,0.3900872094560376
38583,0.4542532725225485
38584,0.3197498486442684
38585,0.13063085944310848
38586,0.18172243499529336
38587,0.2647952235424755
38588,0.5694264041994543
38589,0.12577579342909642
38590,0.4628341541980294
38591,0.6105339308509058
38592,0.6825764087306053
38593,0.41649491076674583
38594,0.4048709538541152
38595,0.23907056402255839
38596,0.19690928806439498
38597,0.1754974323746876
38598,0.5661784666265901
38599,0.6445832587346522
38600,0.2668366636944842
38601,0.8535209316935846
38602,0.5823590423018683
38603,0.6564857194641033
38604,0.8286735906778266
38605,0.24608598161234355
38606,0.5821819394620861
38607,0.12928570819076798
38608,0.4667411281387687
38609,0.7610326432025318
38610,0.48040431703641967
38611,0.60117294618813
38612,0.5848912902886063
38613,0.29090951410949517
38614,0.23247914759519908
38615,0.27977477975671716
38616,0.58776832379166
38617,0.7940413063675368
38618,0.40418193284814785
38619,0.3059092575071746
38620,0.4170325309967748
38621,0.16169673349017166
38622,0.2906274902827913
38623,0.5147715870308458
38624,0.6227700351711088
38625,0.7188398664668972
38626,0.20124249888630458
38627,0.7088554985802223
38628,0.619815763715696
38629,0.19476817097611296
38630,0.682033309101374
38631,0.4119091395375214
38632,0.44605820916331357
38633,0.36703788599256143
38634,0.29756411923372666
38635,0.41132847213084395
38636,0.4563083791673582
38637,0.7143537061036346
38638,0.47039853488388744
38639,0.6291928231772395
38640,0.4535028372833582
38641,0.6243968948217984
38642,0.7614987759299822
38643,0.3550131057856612
38644,0.1926499075538739
38645,0.20363751530925542
38646,0.7749734622569575
38647,0.1561636488327957
38648,0.35339656388958396
38649,0.3746168344959569
38650,0.10113682344708778
38651,0.5236490588347626
38652,0.10039736955083582
38653,0.591183576314136
38654,0.45187829144479785
38655,0.218037309230857
38656,0.5672214338920016
38657,0.643449497050681
38658,0.6544553091800038
38659,0.32709411944933775
38660,0.6748487589481607
38661,0.7182533971977592
38662,0.1759325934034264
38663,0.2912755207745064
38664,0.43051172521251146
38665,0.7201449561902296
38666,0.5892712919664008
38667,0.5311916416217831
38668,0.6814866387679483
38669,0.8315537031732682
38670,0.6701258294158959
38671,0.8613077263350416
38672,0.4342683809254597
38673,0.6151456359069656
38674,0.4493808482872316
38675,0.4734526280993496
38676,0.15845228674960815
38677,0.4545101650947036
38678,0.2232330743837312
38679,0.5063790115169963
38680,0.34940052483126316
38681,0.742984782145397
38682,0.5460465095235432
38683,0.7002207622658527
38684,0.4911203053984982
38685,0.39178823879134206
38686,0.3452749501429729
38687,0.4704195986013798
38688,0.5738528911107006
38689,0.34793142952960887
38690,0.5871800596319365
38691,0.16365776606056626
38692,0.7464181988951606
38693,0.4763134033875186
38694,0.5823147117136741
38695,0.7506166632082133
38696,0.43456319950034833
38697,0.7629583469741572
38698,0.4645041274465783
38699,0.32888384631662626
38700,0.2608469313810428
38701,0.5210453461815746
38702,0.48279491256592755
38703,0.6038769629251504
38704,0.7314237434925449
38705,0.4035438839460077
38706,0.14980787579538402
38707,0.6986130030734432
38708,0.4733322899095126
38709,0.23034075567363274
38710,0.862168278169447
38711,0.8079198531029065
38712,0.8805208840156625
38713,0.6536026946363719
38714,0.9437950050431401
38715,0.5879616859142207
38716,0.6463757261864566
38717,0.282885398033937
38718,0.8723142903430665
38719,0.7903661035967472
38720,0.8044777986566827
38721,0.9145801630631337
38722,0.8612568319730353
38723,0.5223734322188749
38724,0.4369177164715849
38725,0.6859499349704081
38726,0.49142943378141896
38727,0.7716441396332011
38728,0.7338815664496747
38729,0.49005421431196705
38730,0.34907374675204844
38731,0.5659321525846652
38732,0.6200322079264511
38733,0.8016765566738183
38734,0.6902726366791797
38735,0.5961443151632265
38736,0.512237291076876
38737,0.8608934297409458
38738,0.7086181183070516
38739,0.7312206155244412
38740,0.7849866438987794
38741,0.8654627371409497
38742,0.7944807967200314
38743,0.5044491848581951
38744,0.3627480585881191
38745,0.6434717170537054
38746,0.51554898230656
38747,0.5757454407735448
38748,0.7711392756447119
38749,0.8036655011714131
38750,0.3180630347486009
38751,0.4608400853978976
38752,0.4120765038616337
38753,0.8150932416889324
38754,0.8277279420405771
38755,0.5809188210781074
38756,0.9254606564930378
38757,0.7400798028811051
38758,0.7592110015435363
38759,0.8613320939942434
38760,0.686810658182256
38761,0.4783784843446293
38762,0.46851531687189
38763,0.46970100347947175
38764,0.609825131547123
38765,0.7042379602194168
38766,0.21762053150022526
38767,0.545821371610206
38768,0.4901629086353635
38769,0.5824674458646729
38770,0.7723298541318175
38771,0.320101373286395
38772,0.360432017413749
38773,0.5559398765117357
38774,0.6124553509323387
38775,0.9345903163026957
38776,0.5688543665600194
38777,0.4915976643609264
38778,0.40302332993463563
38779,0.7477489037250833
38780,0.2588746729724438
38781,0.7109198542619347
38782,0.695543092533395
38783,0.4462675237577522
38784,0.5561568189773766
38785,0.30481848430691355
38786,0.6880338071492248
38787,0.5919205485532866
38788,0.8615754094738174
38789,0.3440834867411556
38790,0.5196714717994475
38791,0.24869344452696823
38792,0.615456500096614
38793,0.1351623582622064
38794,0.8473410637563353
38795,0.5705239055884957
38796,0.6172438230988686
38797,0.4982573979890095
38798,0.7066377598013165
38799,0.45342213162497524
38800,0.7691018087258524
38801,0.6296449102545822
38802,0.46833748225721433
38803,0.3696911551279162
38804,0.4535338930268206
38805,0.3037825583517156
38806,0.5358383941796245
38807,0.6078083415960522
38808,0.5658825417599735
38809,0.3360118392368836
38810,0.5138752953480168
38811,0.6250004263841179
38812,0.34166532326794885
38813,0.14195704812090248
38814,0.6080701391180299
38815,0.21330760304305973
38816,0.6113987911828263
38817,0.6422589509255694
38818,0.8423723516815371
38819,0.4506398514326578
38820,0.7736694421832503
38821,0.26052494893417416
38822,0.6445671882085368
38823,0.3670350980867029
38824,0.5487431535889218
38825,0.5446781191580544
38826,0.3746769834542581
38827,0.36479751462319604
38828,0.46182506772856574
38829,0.7147151168737086
38830,0.595357777690062
38831,0.33665361159472307
38832,0.7147820583669299
38833,0.3381306508804168
38834,0.6695168599608998
38835,0.7436047103760823
38836,0.4516234299537601
38837,0.46072535429328
38838,0.48068979244154286
38839,0.6384962820010532
38840,0.1968677932741229
38841,0.5390920038750178
38842,0.5215178734087147
38843,0.18843981601516618
38844,0.46888839400931837
38845,0.29241795160922013
38846,0.40486371985901354
38847,0.5705848398346063
38848,0.3146068698529542
38849,0.697160618774533
38850,0.7051568994968319
38851,0.7496840776974423
38852,0.27664564370457084
38853,0.39412461551814243
38854,0.2815228734786889
38855,0.2906431604350095
38856,0.1781548580013692
38857,0.2931720636714332
38858,0.6313769762146354
38859,0.27810381970989084
38860,0.2918957001198611
38861,0.8174030454881734
38862,0.719319738742566
38863,0.6077296283820519
38864,0.6235065836584996
38865,0.7040641304049716
38866,0.29408558114798333
38867,0.33032128936395655
38868,0.39896548278536564
38869,0.4228405923523005
38870,0.27420802721251125
38871,0.4879242961112531
38872,0.36797746804782105
38873,0.7416884327656341
38874,0.731862282978325
38875,0.31577998904806115
38876,0.3596552019892578
38877,0.3745370794755138
38878,0.18664922291779806
38879,0.7625619028717412
38880,0.2953051614179231
38881,0.11461323410599407
38882,0.44302936914794266
38883,0.29156506787704983
38884,0.09737079745347049
38885,0.5943755897788896
38886,0.2790071236372033
38887,0.5391991959855744
38888,0.15911399331481468
38889,0.2041446398366036
38890,0.2644466806047295
38891,0.7177539642532332
38892,0.4803566071669065
38893,0.213782167317552
38894,0.6174502204311761
38895,0.4570838888148773
38896,0.8114610606014253
38897,0.32404211941816385
38898,0.5237058802380387
38899,0.15461644084656234
38900,0.4545535229255594
38901,0.1976953073992122
38902,0.4812577594526793
38903,0.7267745899177416
38904,0.42355570435112716
38905,0.4977931695699418
38906,0.5537609665619476
38907,0.1572307640311758
38908,0.2538558990065757
38909,0.21412312823205398
38910,0.1570154708183836
38911,0.34601258345070035
38912,0.38552383776467064
38913,0.5574355949211561
38914,0.504097926729873
38915,0.8141440745775437
38916,0.1567124558422384
38917,0.2554930621212796
38918,0.22417756478436396
38919,0.8448867123289283
38920,0.3344214398839065
38921,0.4119719683424921
38922,0.15917907288401192
38923,0.7583614986359173
38924,0.18805824579693348
38925,0.5995635136056239
38926,0.3418526364200997
38927,0.7211708045695262
38928,0.5967102439927683
38929,0.22702983352810496
38930,0.35294463056404324
38931,0.10073020776051282
38932,0.6587224373135923
38933,0.5888211638377644
38934,0.5221365158678667
38935,0.6308494533607112
38936,0.585800245065019
38937,0.702277132587237
38938,0.6445443974198262
38939,0.5435547505835595
38940,0.24468261924920998
38941,0.5140376778776776
38942,0.2949727149120878
38943,0.8811033472480754
38944,0.11553491532438658
38945,0.12044138162441764
38946,0.24861487314665928
38947,0.26292757843456876
38948,0.2877559789637733
38949,0.1779984375063882
38950,0.236957982320693
38951,0.7190457313102111
38952,0.4671980443180687
38953,0.41456877874348724
38954,0.4255123466853758
38955,0.3785195508210305
38956,0.8513283098603636
38957,0.5212523177981917
38958,0.4201933854279826
38959,0.16650866821679966
38960,0.33511989182042795
38961,0.3980353999882318
38962,0.5227040973666621
38963,0.6907746155746811
38964,0.6284647026874512
38965,0.8261288018285551
38966,0.2294710529905949
38967,0.7118117526508169
38968,0.5981577758777413
38969,0.7062977040381868
38970,0.40514199781976984
38971,0.6512497711039645
38972,0.18335948836393345
38973,0.7380387981504766
38974,0.35931650235002094
38975,0.14597739141621524
38976,0.412353687718055
38977,0.6797961800073365
38978,0.3075412476083075
38979,0.5907520496810816
38980,0.5611705976583864
38981,0.2103415598649089
38982,0.6420046619995498
38983,0.3058699026815393
38984,0.2670774269911174
38985,0.3824696474489245
38986,0.39513229474688066
38987,0.37173007837374056
38988,0.3369181588923171
38989,0.15877701696175237
38990,0.10507470309064314
38991,0.6467793411532756
38992,0.1366277721647389
38993,0.6089275979344925
38994,0.15831451362107826
38995,0.6819394365542223
38996,0.2886209177385676
38997,0.8333682098548139
38998,0.656944851298624
38999,0.44855216322352714
39000,0.622965321784227
39001,0.6197101357049958
39002,0.6820564911333135
39003,0.26415950156859336
39004,0.32156818471252147
39005,0.6355899734623354
39006,0.527804872655703
39007,0.6020673043409664
39008,0.7362047214380579
39009,0.21976898981494047
39010,0.2046826665532976
39011,0.14819154004694549
39012,0.31705628654502555
39013,0.15033139108319823
39014,0.29210989322369413
39015,0.34452433081847067
39016,0.6490985021058449
39017,0.5454926234287157
39018,0.46362303896405554
39019,0.33305939550215624
39020,0.15596353474034608
39021,0.7958354947043769
39022,0.31528894897426063
39023,0.22288166029620454
39024,0.21975952795640363
39025,0.6076237516914869
39026,0.6461720388250014
39027,0.770601451539203
39028,0.19862122851494018
39029,0.17957107302716066
39030,0.7050801554537075
39031,0.16749122546078687
39032,0.3735728606079987
39033,0.5132216955640023
39034,0.44187158402915716
39035,0.53707896784617
39036,0.2810958422320652
39037,0.49069193591433297
39038,0.4930054932726037
39039,0.25147402212573605
39040,0.7658100520295424
39041,0.45131932442338696
39042,0.29713878109187214
39043,0.643046119265801
39044,0.6099980729716187
39045,0.18202495289352094
39046,0.7733532361636104
39047,0.2091985812321914
39048,0.2505805414753924
39049,0.20511319972567432
39050,0.23625627195578353
39051,0.19394608614844294
39052,0.3201564669392694
39053,0.21377988090760403
39054,0.15270231146051189
39055,0.4445467858946537
39056,0.6771728067645075
39057,0.2573109918676862
39058,0.2472813298138838
39059,0.34051407794107175
39060,0.35217030070533867
39061,0.4697395370083929
39062,0.23959432966994376
39063,0.7204560587274471
39064,0.2310963797801837
39065,0.7265737476798716
39066,0.5878641674615782
39067,0.731737521554459
39068,0.25721264880227723
39069,0.2869653392200979
39070,0.20523154542910238
39071,0.4042177675345151
39072,0.3793211209819327
39073,0.6515686776712439
39074,0.6596134379724388
39075,0.14216048983381502
39076,0.33465698098444235
39077,0.6818058311065466
39078,0.12292145730840522
39079,0.4996837963457995
39080,0.27297012210315236
39081,0.4522360272278382
39082,0.3459993156638029
39083,0.37940827318055026
39084,0.4957735775189933
39085,0.26675974520477114
39086,0.5591171921588765
39087,0.21434008789253056
39088,0.5302226303053214
39089,0.9165373178878337
39090,0.4603317790245132
39091,0.6279730664309792
39092,0.7616114035965948
39093,0.34211869151873936
39094,0.3222319917136296
39095,0.8290200293226133
39096,0.7604573010633772
39097,0.7905479257967541
39098,0.727846101922455
39099,0.35602747083253583
39100,0.883296624752019
39101,0.5625698213550258
39102,0.24525911622515062
39103,0.23665845593039064
39104,0.3001507560445652
39105,0.6732756459478833
39106,0.4778391151738298
39107,0.49163657781594405
39108,0.734365899533655
39109,0.7461267373608849
39110,0.5338933031024914
39111,0.48320585307196146
39112,0.3761407371963176
39113,0.6294102154694148
39114,0.7963630757957455
39115,0.8114016064294552
39116,0.5252481235317715
39117,0.35297130128151427
39118,0.2601464859244857
39119,0.3417806276957516
39120,0.6957660436200218
39121,0.5129107287621778
39122,0.2608120107264618
39123,0.576139761111484
39124,0.22799167315623287
39125,0.48341186416593485
39126,0.7256295798040339
39127,0.5804955749515897
39128,0.20359180630297985
39129,0.39929580261604014
39130,0.5241707309554402
39131,0.3149840530444362
39132,0.3109655339834902
39133,0.4753618257700663
39134,0.35978426024859794
39135,0.5899877721480333
39136,0.6901029348691665
39137,0.29177531318767036
39138,0.1578598796286188
39139,0.5767135305089138
39140,0.29759912747922046
39141,0.2966357934024171
39142,0.3970962546347311
39143,0.23677129143093015
39144,0.31968597081020217
39145,0.9114867069817878
39146,0.32372971399364886
39147,0.8147307554950922
39148,0.5211323731981147
39149,0.40324190491505296
39150,0.2686596416420878
39151,0.3747003264359554
39152,0.5362940422573916
39153,0.6181036066823126
39154,0.36893141392369483
39155,0.8979650753323866
39156,0.7396775599341298
39157,0.6994727152940619
39158,0.8135883067167875
39159,0.9079516795768701
39160,0.8245485884442918
39161,0.5991916537483637
39162,0.844648796794622
39163,0.9197014405557417
39164,0.6334086787316912
39165,0.7073058723685272
39166,0.6426414621643162
39167,0.7786269591022917
39168,0.4459255514079243
39169,0.6953360173800385
39170,0.5073626088883756
39171,0.7653268943712804
39172,0.6676965165452862
39173,0.3356033937962622
39174,0.5132972278674728
39175,0.5732689821969296
39176,0.6212105474760105
39177,0.8006462554148588
39178,0.6853429802231379
39179,0.6564313605121364
39180,0.80694182913379
39181,0.4416620653744104
39182,0.4345260110070414
39183,0.4309102993188337
39184,0.7916429917424731
39185,0.526198127426568
39186,0.7045686124591254
39187,0.776909733541578
39188,0.605430227977311
39189,0.7497618151683518
39190,0.6989886623500685
39191,0.4542908967692635
39192,0.7373029433248732
39193,0.6997631168403424
39194,0.9316575925688094
39195,0.5027402763345367
39196,0.7502943252455045
39197,0.48176641023430516
39198,0.4726248614700336
39199,0.6686887101426923
39200,0.6227990968583443
39201,0.7255814075679337
39202,0.5552093952238525
39203,0.650951913207048
39204,0.7657306213945
39205,0.5600880737492107
39206,0.9375244384302519
39207,0.29292899222250096
39208,0.5934175255584246
39209,0.4791618620840385
39210,0.20551846740125038
39211,0.691111981352507
39212,0.8779533776880114
39213,0.3734257596825294
39214,0.4216148198302412
39215,0.6283002465753903
39216,0.25205910572780965
39217,0.2874484428007827
39218,0.47149936217140265
39219,0.5996986188052406
39220,0.27061614234147374
39221,0.6755973041889787
39222,0.1950771190295774
39223,0.32617856941164564
39224,0.4141729502366832
39225,0.4064499064158268
39226,0.1817128641191685
39227,0.6537408188335608
39228,0.6679291308562525
39229,0.5511523559329914
39230,0.6531313781591217
39231,0.843680025158903
39232,0.679708854126197
39233,0.47624771517311076
39234,0.150473077520134
39235,0.4542925003020675
39236,0.8735204797797652
39237,0.5523472179760718
39238,0.7096950711865488
39239,0.6107315065383739
39240,0.4247552349384112
39241,0.5912840374407743
39242,0.21536187040234345
39243,0.389860549653942
39244,0.14668373120775016
39245,0.2597816486385242
39246,0.5833092952745004
39247,0.4184956138678396
39248,0.6077759805012908
39249,0.4170409185571097
39250,0.31138253135931054
39251,0.3722740272457741
39252,0.3942565504908149
39253,0.38485518157476745
39254,0.17892320220043834
39255,0.3602634320284117
39256,0.301420888327107
39257,0.34234542458263517
39258,0.6886050512120706
39259,0.3540781972772293
39260,0.1863503723875698
39261,0.5790556977025993
39262,0.2417862633991317
39263,0.16475906608086718
39264,0.5949568885797649
39265,0.6520011924948484
39266,0.5729583216764934
39267,0.15284981618074633
39268,0.505584703112443
39269,0.5918106046733266
39270,0.8574886698506435
39271,0.21164698438475754
39272,0.4113497321652532
39273,0.3555082689588061
39274,0.5337158571501707
39275,0.23305299036728902
39276,0.2905203063286833
39277,0.4946141264609974
39278,0.2448145625187
39279,0.7142160400684034
39280,0.35013493108116023
39281,0.6909161492950159
39282,0.2058278416265395
39283,0.525405661368951
39284,0.5215774380629521
39285,0.5137771023111329
39286,0.5260142068717161
39287,0.6849889697261051
39288,0.43844401611341993
39289,0.23723844432390045
39290,0.2831817882777127
39291,0.30385199126693907
39292,0.5246043440600514
39293,0.44254905060701655
39294,0.5930208444400012
39295,0.18210670897070935
39296,0.4006516717844505
39297,0.4399989259197167
39298,0.20991097738707717
39299,0.7991521835864633
39300,0.19051577202027065
39301,0.43850874409046314
39302,0.5380496081667555
39303,0.16604204822614874
39304,0.22676612098801188
39305,0.576500889271812
39306,0.48334487425165795
39307,0.6564142677818247
39308,0.6711014334120259
39309,0.5376933161292681
39310,0.17540413296202473
39311,0.739193253209652
39312,0.754224011911793
39313,0.20399947772130345
39314,0.2977196705254705
39315,0.2529148942177156
39316,0.5565105438712542
39317,0.5796033172474768
39318,0.7776080987947693
39319,0.3238572071441904
39320,0.6727749725664726
39321,0.24270754244592935
39322,0.607738160680988
39323,0.44628581355096014
39324,0.6196542675560617
39325,0.23681409256095373
39326,0.6718318392024122
39327,0.4176150576900058
39328,0.5495535258992374
39329,0.7244631197716284
39330,0.2556862217712661
39331,0.33105639387570535
39332,0.29824464226322417
39333,0.4685628057388665
39334,0.4755491129951523
39335,0.8451344204050749
39336,0.25792928017129724
39337,0.13597090065063056
39338,0.4179129737863559
39339,0.528395421374682
39340,0.6759432205351715
39341,0.5853552859218049
39342,0.4554639234917618
39343,0.5331253207466021
39344,0.7379350627992252
39345,0.2784940512074292
39346,0.31677037255480006
39347,0.740883673251669
39348,0.6330808012825581
39349,0.5682731945157194
39350,0.30673677302225005
39351,0.3486901856927435
39352,0.297948691739744
39353,0.5747373511247019
39354,0.5956505422629746
39355,0.13574355742183186
39356,0.4044573265330389
39357,0.4338547723257823
39358,0.5641764845468225
39359,0.22603236651225475
39360,0.27408839616626607
39361,0.3980881458636383
39362,0.5613132416441364
39363,0.476181996045126
39364,0.23303903567471604
39365,0.46785048153225967
39366,0.6859132787360132
39367,0.6700735859980282
39368,0.4970476861928134
39369,0.32105045314670383
39370,0.5588724636637081
39371,0.34044831068567516
39372,0.5935640080822386
39373,0.6003618930373394
39374,0.7016822103038897
39375,0.5576314489049387
39376,0.33749541519210347
39377,0.38027743175846185
39378,0.6818639308179282
39379,0.3639183778102225
39380,0.18818671171428653
39381,0.3608205904637957
39382,0.73232229530015
39383,0.32878285971134297
39384,0.17647531972670055
39385,0.23339589085412699
39386,0.37071999957474255
39387,0.5804763624871561
39388,0.649339738257751
39389,0.7973916619602583
39390,0.6027433016439907
39391,0.6184416981743085
39392,0.739944379733046
39393,0.7793701898818155
39394,0.7102873147529184
39395,0.6202913831214861
39396,0.4717229550510493
39397,0.4606006445784732
39398,0.31708515764991646
39399,0.4846884955223958
39400,0.5343228949137868
39401,0.45230343546480856
39402,0.6178994888549324
39403,0.536258534978158
39404,0.6346650420840402
39405,0.2924785079039087
39406,0.4240571889677711
39407,0.4955810566501458
39408,0.6062483234811681
39409,0.43620104853006403
39410,0.35608538538602613
39411,0.5616486679922654
39412,0.36131545218810324
39413,0.7962030721962395
39414,0.5797991108972742
39415,0.818408945795897
39416,0.5945528525143341
39417,0.2261115315849653
39418,0.7288952016805346
39419,0.334103886988891
39420,0.3525049064977308
39421,0.40099461787502566
39422,0.5749879901564773
39423,0.7289394710169435
39424,0.7531170469489372
39425,0.3256313410298267
39426,0.7077469411758848
39427,0.47662671895760395
39428,0.686214047222487
39429,0.6363345369102608
39430,0.40551447710216976
39431,0.6931765751269607
39432,0.42754389557694117
39433,0.7807576999136098
39434,0.5897641664430835
39435,0.28959730100757936
39436,0.47028528625439336
39437,0.6230405955050271
39438,0.5155434156499805
39439,0.34902541712335283
39440,0.2018258749803058
39441,0.1837498925548293
39442,0.3671128870925169
39443,0.4579894900962695
39444,0.45203449515134964
39445,0.7562613314206692
39446,0.6029684117496263
39447,0.422140076123407
39448,0.5921964187231159
39449,0.6764538346739689
39450,0.6605304773972445
39451,0.2141466658281164
39452,0.6766684274343289
39453,0.4096680607110446
39454,0.43603076650335953
39455,0.1695660998666519
39456,0.23312883561537462
39457,0.3202425164707366
39458,0.15720412114071702
39459,0.3193792515495782
39460,0.4051404845319629
39461,0.39073508353148595
39462,0.3951918060127754
39463,0.2863298362458352
39464,0.8469899315403701
39465,0.581299001808873
39466,0.585726989074103
39467,0.2714782695650128
39468,0.2202015100687743
39469,0.3426381195618842
39470,0.8237908812688346
39471,0.7428534112589532
39472,0.6234589662389188
39473,0.8205682625002745
39474,0.5745991749336875
39475,0.20329854052759205
39476,0.8316036528303173
39477,0.67573056386552
39478,0.6929293481081646
39479,0.5490661626111732
39480,0.6944959873747595
39481,0.4767934747243669
39482,0.670814224209315
39483,0.7361824403599924
39484,0.42641109518904163
39485,0.6465656288570837
39486,0.49995286152235513
39487,0.9067248369128191
39488,0.7728503881342798
39489,0.7121669541507103
39490,0.5536912653915066
39491,0.8461767387055913
39492,0.7534250610915089
39493,0.6621380705055713
39494,0.7196026195780517
39495,0.6736447758873841
39496,0.7319772718005119
39497,0.4292424094466244
39498,0.6203117749389901
39499,0.6846686000190682
39500,0.8210728198652435
39501,0.5582316434430044
39502,0.6135253350785008
39503,0.8236502310582453
39504,0.6792439649797606
39505,0.6153827349301255
39506,0.6894553467339459
39507,0.7485731821691478
39508,0.5027780806668982
39509,0.3065783209983974
39510,0.478203338259442
39511,0.7269127104382771
39512,0.7615729414357718
39513,0.645604222453875
39514,0.9132050159594238
39515,0.5847781739096486
39516,0.48183173123244266
39517,0.5440257135331809
39518,0.4815175008086257
39519,0.48400123895986463
39520,0.6411279336713415
39521,0.4747055809598449
39522,0.589086994673033
39523,0.4071949923935629
39524,0.5590903774291576
39525,0.7182521563085678
39526,0.6392848539872216
39527,0.6999161353596084
39528,0.363677079387452
39529,0.37816304945616414
39530,0.19293720935483266
39531,0.36916335385143095
39532,0.480280502060652
39533,0.256328204773376
39534,0.15118578921025294
39535,0.6542036470400041
39536,0.3476219071671763
39537,0.6766313750994746
39538,0.7862098107790699
39539,0.18092320408639562
39540,0.21589007820552938
39541,0.6628962725385327
39542,0.6898089674973849
39543,0.13166953788973096
39544,0.5035951690887828
39545,0.5688458258164388
39546,0.5074449065140112
39547,0.2307196154129266
39548,0.6202288339559269
39549,0.28542101875150594
39550,0.28260036882911016
39551,0.33705360316871497
39552,0.43544163022592497
39553,0.22208093907669388
39554,0.3623408220158033
39555,0.5889718103568115
39556,0.4997916199540973
39557,0.6276710626615958
39558,0.5337382258531341
39559,0.18458252264691802
39560,0.6487217408581765
39561,0.8858783677577332
39562,0.5984819106060744
39563,0.11960393282383319
39564,0.2012791222859165
39565,0.45788220132360996
39566,0.19055601581969242
39567,0.29016486353706145
39568,0.23120526214218798
39569,0.5941918356071466
39570,0.5336181776867741
39571,0.36502341578585495
39572,0.7036096077936316
39573,0.36591218916590795
39574,0.4106409202091029
39575,0.6933557876147107
39576,0.479875891065257
39577,0.279609918188683
39578,0.3255235590775859
39579,0.11651610063391504
39580,0.2934590878439705
39581,0.3701287644887873
39582,0.393756641632025
39583,0.11767487230528068
39584,0.5928098106135291
39585,0.5069627940378251
39586,0.5525256663430823
39587,0.23536820767918662
39588,0.7015862965611167
39589,0.15153102443078875
39590,0.7329655911768553
39591,0.22724636304481236
39592,0.2894842552239119
39593,0.42278524950549723
39594,0.1827251175255054
39595,0.2580011846780791
39596,0.6909642669086556
39597,0.6969160704135849
39598,0.6492614963780787
39599,0.48879087274578736
39600,0.7198807917288533
39601,0.7090392533137474
39602,0.1952905559473603
39603,0.4806318775687473
39604,0.8917260371515651
39605,0.3694291460519313
39606,0.7906799149943716
39607,0.6755384489454188
39608,0.5965536504820723
39609,0.16948299249289747
39610,0.6071192674951449
39611,0.3723892347133998
39612,0.2708000432448546
39613,0.4721140718377961
39614,0.2309830838209136
39615,0.6294578525743141
39616,0.6155998595173147
39617,0.36671124274743316
39618,0.3587141881437928
39619,0.28728937110839
39620,0.2768750177146333
39621,0.5852920510765837
39622,0.2721352825902498
39623,0.34026223825330615
39624,0.5703664828523405
39625,0.5130149634979667
39626,0.5912659560157844
39627,0.2202811786473197
39628,0.19221557390089425
39629,0.39195901622293977
39630,0.2490864447267767
39631,0.3012657410619397
39632,0.3890033360994245
39633,0.18693769663872453
39634,0.6152771728136686
39635,0.66337529195767
39636,0.8023456188057937
39637,0.283389605889138
39638,0.41131690451306563
39639,0.8162182130523848
39640,0.6206747313202406
39641,0.5996302192297538
39642,0.10317630942978241
39643,0.37362491478465726
