id,target
31715,0.8586439608956166
31716,0.3711258278145696
31717,0.7997350993377483
31718,0.18818038473667612
31719,0.12730368968779565
31720,0.18338694418164617
31721,0.23143487858719644
31722,0.5266855881425418
31723,0.3678587196467991
31724,0.5281740775780511
31725,0.633276568905708
31726,0.28963733837906025
31727,0.2688615578681804
31728,0.4532954903815831
31729,0.29485966572059286
31730,0.15800693787448755
31731,0.08853989277830339
31732,0.8280416272469253
31733,0.19265846736045414
31734,0.6347019867549669
31735,0.8893093661305582
31736,0.8564364553768526
31737,0.7003468937243772
31738,0.04175339009776096
31739,0.01805108798486282
31740,0.4648123620309051
31741,0.5189277830337433
31742,0.8908356985178177
31743,0.7714664143803216
31744,0.9825165562913907
31745,0.08211920529801324
31746,0.48411226742352564
31747,0.9266351308735414
31748,0.5068937243771681
31749,0.572639545884579
31750,0.8871018606117944
31751,0.6209019236833807
31752,0.9577294228949857
31753,0.27788079470198673
31754,0.8076064333017976
31755,0.7882686849574266
31756,0.06472406181015453
31757,0.3519772942289498
31758,0.11404604225796278
31759,0.730242825607064
31760,0.9726900031535793
31761,0.9879533270261747
31762,0.922396720277515
31763,0.8254178492589088
31764,0.8813497319457584
31765,0.5121538946704509
31766,0.5972248502049826
31767,0.9683002207505519
31768,0.5529864396089562
31769,0.5370923998738568
31770,0.9460485651214128
31771,0.9183096814884895
31772,0.4433932513402712
31773,0.7029328287606433
31774,0.5922800378429518
31775,0.915685903500473
31776,0.7105771050141911
31777,0.66560706401766
31778,0.8813245033112582
31779,0.49865657521286666
31780,0.26239041311889
31781,0.7514601072216968
31782,0.7945380006307159
31783,0.2715988647114475
31784,0.5251718700725323
31785,0.589429202144434
31786,0.6475685903500472
31787,0.4351813308104699
31788,0.438246609902239
31789,0.8956417533900979
31790,0.9992305266477451
31791,0.6917313150425733
31792,0.9373446862188585
31793,0.9959886471144749
31794,0.8106086408073163
31795,0.6874046042257963
31796,0.8850078839482812
31797,0.6285335856196784
31798,0.8811226742352569
31799,0.5948533585619679
31800,0.9873856827499211
31801,0.6864080731630401
31802,0.9359192683695995
31803,0.8822958057395143
31804,0.9813938820561338
31805,0.9796404919583728
31806,0.30143172500788395
31807,0.30375275938189844
31808,0.6124377168085776
31809,0.6719268369599495
31810,0.49882056133711766
31811,0.23466414380321662
31812,0.4871397035635446
31813,0.5429959003468936
31814,0.7149668874172185
31815,0.3667108167770419
31816,0.7053043204036581
31817,0.3578807947019868
31818,0.19021128981393884
31819,0.8458530432040365
31820,0.03342794071270892
31821,0.21257647429832857
31822,0.24104698833175656
31823,0.3472216966256702
31824,0.5934153263954589
31825,0.9204415011037527
31826,0.36223273415326396
31827,0.28481866918953014
31828,0.9018858404288866
31829,0.2912267423525701
31830,0.13575528224534847
31831,0.9389214758751183
31832,0.40544938505203404
31833,0.7561021759697256
31834,0.8352065594449701
31835,0.24140018921475873
31836,0.6200441501103753
31837,0.2386250394197414
31838,0.6396089561652476
31839,0.9407253232418795
31840,0.11333964049195837
31841,0.3538063702302113
31842,0.14584673604541154
31843,0.08248502049826553
31844,0.7070829391359192
31845,0.9226868495742668
31846,0.916959949542731
31847,0.3379627877641123
31848,0.22828129927467677
31849,0.19093030589719331
31850,0.9218543046357616
31851,0.0034815515610217597
31852,0.13935036266162096
31853,0.0975339009776096
31854,0.01729422894985809
31855,0.4621002838221381
31856,0.47851151056449065
31857,0.0020687480290129297
31858,0.7477262693156733
31859,0.597439293598234
31860,0.7598612425102491
31861,0.3653106275622832
31862,0.9576789656259854
31863,0.9165310627562283
31864,0.6344749290444655
31865,0.9056322926521602
31866,0.0634878587196468
31867,0.8894481236203091
31868,0.3430589719331441
31869,0.4388016398612425
31870,0.007757805108798486
31871,0.030047303689687794
31872,0.6344497004099654
31873,0.6205613371176285
31874,0.637451907915484
31875,0.2912141280353201
31876,0.06882371491643015
31877,0.2616966256701356
31878,0.07043834752444024
31879,0.5123935666982025
31880,0.8663386944181647
31881,0.0271838536739199
31882,0.16787133396404919
31883,0.5574771365499842
31884,0.07332702617470829
31885,0.855830968148849
31886,0.5803090507726268
31887,0.4761274046042258
31888,0.19473982970671708
31889,0.6387637969094923
31890,0.06911384421318195
31891,0.00946073793755913
31892,0.21332071901608324
31893,0.26397981709239987
31894,0.603027436140019
31895,0.15780510879848628
31896,0.17096184169031853
31897,0.08204351939451278
31898,0.47996215704824974
31899,0.541595711132135
31900,0.8034310942920214
31901,0.9880163986124251
31902,0.551687164932198
31903,0.3600630715862504
31904,0.6712835067801955
31905,0.08920845159255755
31906,0.22070009460737938
31907,0.7626237779880165
31908,0.586086408073163
31909,0.5311005991800692
31910,0.623349101229896
31911,0.26953011668243454
31912,0.14366445916114792
31913,0.5704824976348155
31914,0.4213434247871334
31915,0.718070009460738
31916,0.27722485020498266
31917,0.8475685903500474
31918,0.39832229580573947
31919,0.39467675812046676
31920,0.6671712393566698
31921,0.20153894670450961
31922,0.004944812362030905
31923,0.08126143172500788
31924,0.031233049511195207
31925,0.16695048880479343
31926,0.5328161463260801
31927,0.7621444339325134
31928,0.4985304320403658
31929,0.36648375906654057
31930,0.7452412488174078
31931,0.24481866918953007
31932,0.09407757805108798
31933,0.6911762850835699
31934,0.03255755282245349
31935,0.4778051087984863
31936,0.7588142541784926
31937,0.38696941028066856
31938,0.3434247871333964
31939,0.4015641753390098
31940,0.9076379690949228
31941,0.6125512456638285
31942,0.8794197414064964
31943,0.22954273099968464
31944,0.3922926521602018
31945,0.36691264585304323
31946,0.7580447808262377
31947,0.6186313465783664
31948,0.6725953957742037
31949,0.26155786818038473
31950,0.23390728476821188
31951,0.6614569536423841
31952,0.19371807000946073
31953,0.053762220119836016
31954,0.5764616840113529
31955,0.0819678334910123
31956,0.037868180384736674
31957,0.8834563229265217
31958,0.9121286660359508
31959,0.2956543677073479
31960,0.9564427625354778
31961,0.33068432671081677
31962,0.22987070324818665
31963,0.011920529801324504
31964,0.6017533900977611
31965,0.24860296436455376
31966,0.15400819930621257
31967,0.4088552507095553
31968,0.5216524755597604
31969,0.820170293282876
31970,0.28914538000630713
31971,0.5803342794071271
31972,0.17589403973509934
31973,0.10830652790917691
31974,0.6934090192368338
31975,0.5761084831283507
31976,0.48338063702302114
31977,0.21145380006307157
31978,0.12532324187953328
31979,0.26659098076316623
31980,0.598561967833491
31981,0.3440807316304005
31982,0.13690318511510563
31983,0.029176915799432355
31984,0.04990223904131189
31985,0.5419236833806371
31986,0.03998738568274992
31987,0.07180069378744874
31988,0.82560706401766
31989,0.13549038158309681
31990,0.08073163040050457
31991,0.36797224850204985
31992,0.01836644591611479
31993,0.5102869757174393
31994,0.886244087038789
31995,0.8585304320403658
31996,0.7901608325449385
31997,0.5328161463260801
31998,0.5872343109429202
31999,0.6426994638915169
32000,0.6106717123935668
32001,0.6764175339009775
32002,0.6030022075055188
32003,0.48889309366130557
32004,0.557906023336487
32005,0.4187953327026175
32006,0.45377483443708605
32007,0.5848502049826553
32008,0.4098391674550615
32009,0.3110564490696941
32010,0.09429202144433932
32011,0.2954273099968464
32012,0.25744560075685907
32013,0.22365184484389783
32014,0.2732261116367077
32015,0.9665216020182907
32016,0.04248502049826553
32017,0.04602964364553768
32018,0.5402712078208767
32019,0.1502869757174393
32020,0.3612235887732576
32021,0.09932513402712076
32022,0.6688867865026806
32023,0.5690318511510565
32024,0.574746136865342
32025,0.711851151056449
32026,0.47600126143172494
32027,0.6000252286345003
32028,0.5956354462314727
32029,0.44475559760327976
32030,0.7138820561337118
32031,0.36736676127404605
32032,0.4666666666666667
32033,0.769776095868811
32034,0.08648375906654053
32035,0.46049826553137807
32036,0.2728350678019552
32037,0.27983601387574897
32038,0.24266162093976665
32039,0.17576789656259856
32040,0.48277514979501734
32041,0.3760832544938505
32042,0.16151371807000947
32043,0.5827309996846421
32044,0.8085272784610533
32045,0.4204478082623778
32046,0.46638915168716494
32047,0.08996531062756229
32048,0.8341721854304637
32049,0.4363670766319773
32050,0.09292967518133081
32051,0.18816777041942606
32052,0.925272784610533
32053,0.6657962787764111
32054,0.6105707978555661
32055,0.18049826553137813
32056,0.9670640176600441
32057,0.48242194891201506
32058,0.5091895301166824
32059,0.33316934720908237
32060,0.9213749605802586
32061,0.49146641438032174
32062,0.6849826553137811
32063,0.8830905077262693
32064,0.5215641753390098
32065,0.6117439293598235
32066,0.7853547776726585
32067,0.6143424787133396
32068,0.8415011037527593
32069,0.06404288867865027
32070,0.3930242825607064
32071,0.5410532954903816
32072,0.08746767581204669
32073,0.4055124566382845
32074,0.4253421633554084
32075,0.1565436770734784
32076,0.8141028066855882
32077,0.559356669820246
32078,0.3107663197729423
32079,0.44823714916430146
32080,0.3997350993377483
32081,0.3998738568274992
32082,0.4515799432355723
32083,0.18040996531062756
32084,0.06611163670766321
32085,0.4671586250394197
32086,0.909593188268685
32087,0.2408956165247556
32088,0.33026805424156414
32089,0.8741595711132135
32090,0.5122421948912015
32091,0.3212992746767582
32092,0.18888678650268056
32093,0.9296247240618102
32094,0.15735099337748346
32095,0.6002901292967519
32096,0.6003784295175023
32097,0.1498202459791864
32098,0.33501103752759387
32099,0.28085777357300534
32100,0.476013875748975
32101,0.9627625354777672
32102,0.08527278461053293
32103,0.592645853043204
32104,0.12480605487228005
32105,0.18751182592242194
32106,0.23911699779249446
32107,0.43014821822768845
32108,0.8845537685272784
32109,0.10135603910438347
32110,0.07287291075370546
32111,0.28917060864080735
32112,0.17620939766635133
32113,0.7685020498265531
32114,0.12094607379375591
32115,0.42365184484389784
32116,0.5916493219804478
32117,0.3674929044465468
32118,0.5122548092084516
32119,0.11738883632923368
32120,0.6515547146010722
32121,0.3118763796909492
32122,0.8158940397350993
32123,0.8277767265846736
32124,0.506881110059918
32125,0.5892399873856827
32126,0.14053610848312834
32127,0.5280983916745506
32128,0.31675812046672974
32129,0.45380006307158627
32130,0.7291579943235573
32131,0.4735162409334595
32132,0.738883632923368
32133,0.4215830968148849
32134,0.6373762220119836
32135,0.49545253863134653
32136,0.542226426994639
32137,0.46299590034689375
32138,0.43400819930621254
32139,0.5696877956480606
32140,0.6314727215389467
32141,0.6148218227688427
32142,0.8769221065909807
32143,0.8499905392620625
32144,0.296789656259855
32145,0.029555345316934722
32146,0.38178492589088614
32147,0.5085209713024282
32148,0.06409334594765059
32149,0.9223336486912644
32150,0.7052286345001578
32151,0.6705897193314411
32152,0.040794701986754965
32153,0.47972248502049825
32154,0.7004604225796279
32155,0.25786187322611165
32156,0.2941532639545884
32157,0.14225165562913908
32158,0.37730684326710817
32159,0.951510564490697
32160,0.9447492904446547
32161,0.4992872910753705
32162,0.37058341217281615
32163,0.18524124881740775
32164,0.6219741406496373
32165,0.5182970671712394
32166,0.6222264269946389
32167,0.5164049195837275
32168,0.9745569221065908
32169,0.40151371807000946
32170,0.5384799747713656
32171,0.2100157678965626
32172,0.6905329549038159
32173,0.11611479028697572
32174,0.4702112898139389
32175,0.8356102175969726
32176,0.867524440239672
32177,0.250078839482813
32178,0.7325890886155787
32179,0.4490444654683065
32180,0.7626868495742669
32181,0.968817407757805
32182,0.9613623462630086
32183,0.9775717439293597
32184,0.7207316304005046
32185,0.9659665720592873
32186,0.9210343740145065
32187,0.6542920214443393
32188,0.5866414380321665
32189,0.9749227373068432
32190,0.9635698517817722
32191,0.900346893724377
32192,0.8125638599810785
32193,0.8998170923998738
32194,0.9259539577420373
32195,0.9765499842321035
32196,0.5067045096184168
32197,0.6890949227373069
32198,0.6448565121412804
32199,0.9507789340901923
32200,0.8718637653736991
32201,0.8003532008830021
32202,0.8569157994323559
32203,0.8807190160832544
32204,0.2466099022390413
32205,0.44035320088300217
32206,0.7279344055502995
32207,0.19871333964049195
32208,0.5321349731945758
32209,0.5268117313150426
32210,0.4804162724692526
32211,0.5914979501734468
32212,0.7123683380637023
32213,0.7400819930621255
32214,0.9765752128666036
32215,0.907511825922422
32216,0.3562535477767266
32217,0.8930936613055818
32218,0.0927026174708294
32219,0.7145380006307158
32220,0.5688678650268054
32221,0.8269694102806686
32222,0.47625354777672657
32223,0.32413749605802583
32224,0.7769788710186061
32225,0.7716430148218228
32226,0.9614380321665089
32227,0.9770545569221066
32228,0.6490444654683065
32229,0.8112519709870702
32230,0.8357489750867234
32231,0.3965436770734784
32232,0.422554399243141
32233,0.9971870072532323
32234,0.8913654998423209
32235,0.9169094922737308
32236,0.9811920529801326
32237,0.7037906023336488
32238,0.52
32239,0.4892589088615579
32240,0.9653610848312836
32241,0.42949227373068427
32242,0.6399243140964995
32243,0.7704194260485652
32244,0.8872406181015453
32245,0.4996278776411227
32246,0.6402144433932514
32247,0.12348155156102175
32248,0.4520466729738253
32249,0.7356543677073478
32250,0.8210406811731316
32251,0.9282876064333018
32252,0.683519394512772
32253,0.2152759381898455
32254,0.12432671081677704
32255,0.35525701671397036
32256,0.15653106275622833
32257,0.7660296436455377
32258,0.7210722169662567
32259,0.8609145380006307
32260,0.3606054872280038
32261,0.13469567959634185
32262,0.5416083254493851
32263,0.7799936928413749
32264,0.5098833175654368
32265,0.010785241248817409
32266,0.6899905392620624
32267,0.8962850835698518
32268,0.8848312835067802
32269,0.9482939135919267
32270,0.2823210343740145
32271,0.7411794386628825
32272,0.46831914222642707
32273,0.581116367076632
32274,0.6292652160201829
32275,0.6160706401766005
32276,0.30240302743614
32277,0.8022201198360138
32278,0.49839167455061495
32279,0.6246736045411543
32280,0.7628886786502681
32281,0.3246672973825292
32282,0.009385052034058657
32283,0.08290129296751812
32284,0.8741595711132134
32285,0.7568968779564806
32286,0.46169662567013564
32287,0.5203658152002523
32288,0.3018101545253863
32289,0.7893535162409335
32290,0.2839482812992747
32291,0.42106590980763164
32292,0.10327341532639546
32293,0.33093661305581834
32294,0.2939640491958373
32295,0.6478334910122989
32296,0.569750867234311
32297,0.5063513087354147
32298,0.43538315988647114
32299,0.8824976348155156
32300,0.2248628192999054
32301,0.2001261431725008
32302,0.25784925890886157
32303,0.12245979186376536
32304,0.8792809839167455
32305,0.8183286029643645
32306,0.47091769157994323
32307,0.24249763481551562
32308,0.8556922106590981
32309,0.49402712078208766
32310,0.5954336171554715
32311,0.05411542100283822
32312,0.7490760012614317
32313,0.6751182592242195
32314,0.7944875433617156
32315,0.025859350362661623
32316,0.24896877956480606
32317,0.26785241248817404
32318,0.6145947650583413
32319,0.06122989593188269
32320,0.2119709870703248
32321,0.061784925890886154
32322,0.14589719331441184
32323,0.5048628192999054
32324,0.2219362976978871
32325,0.9928729107537053
32326,0.7377609586881111
32327,0.4188584042888678
32328,0.5700914538000631
32329,0.5477136549984232
32330,0.23683380637023022
32331,0.6499274676758121
32332,0.8959823399558499
32333,0.30170923998738564
32334,0.5993188268684957
32335,0.5029328287606434
32336,0.9216777041942605
32337,0.886572059287291
32338,0.8606244087038789
32339,0.326874802901293
32340,0.4704888047934406
32341,0.7161021759697257
32342,0.5601639861242511
32343,0.7903626616209398
32344,0.9314159571113213
32345,0.5135414695679595
32346,0.8792809839167455
32347,0.5621570482497635
32348,0.6909996846420687
32349,0.9372816146326081
32350,0.8228066855881424
32351,0.9057962787764112
32352,0.797111321349732
32353,0.7999243140964994
32354,0.5496688741721855
32355,0.12045411542100284
32356,0.7282497634815517
32357,0.5645285398927783
32358,0.8811479028697572
32359,0.3243014821822769
32360,0.2698076316619363
32361,0.7260422579627878
32362,0.8292778303374331
32363,0.345443077893409
32364,0.43977294228949854
32365,0.9652727846105328
32366,0.4379186376537369
32367,0.2978997161778619
32368,0.6378051087984864
32369,0.3697887101860612
32370,0.8487921791233048
32371,0.8274109113844214
32372,0.8635635446231472
32373,0.5226868495742668
32374,0.9232292652160202
32375,0.8003658152002523
32376,0.7571491643014822
32377,0.6586691895301168
32378,0.792317880794702
32379,0.8889561652475559
32380,0.2347019867549669
32381,0.023967202775149795
32382,0.813446862188584
32383,0.2376285083569852
32384,0.827511825922422
32385,0.21749605802585936
32386,0.1300157678965626
32387,0.2829012929675181
32388,0.4862693156732892
32389,0.26194891201513715
32390,0.11359192683695994
32391,0.07907915484074425
32392,0.6072658467360454
32393,0.4941784925890886
32394,0.3709366130558183
32395,0.7728666035950804
32396,0.04206874802901293
32397,0.45189530116682436
32398,0.08557552822453485
32399,0.3354273099968464
32400,0.6338568274992116
32401,0.29854304635761586
32402,0.8129170608640807
32403,0.4719142226426994
32404,0.7629769788710186
32405,0.7712141280353201
32406,0.7182087669504889
32407,0.38182276884263633
32408,0.9733837906023335
32409,0.8341343424787133
32410,0.7776852727846105
32411,0.7257647429832861
32412,0.706540523494166
32413,0.7254115421002839
32414,0.14830652790917692
32415,0.6761400189214759
32416,0.9176789656259856
32417,0.6734027120782087
32418,0.660624408703879
32419,0.18939135919268368
32420,0.399205298013245
32421,0.62399243140965
32422,0.5794134342478713
32423,0.8143550930305897
32424,0.8326080100914538
32425,0.6625291706086408
32426,0.830249132765689
32427,0.7816713970356354
32428,0.7298139388205612
32429,0.513440555029959
32430,0.11002207505518764
32431,0.2547587511825922
32432,0.7571743929359823
32433,0.8400504572690002
32434,0.310879848628193
32435,0.9619552191737621
32436,0.8847177546515296
32437,0.38411857458215076
32438,0.29266477451907913
32439,0.5619426048565122
32440,0.3369914853358562
32441,0.08481866918953011
32442,0.6380069378744876
32443,0.049612109744560075
32444,0.8611668243456323
32445,0.8354336171554714
32446,0.18472406181015455
32447,0.034550614947965935
32448,0.27018606117943866
32449,0.5463765373699148
32450,0.31292336802270576
32451,0.7229517502365186
32452,0.5275055187637969
32453,0.9568338063702301
32454,0.8254935351624094
32455,0.4341721854304636
32456,0.9279848628192998
32457,0.9512708924629455
32458,0.8279911699779249
32459,0.04297697887101861
32460,0.5865405234941659
32461,0.43635446231472724
32462,0.46263008514664145
32463,0.0469126458530432
32464,0.37875748975086726
32465,0.20626931567328916
32466,0.042308420056764426
32467,0.033730684326710815
32468,0.5805865657521287
32469,0.1681866918953012
32470,0.1502869757174393
32471,0.41430463576158943
32472,0.3367770419426049
32473,0.8650772626931567
32474,0.09306843267108167
32475,0.06149479659413434
32476,0.08692526017029327
32477,0.058366445916114784
32478,0.19675812046672972
32479,0.6807316304005046
32480,0.1428445285398928
32481,0.754399243140965
32482,0.19113213497319456
32483,0.8757868180384737
32484,0.14728476821192052
32485,0.018795332702617473
32486,0.06327341532639545
32487,0.147360454115421
32488,0.5123304951119521
32489,0.39761589403973513
32490,0.14401766004415012
32491,0.5976411226742352
32492,0.053320719016083255
32493,0.7629265216020183
32494,0.7743046357615895
32495,0.766887417218543
32496,0.3629769788710186
32497,0.2350930305897193
32498,0.003973509933774834
32499,0.0071901608325449385
32500,0.13000315357931252
32501,0.08015137180700094
32502,0.23750236518448442
32503,0.9744433932513402
32504,0.6920214443393251
32505,0.6848312835067802
32506,0.5036013875748975
32507,0.2550614947965941
32508,0.6071649321980448
32509,0.45502365184484395
32510,0.7163923052664776
32511,0.8056133711762851
32512,0.975036266162094
32513,0.2070514033427941
32514,0.9628256070640177
32515,0.21676442762535478
32516,0.17298013245033114
32517,0.3059854935351624
32518,0.7858215074109113
32519,0.6003532008830023
32520,0.9242131819615264
32521,0.8723935666982024
32522,0.5384295175023651
32523,0.8164995269631031
32524,0.38365184484389786
32525,0.9067423525701672
32526,0.666881110059918
32527,0.10117943866288236
32528,0.15814569536423842
32529,0.4646736045411542
32530,0.7900599180069379
32531,0.09349731945758437
32532,0.2560832544938505
32533,0.756480605487228
32534,0.8815641753390098
32535,0.8846672973825291
32536,0.3848880479344055
32537,0.8687984862819299
32538,0.17161778618732262
32539,0.5415074109113844
32540,0.8034058656575213
32541,0.535692210659098
32542,0.8978997161778618
32543,0.5219804478082624
32544,0.9183727530747399
32545,0.6794575843582467
32546,0.22596026490066223
32547,0.15857458215074108
32548,0.10534216335540837
32549,0.8907726269315673
32550,0.11781772311573636
32551,0.5379880163986125
32552,0.1280479344055503
32553,0.04470514033427941
32554,0.43299905392620625
32555,0.3390097760958688
32556,0.7754777672658468
32557,0.03055187637969095
32558,0.29556606748659725
32559,0.1456953642384106
32560,0.13451907915484076
32561,0.6507221696625669
32562,0.06352570167139704
32563,0.5961274046042259
32564,0.7909429202144433
32565,0.7484578997161779
32566,0.25900977609586884
32567,0.32389782403027434
32568,0.30635130873541466
32569,0.3704698833175655
32570,0.08140018921475876
32571,0.2409713024282561
32572,0.03316304005045727
32573,0.9102365184484389
32574,0.2965121412803532
32575,0.12475559760327973
32576,0.5567707347839799
32577,0.3824787133396405
32578,0.26612425102491327
32579,0.37323241879533264
32580,0.5082308420056765
32581,0.11033743298643961
32582,0.9371428571428573
32583,0.48162724692526016
32584,0.09473352254809209
32585,0.10356354462314728
32586,0.1492021444339325
32587,0.16278776411226742
32588,0.7951434878587197
32589,0.38708293913591924
32590,0.5606307158625039
32591,0.8198675496688742
32592,0.4460170293282876
32593,0.6471144749290445
32594,0.936310312204352
32595,0.6684200567644276
32596,0.15810785241248818
32597,0.6810848312835068
32598,0.3714033427940713
32599,0.2553137811415957
32600,0.8300220750551877
32601,0.7185619678334909
32602,0.6153390097760959
32603,0.06847051403342795
32604,0.1783033743298644
32605,0.16698833175654368
32606,0.6404288867865027
32607,0.738076316619363
32608,0.45250078839482816
32609,0.8481993062125512
32610,0.39317565436770735
32611,0.15373068432671083
32612,0.9395900346893724
32613,0.4282812992746768
32614,0.3308609271523179
32615,0.8969157994323558
32616,0.9648691264585304
32617,0.2810974456007569
32618,0.009498580889309367
32619,0.24992746767581203
32620,0.889763481551561
32621,0.32296436455376853
32622,0.4547587511825923
32623,0.41739514348785867
32624,0.33352254809208454
32625,0.004856512141280353
32626,0.7094670450961842
32627,0.14102806685588143
32628,0.14585935036266162
32629,0.37711762850835695
32630,0.5336865342163356
32631,0.8541658782718385
32632,0.24404919583727527
32633,0.9526836959949544
32634,0.8687480290129297
32635,0.8282308420056764
32636,0.8988205613371176
32637,0.9392116051718701
32638,0.790715862503942
32639,0.8049574266792809
32640,0.13540208136234627
32641,0.6695301166824346
32642,0.5297634815515609
32643,0.34479974771365496
32644,0.8292273730684326
32645,0.2151497950173447
32646,0.8865342163355409
32647,0.7478524124881741
32648,0.6344623147272155
32649,0.7982592242194892
32650,0.14510249132765687
32651,0.5491264585304322
32652,0.7499337748344371
32653,0.3629517502365185
32654,0.7441438032166509
32655,0.057407757805108796
32656,0.2726206244087039
32657,0.6136360769473352
32658,0.10818038473667613
32659,0.4012488174077578
32660,0.9790097760958688
32661,0.9513970356354461
32662,0.963834752444024
32663,0.7168338063702302
32664,0.7712645853043205
32665,0.8939009776095869
32666,0.3021128981393882
32667,0.8379943235572375
32668,0.963368022705771
32669,0.7970987070324819
32670,0.8462188584042889
32671,0.8600819930621255
32672,0.8507978555660675
32673,0.5145253863134658
32674,0.4068369599495427
32675,0.4503185115105645
32676,0.5571491643014822
32677,0.7858341217281615
32678,0.48623147272153894
32679,0.39895301166824343
32680,0.3813308104698833
32681,0.7982718385367391
32682,0.8168527278461054
32683,0.9128602964364554
32684,0.9810154525386312
32685,0.9068684957426679
32686,0.675370545569221
32687,0.9407757805108798
32688,0.23270892462945444
32689,0.8844528539892779
32690,0.2803027436140019
32691,0.713427940712709
32692,0.5466162093976664
32693,0.9269883317565436
32694,0.9599621570482498
32695,0.2589719331441186
32696,0.486080100914538
32697,0.9968968779564806
32698,0.9427940712708924
32699,0.3680731630400504
32700,0.38462314727215396
32701,0.8371617786187323
32702,0.2149227373068433
32703,0.7818606117943866
32704,0.8312708924629455
32705,0.8209902239041311
32706,0.737445600756859
32707,0.7836896877956482
32708,0.6518953011668243
32709,0.8510249132765689
32710,0.7279217912330496
32711,0.906868495742668
32712,0.7242510249132765
32713,0.9072343109429202
32714,0.2616966256701356
32715,0.9989908546199937
32716,0.7415200252286345
32717,0.1887228003784295
32718,0.9060359508041627
32719,0.3747461368653422
32720,0.8821192052980132
32721,0.10814254178492588
32722,0.36853989277830335
32723,0.08165247555976034
32724,0.1307852412488174
32725,0.273919899085462
32726,0.7198612425102491
32727,0.5106149479659413
32728,0.5400946073793755
32729,0.29449385052034055
32730,0.5135036266162094
32731,0.5090633869441817
32732,0.9859728792179122
32733,0.682068748029013
32734,0.7592683695994955
32735,0.5337496058025859
32736,0.9411289813938821
32737,0.4221255124566383
32738,0.31665720592872915
32739,0.6048438978240304
32740,0.11722485020498265
32741,0.29489750867234316
32742,0.5001829076001261
32743,0.6160201829076001
32744,0.7656764427625354
32745,0.8178366445916114
32746,0.6900914538000632
32747,0.09657521286660359
32748,0.3567581204667297
32749,0.7768527278461054
32750,0.9161274046042257
32751,0.026780195521917377
32752,0.07055187637969094
32753,0.05142857142857143
32754,0.475370545569221
32755,0.3866414380321665
32756,0.8653547776726586
32757,0.8727972248502051
32758,0.3432860296436456
32759,0.16806054872280038
32760,0.4350930305897194
32761,0.6817029328287606
32762,0.5266982024597918
32763,0.3192179123304951
32764,0.4873919899085462
32765,0.015326395458845793
32766,0.7873099968464207
32767,0.7606937874487543
32768,0.6081362346263008
32769,0.6890823084200567
32770,0.7269504888047935
32771,0.4542541784925891
32772,0.7067675812046672
32773,0.4323052664774519
32774,0.3631535793125197
32775,0.14131819615263325
32776,0.4258971933144119
32777,0.7831472721538946
32778,0.4958561967833491
32779,0.5046988331756543
32780,0.5686912645853043
32781,0.4584295175023652
32782,0.5810280668558815
32783,0.7947524440239673
32784,0.5660170293282877
32785,0.7809019236833806
32786,0.23780510879848626
32787,0.27521917376222016
32788,0.2821065909807632
32789,0.6514033427940713
32790,0.11783033743298645
32791,0.08475559760327972
32792,0.27659413434247876
32793,0.7874992116051718
32794,0.08758120466729738
32795,0.9228508356985178
32796,0.7609839167455063
32797,0.2060674865972879
32798,0.4303626616209398
32799,0.6257332071901608
32800,0.9272406181015451
32801,0.2478208766950489
32802,0.08744244717754653
32803,0.2865342163355408
32804,0.8669315673289183
32805,0.7166067486597287
32806,0.9496941028066855
32807,0.693762220119836
32808,0.32700094607379376
32809,0.3495553453169348
32810,0.344156417533901
32811,0.7904635761589405
32812,0.8525134027120781
32813,0.20200567644276254
32814,0.1261936297697887
32815,0.48194260485651214
32816,0.1473478397981709
32817,0.47841059602649005
32818,0.8677641122674234
32819,0.21660044150110375
32820,0.23702302112898138
32821,0.7338631346578366
32822,0.9784169031851151
32823,0.9491769157994324
32824,0.6865720592872911
32825,0.14617470829391357
32826,0.22063702302112898
32827,0.8387511825922422
32828,0.2026237779880164
32829,0.5622958057395144
32830,0.1132639545884579
32831,0.5067171239356669
32832,0.26590980763166194
32833,0.2993755912961211
32834,0.77277830337433
32835,0.43745190791548405
32836,0.24584042888678648
32837,0.0034689372437716813
32838,0.8667297382529171
32839,0.7537811415957112
32840,0.5905266477451908
32841,0.32949858088930933
32842,0.4786628823714917
32843,0.1632797224850205
32844,0.7086975717439294
32845,0.505443077893409
32846,0.1137937559129612
32847,0.19682119205298013
32848,0.6309303058971933
32849,0.6992368338063703
32850,0.037691579943235576
32851,0.7605424156417534
32852,0.2996026490066226
32853,0.5189656259854936
32854,0.16035320088300217
32855,0.09730684326710816
32856,0.15200252286345
32857,0.15481551561021759
32858,0.7826426994638915
32859,0.16030274361400187
32860,0.5196720277514979
32861,0.3418606117943866
32862,0.4083632923368023
32863,0.7228256070640177
32864,0.0814884894355093
32865,0.7361967833491012
32866,0.009763481551561022
32867,0.00478082623777988
32868,0.31635446231472725
32869,0.3017849258908862
32870,0.9440302743614002
32871,0.8157805108798487
32872,0.06558183538315988
32873,0.46298328602964367
32874,0.41321980447808265
32875,0.6327341532639545
32876,0.5256385998107852
32877,0.05513718070009461
32878,0.7027562283191423
32879,0.6905203405865658
32880,0.4891579943235573
32881,0.15371807000946075
32882,0.7719079154840743
32883,0.3114727215389467
32884,0.6285966572059287
32885,0.09313150425733206
32886,0.7459854935351623
32887,0.14560706401766005
32888,0.01989277830337433
32889,0.6750047303689688
32890,0.39361715547146003
32891,0.5753768527278461
32892,0.920327972248502
32893,0.014355093030589721
32894,0.1391233049511195
32895,0.40983916745506144
32896,0.036505834121728156
32897,0.13407757805108797
32898,0.6136613055818354
32899,0.4256196783349101
32900,0.013535162409334596
32901,0.6479217912330496
32902,0.8652538631346578
32903,0.9047619047619048
32904,0.9464017660044151
32905,0.6473415326395459
32906,0.9364112267423526
32907,0.7829328287606433
32908,0.8858908861557868
32909,0.3018732261116367
32910,0.0078082623777988025
32911,0.5129485966572059
32912,0.2532954903815831
32913,0.8058908861557867
32914,0.38201198360138755
32915,0.3474235257016714
32916,0.043607694733522544
32917,0.7634310942920215
32918,0.1633427940712709
32919,0.32745506149479653
32920,0.977432986439609
32921,0.2495238095238095
32922,0.361766004415011
32923,0.8557174392935982
32924,0.3383033743298644
32925,0.02858404288867865
32926,0.028319142226426994
32927,0.04056764427625355
32928,0.14191106906338694
32929,0.4658341217281614
32930,0.9531378114159571
32931,0.9095048880479345
32932,0.4296941028066855
32933,0.21929990539262062
32934,0.2544686218858404
32935,0.18411857458215072
32936,0.014947965941343426
32937,0.6648628192999053
32938,0.13749605802585935
32939,0.27622831914222645
32940,0.7583601387574898
32941,0.5986502680542416
32942,0.550249132765689
32943,0.01617155471460107
32944,0.15730053610848313
32945,0.5051907915484074
32946,0.7898076316619362
32947,0.8868117313150425
32948,0.6547713654998423
32949,0.49631031220435196
32950,0.26109113844213183
32951,0.7984736676127405
32952,0.16330495111952067
32953,0.09562913907284769
32954,0.6610028382213813
32955,0.7367139703563544
32956,0.44992746767581204
32957,0.9500473036896877
32958,0.6608893093661306
32959,0.3729296751813308
32960,0.06220119836013876
32961,0.6342730999684641
32962,0.8904698833175654
32963,0.45016713970356353
32964,0.5475622831914223
32965,0.6543424787133396
32966,0.3247303689687796
32967,0.12466729738252917
32968,0.8129170608640807
32969,0.2962976978871018
32970,0.912343109429202
32971,0.6084768211920529
32972,0.3698391674550615
32973,0.24909492273730685
32974,0.9246799116997794
32975,0.1456322926521602
32976,0.6339325134027121
32977,0.1902239041311889
32978,0.29776095868811103
32979,0.9508672343109429
32980,0.5754399243140965
32981,0.2992746767581205
32982,0.020801009145380005
32983,0.8679785556606748
32984,0.9202270577105014
32985,0.8304257332071902
32986,0.8375275938189846
32987,0.065279091769158
32988,0.05628508356985178
32989,0.6327341532639545
32990,0.2909870703248187
32991,0.15226742352570166
32992,0.5124944812362031
32993,0.6568905707978555
32994,0.3779754020813624
32995,0.12821192052980135
32996,0.29094922737306844
32997,0.1111195206559445
32998,0.9221570482497634
32999,0.06955534531693472
33000,0.7526206244087039
33001,0.7911321349731947
33002,0.2783349101229896
33003,0.28473036896877957
33004,0.1568968779564806
33005,0.1376978871018606
33006,0.06949227373068433
33007,0.006496373383790602
33008,0.397918637653737
33009,0.7680100914538001
33010,0.1958246609902239
33011,0.702579627877641
33012,0.4722043519394512
33013,0.030022075055187638
33014,0.43197729422894987
33015,0.38606117943866286
33016,0.13969094922737305
33017,0.6520466729738252
33018,0.9403721223588773
33019,0.08580258593503627
33020,0.19983601387574898
33021,0.023222958057395146
33022,0.04536108483128351
33023,0.9039293598233995
33024,0.07612740460422579
33025,0.8684578997161779
33026,0.1977924944812362
33027,0.6356228319142226
33028,0.4879974771365499
33029,0.7392116051718701
33030,0.7111069063386944
33031,0.18964364553768528
33032,0.6517060864080731
33033,0.8496877956480605
33034,0.17694102806685588
33035,0.379362976978871
33036,0.8449195837275308
33037,0.3127341532639546
33038,0.27540838852097127
33039,0.41614632608010094
33040,0.03209082308420057
33041,0.9117628508356985
33042,0.779690949227373
33043,0.0778555660674866
33044,0.436480605487228
33045,0.29300536108483133
33046,0.29629769788710186
33047,0.7417975402081362
33048,0.9263576158940396
33049,0.8771617786187323
33050,0.6818669189530117
33051,0.9841185745821507
33052,0.6585304320403658
33053,0.8101923683380637
33054,0.04427625354777673
33055,0.31429832860296436
33056,0.3782907600126143
33057,0.44981393882056137
33058,0.8732387259539577
33059,0.42609902239041314
33060,0.9346326080100915
33061,0.6582024597918638
33062,0.5562787764112267
33063,0.8206244087038789
33064,0.7032229580573952
33065,0.23321349731945762
33066,0.6280290129296752
33067,0.6217344686218859
33068,0.3935919268369599
33069,0.7683885209713025
33070,0.220637023021129
33071,0.2546199936928414
33072,0.6885525070955535
33073,0.13242510249132766
33074,0.23349101229895933
33075,0.7748470514033429
33076,0.37559129612109743
33077,0.13261431725007883
33078,0.3515484074424472
33079,0.07447492904446547
33080,0.9880163986124251
33081,0.9492021444339326
33082,0.7724629454430779
33083,0.8633869441816462
33084,0.6671207820876696
33085,0.9746578366445916
33086,0.3941847997477136
33087,0.601753390097761
33088,0.26293282876064333
33089,0.955988647114475
33090,0.9708230842005677
33091,0.6477956480605487
33092,0.9129864396089561
33093,0.407038789025544
33094,0.9561526332387259
33095,0.46225165562913906
33096,0.9738126773888364
33097,0.9761337117628509
33098,0.31861242510249127
33099,0.8111384421318195
33100,0.7049763481551562
33101,0.9520782087669505
33102,0.648640807316304
33103,0.8403658152002522
33104,0.6864585304320404
33105,0.20859035004730367
33106,0.6816272469252602
33107,0.5621570482497635
33108,0.8695805739514348
33109,0.7444465468306528
33110,0.1662567013560391
33111,0.5781772311573636
33112,0.9516240933459477
33113,0.9702302112898139
33114,0.40461684011352883
33115,0.9913339640491957
33116,0.36066855881425414
33117,0.9452412488174077
33118,0.3311762850835699
33119,0.325752128666036
33120,0.6070514033427941
33121,0.45301797540208133
33122,0.7824156417533902
33123,0.8020056764427625
33124,0.7818732261116367
33125,0.7054052349416589
33126,0.5577294228949858
33127,0.9460990223904131
33128,0.5584358246609902
33129,0.5973888363292337
33130,0.9891516871649322
33131,0.5975654367707349
33132,0.6475812046672974
33133,0.5207568590350048
33134,0.6620245979186377
33135,0.5637969094922737
33136,0.9439545884578997
33137,0.2211668243456323
33138,0.9567328918322295
33139,0.5959255755282246
33140,0.9544749290444655
33141,0.6547839798170925
33142,0.9936297697887102
33143,0.7675433617155472
33144,0.24621885840428884
33145,0.9118763796909491
33146,0.27156102175969726
33147,0.7125827814569536
33148,0.08254809208451593
33149,0.2371996215704825
33150,0.058971933144118575
33151,0.39698517817723117
33152,0.1288804793440555
33153,0.2872153894670451
33154,0.47040050457269006
33155,0.5911952065594449
33156,0.4498265531378114
33157,0.3902239041311889
33158,0.769120151371807
33159,0.48143803216650904
33160,0.19839798170924
33161,0.4536234626300852
33162,0.26698202459791864
33163,0.4003658152002523
33164,0.6298707032481867
33165,0.38775149795017344
33166,0.4615074109113844
33167,0.6728729107537055
33168,0.1352633238725954
33169,0.1703058971933144
33170,0.2932198044780826
33171,0.5892273730684328
33172,0.08104698833175654
33173,0.15958372753074743
33174,0.369927467675812
33175,0.289914853358562
33176,0.4628571428571428
33177,0.9116367076631976
33178,0.11587511825922421
33179,0.4840618101545253
33180,0.609763481551561
33181,0.44595395774203717
33182,0.6870387890255439
33183,0.12946073793755916
33184,0.8956291390728477
33185,0.5800441501103752
33186,0.986073793755913
33187,0.6779312519709871
33188,0.47862503941974144
33189,0.3733711762850836
33190,0.08132450331125829
33191,0.38106590980763166
33192,0.8654683065279091
33193,0.13419110690633868
33194,0.4334153263954589
33195,0.05902239041311889
33196,0.8838473667612741
33197,0.2080605487228004
33198,0.706099022390413
33199,0.6124629454430779
33200,0.1766508987701041
33201,0.6071270892462945
33202,0.10889940081993063
33203,0.8380195521917377
33204,0.8494733522548091
33205,0.34739829706717124
33206,0.2614191106906339
33207,0.9379501734468623
33208,0.6246357615894039
33209,0.32027751497950174
33210,0.021759697256385997
33211,0.4818416903185115
33212,0.8320782087669504
33213,0.17094922737306845
33214,0.6000378429517502
33215,0.262705771050142
33216,0.3961274046042258
33217,0.7777105014191107
33218,0.6467738883632924
33219,0.6174708293913592
33220,0.2683695994954273
33221,0.5863008514664143
33222,0.9059476505834121
33223,0.8056638284452854
33224,0.9567833491012299
33225,0.02054872280037843
33226,0.034273099968464206
33227,0.07485335856196783
33228,0.5101356039104384
33229,0.4076064333017976
33230,0.09146641438032166
33231,0.5737243771680858
33232,0.5508420056764428
33233,0.8466855881425418
33234,0.6174960580258593
33235,0.33694102806685594
33236,0.1644023967202775
33237,0.26201198360138755
33238,0.9030842005676444
33239,0.09376222011983601
33240,0.638700725323242
33241,0.4023084200567644
33242,0.13784925890886154
33243,0.7601009145380008
33244,0.7428445285398928
33245,0.8302617470829391
33246,0.8653421633554084
33247,0.6268432671081676
33248,0.8472658467360454
33249,0.419842321034374
33250,0.1378240302743614
33251,0.12975086723431092
33252,0.31322611163670766
33253,0.12967518133081046
33254,0.5381015452538631
33255,0.08018921475875118
33256,0.9211479028697571
33257,0.6061557868180385
33258,0.7120151371807001
33259,0.35475244402396716
33260,0.7027057710501419
33261,0.509757174392936
33262,0.2043519394512772
33263,0.342882371491643
33264,0.11221696625670136
33265,0.6613181961526333
33266,0.3223841059602649
33267,0.8944938505203405
33268,0.06585935036266162
33269,0.24666035950804163
33270,0.634563229265216
33271,0.48710186061179434
33272,0.35071586250394193
33273,0.8340838852097131
33274,0.08034058656575213
33275,0.32392305266477456
33276,0.7643519394512772
33277,0.8658215074109112
33278,0.2863071586250394
33279,0.19986124251024912
33280,0.4214317250078839
33281,0.9308735414695679
33282,0.4902932828760643
33283,0.5799053926206245
33284,0.14877325764742985
33285,0.21068432671081677
33286,0.45913591926836955
33287,0.7167202775149796
33288,0.4217218543046358
33289,0.05890886155786818
33290,0.40836329233680224
33291,0.2960958688111006
33292,0.7066288237149164
33293,0.6369725638599811
33294,0.2789782403027436
33295,0.4363292336802271
33296,0.20946073793755912
33297,0.037439293598233996
33298,0.9129738252917061
33299,0.14524124881740777
33300,0.38710816777041945
33301,0.8232481866918954
33302,0.5373699148533586
33303,0.16055502995900348
33304,0.5121286660359509
33305,0.8882876064333017
33306,0.8012109744560076
33307,0.8869252601702934
33308,0.5850268054241564
33309,0.8993503626616209
33310,0.5908546199936928
33311,0.4467991169977925
33312,0.18362661620939766
33313,0.048918322295805734
33314,0.8831914222642699
33315,0.7134027120782087
33316,0.5749353516240934
33317,0.7819993692841375
33318,0.2634374014506465
33319,0.2453610848312835
33320,0.508949858088931
33321,0.2606874802901293
33322,0.17652475559760328
33323,0.6578744875433618
33324,0.20711447492904447
33325,0.14242825607064016
33326,0.6243834752444023
33327,0.761917376222012
33328,0.3079407127089246
33329,0.14167139703563544
33330,0.6781078524124882
33331,0.08484389782403026
33332,0.017004099653106276
33333,0.19436140018921474
33334,0.896499526963103
33335,0.5243519394512772
33336,0.5839545884578997
33337,0.7970608640807315
33338,0.2609776095868811
33339,0.7930747398297068
33340,0.4507473982970671
33341,0.9193314411857458
33342,0.8574077578051087
33343,0.24078208766950487
33344,0.5772311573636077
33345,0.4612425102491327
33346,0.5984862819299905
33347,0.881766004415011
33348,0.13552822453484703
33349,0.38329864396089564
33350,0.7672784610532956
33351,0.7305329549038159
33352,0.009536423841059603
33353,0.04606748659728792
33354,0.11872595395774203
33355,0.3551561021759697
33356,0.5832481866918953
33357,0.4553137811415957
33358,0.8444150110375275
33359,0.4621759697256386
33360,0.1518259224219489
33361,0.5876505834121729
33362,0.7543614001892148
33363,0.10589719331441186
33364,0.02226426994638915
33365,0.17150425733207192
33366,0.6000378429517501
33367,0.021469567959634183
33368,0.280807316304005
33369,0.7591422264269947
33370,0.3573005361084831
33371,0.17942604856512143
33372,0.910564490696941
33373,0.6267549668874173
33374,0.3750741091138442
33375,0.761753390097761
33376,0.7645159255755282
33377,0.9570482497634816
33378,0.7805234941658783
33379,0.12957426679280984
33380,0.08258593503626617
33381,0.18809208451592557
33382,0.6910501419110691
33383,0.10937874487543361
33384,0.41897193314411857
33385,0.5380510879848629
33386,0.322724692526017
33387,0.6404541154210028
33388,0.5585241248817407
33389,0.08232103437401452
33390,0.49523809523809526
33391,0.2034563229265216
33392,0.3983096814884895
33393,0.38589719331441186
33394,0.7811794386628824
33395,0.7190286975717439
33396,0.7366887417218544
33397,0.10120466729738252
33398,0.8218606117943866
33399,0.7363859981078524
33400,0.19740145064648376
33401,0.1759318826868496
33402,0.38776411226742347
33403,0.12683695994954272
33404,0.18821822768842636
33405,0.5132765689057079
33406,0.8719899085462001
33407,0.5783664459161147
33408,0.9891390728476821
33409,0.9000315357931252
33410,0.9520782087669505
33411,0.9321475875118259
33412,0.8654683065279091
33413,0.9605802585935036
33414,0.37378744875433617
33415,0.13469567959634185
33416,0.3508041627246925
33417,0.8146956795963418
33418,0.9061873226111637
33419,0.27764112267423524
33420,0.6167770419426049
33421,0.2095490381583097
33422,0.9463765373699148
33423,0.2627057710501419
33424,0.7522674235257018
33425,0.13643645537685273
33426,0.01684011352885525
33427,0.23997477136549983
33428,0.5393377483443709
33429,0.8051970987070324
33430,0.0211037527593819
33431,0.6945316934720908
33432,0.24962472406181016
33433,0.7962030905077263
33434,0.5167328918322295
33435,0.9070577105014193
33436,0.4257458215074109
33437,0.4952128666035951
33438,0.35994954273099966
33439,0.21199621570482496
33440,0.138240302743614
33441,0.20997792494481235
33442,0.9230022075055186
33443,0.3492778303374329
33444,0.027877641122674237
33445,0.5943614001892147
33446,0.28272469252601706
33447,0.9111321349731946
33448,0.9462882371491643
33449,0.22207505518763798
33450,0.1152317880794702
33451,0.22959318826868497
33452,0.14684326710816775
33453,0.5370923998738568
33454,0.7181709239987386
33455,0.8204982655313782
33456,0.40652160201829074
33457,0.9457710501419111
33458,0.28658467360454115
33459,0.47592557552822456
33460,0.30964364553768525
33461,0.40339325134027115
33462,0.493282876064333
33463,0.12908230842005677
33464,0.3246799116997793
33465,0.8658719646799116
33466,0.43069063386944184
33467,0.9822894985808892
33468,0.9874992116051718
33469,0.7977294228949858
33470,0.13988016398612427
33471,0.7407379375591298
33472,0.7800693787448755
33473,0.7230022075055188
33474,0.06597287921791233
33475,0.927354146956796
33476,0.1757426679280984
33477,0.8704635761589404
33478,0.4835446231472722
33479,0.13060864080731632
33480,0.8753327026174708
33481,0.7728035320088301
33482,0.8911132134973195
33483,0.9003468937243772
33484,0.3256512141280353
33485,0.393440555029959
33486,0.23877641122674237
33487,0.23239356669820244
33488,0.12963733837906025
33489,0.04247240618101546
33490,0.6166635130873542
33491,0.47506780195521914
33492,0.9399810785241247
33493,0.38046042257962787
33494,0.4624787133396405
33495,0.9342667928098392
33496,0.11891516871649323
33497,0.9497319457584357
33498,0.23606433301797541
33499,0.09450646483759068
33500,0.12922106590980764
33501,0.21783664459161148
33502,0.09243771680857774
33503,0.9125953957742038
33504,0.41398927783033745
33505,0.06240302743614003
33506,0.30672973825291705
33507,0.46974456007568594
33508,0.9614001892147588
33509,0.8018164616840113
33510,0.9052538631346578
33511,0.8736297697887102
33512,0.4882876064333018
33513,0.6290633869441817
33514,0.9669126458530432
33515,0.539842321034374
33516,0.30194891201513724
33517,0.903058971933144
33518,0.6423462630085147
33519,0.9854430778934089
33520,0.49953957742037214
33521,0.9423777988016397
33522,0.7816335540838851
33523,0.8032166508987701
33524,0.2912898139388206
33525,0.7749101229895933
33526,0.8967644276253548
33527,0.8802018290760012
33528,0.6275496688741722
33529,0.762724692526017
33530,0.594411857458215
33531,0.990879848628193
33532,0.9167202775149795
33533,0.7869567959634185
33534,0.262705771050142
33535,0.9637969094922737
33536,0.47581204667297383
33537,0.9038789025543993
33538,0.6914411857458216
33539,0.9318070009460738
33540,0.6897634815515611
33541,0.5948533585619679
33542,0.26213812677388837
33543,0.9216777041942604
33544,0.9113339640491958
33545,0.7852917060864081
33546,0.5825670135603911
33547,0.751661936297698
33548,0.6416903185115106
33549,0.6589088615578682
33550,0.3772059287291076
33551,0.4581393882056134
33552,0.5864774519079156
33553,0.8804036581520025
33554,0.6625922421948912
33555,0.6829391359192684
33556,0.6343740145064648
33557,0.8511762850835698
33558,0.4554777672658467
33559,0.7848754336171555
33560,0.9909050772626931
33561,0.45450646483759066
33562,0.39857458215074104
33563,0.5530873541469569
33564,0.8402144433932512
33565,0.28269946389151684
33566,0.3014695679596342
33567,0.7597224850204983
33568,0.7677073478397982
33569,0.9980069378744877
33570,0.5596089561652475
33571,0.884326710816777
33572,0.34097760958688117
33573,0.7231661936297699
33574,0.9399936928413749
33575,0.1897950173446862
33576,0.7636329233680228
33577,0.7902617470829392
33578,0.19383159886471146
33579,0.9156354462314729
33580,0.802876064333018
33581,0.9406117943866287
33582,0.841929990539262
33583,0.17424156417533904
33584,0.6780069378744876
33585,0.8977988016398613
33586,0.5427814569536423
33587,0.2487669504888048
33588,0.33422894985808893
33589,0.7659035004730369
33590,0.9867045096184168
33591,0.879369284137496
33592,0.5716051718700725
33593,0.6154020813623463
33594,0.39547146010722173
33595,0.498088930936613
33596,0.25977924944812364
33597,0.23196467991169978
33598,0.430551876379691
33599,0.3682497634815516
33600,0.7697508672343111
33601,0.629126458530432
33602,0.04637023021128982
33603,0.7315673289183223
33604,0.4861305581835383
33605,0.632166508987701
33606,0.36996531062756227
33607,0.38169662567013557
33608,0.17403973509933776
33609,0.5244150110375276
33610,0.33271523178807944
33611,0.6196152633238726
33612,0.7813308104698833
33613,0.7091769157994323
33614,0.10135603910438347
33615,0.8533333333333334
33616,0.4901166824345632
33617,0.7787953327026175
33618,0.3664585304320404
33619,0.8155408388520972
33620,0.7168590350047305
33621,0.4956922106590981
33622,0.42004415011037527
33623,0.8148975086723431
33624,0.19115736360769472
33625,0.20852727846105332
33626,0.5768148848943552
33627,0.4390791548407443
33628,0.8033175654367708
33629,0.9574897508672343
33630,0.32111005991800695
33631,0.4509618416903185
33632,0.9367265846736045
33633,0.8730116682434563
33634,0.43643014821822773
33635,0.5157742037212235
33636,0.9805234941658784
33637,0.5339388205613371
33638,0.688148848943551
33639,0.5905392620624409
33640,0.6560958688111006
33641,0.4647492904446547
33642,0.8901797540208136
33643,0.3573636076947335
33644,0.18821822768842636
33645,0.3052286345001577
33646,0.7410785241248818
33647,0.627347839798171
33648,0.6563733837906024
33649,0.11800693787448753
33650,0.3864900662251656
33651,0.6796972563859981
33652,0.7795774203721223
33653,0.9100220750551877
33654,0.7325512456638285
33655,0.051441185745821516
33656,0.8265531378114159
33657,0.7112961210974457
33658,0.48413749605802586
33659,0.4193377483443708
33660,0.3081299274676758
33661,0.8840491958372753
33662,0.863222958057395
33663,0.30881110059918004
33664,0.07877641122674235
33665,0.4332134973194576
33666,0.8317628508356986
33667,0.15658152002522863
33668,0.27524440239672027
33669,0.7935036266162094
33670,0.5457710501419111
33671,0.08988962472406181
33672,0.22128035320088302
33673,0.5621822768842636
33674,0.7973636076947336
33675,0.22950488804793442
33676,0.4975843582466099
33677,0.5564301482182277
33678,0.7796026490066226
33679,0.7229895931882687
33680,0.6773005361084832
33681,0.24175339009776092
33682,0.03312519709870704
33683,0.7164806054872279
33684,0.5717313150425734
33685,0.9003721223588772
33686,0.8828256070640177
33687,0.6477704194260485
33688,0.761740775780511
33689,0.9101103752759382
33690,0.7605298013245033
33691,0.6967391989908546
33692,0.7591169977924944
33693,0.1708483128350678
33694,0.7426174708293913
33695,0.7626742352570167
33696,0.017029328287606435
33697,0.03259539577420372
33698,0.48480605487228007
33699,0.11711132134973194
33700,0.23820876695048881
33701,0.8358751182592243
33702,0.6576978871018606
33703,0.6654052349416588
33704,0.6802018290760011
33705,0.2586565752128666
33706,0.6838725953957743
33707,0.142239041311889
33708,0.10947965941343427
33709,0.02554399243140965
33710,0.8527152317880794
33711,0.13374960580258594
33712,0.1314411857458215
33713,0.14236518448438978
33714,0.6841374960580259
33715,0.5526584673604541
33716,0.6251024913276569
33717,0.32372122358877325
33718,0.38154525386313465
33719,0.5233049511195207
33720,0.9453169347209082
33721,0.29892147587511825
33722,0.7885714285714285
33723,0.7120151371807001
33724,0.08633238725953957
33725,0.9438032166508987
33726,0.6725827814569536
33727,0.2141280353200883
33728,0.40895616524755596
33729,0.749441816461684
33730,0.09033112582781458
33731,0.0768464206874803
33732,0.27349101229895934
33733,0.8159318826868496
33734,0.850570797855566
33735,0.05187007253232418
33736,0.008085777357300535
33737,0.43708609271523174
33738,0.2364175339009776
33739,0.041198360138757495
33740,0.8503311258278146
33741,0.820309050772627
33742,0.48359508041627247
33743,0.09064648375906655
33744,0.325764742983286
33745,0.22368968779564807
33746,0.1000819930621255
33747,0.9294481236203092
33748,0.1403342794071271
33749,0.6286092715231788
33750,0.3825039419741406
33751,0.48233364869126455
33752,0.15259539577420372
33753,0.8108987701040681
33754,0.08085777357300536
33755,0.18015767896562598
33756,0.8316871649321982
33757,0.9508798486281931
33758,0.07352885525070955
33759,0.45000315357931253
33760,0.8672216966256701
33761,0.3404604225796279
33762,0.6987448754336171
33763,0.3997981709239988
33764,0.06130558183538316
33765,0.16261116367076633
33766,0.41171870072532324
33767,0.95040050457269
33768,0.2434563229265216
33769,0.8673226111636707
33770,0.41435509303058976
33771,0.8367707347839798
33772,0.9529107537054556
33773,0.42535477767265845
33774,0.79680857773573
33775,0.2546704509618417
33776,0.23611479028697574
33777,0.5382655313781142
33778,0.09598233995584989
33779,0.3423273415326395
33780,0.157918637653737
33781,0.8564364553768528
33782,0.9361337117628508
33783,0.22430778934090193
33784,0.4655692210659098
33785,0.02555660674865973
33786,0.8723052664774519
33787,0.334228949858089
33788,0.5917628508356985
33789,0.23364238410596025
33790,0.5579564806054872
33791,0.6258088930936614
33792,0.056877956480605486
33793,0.18678019552191738
33794,0.0027246925260170293
33795,0.9264711447492905
33796,0.4607631661936297
33797,0.18197414064963732
33798,0.7785808893093661
33799,0.3396657205928729
33800,0.36348155156102174
33801,0.4733017975402082
33802,0.03166193629769789
33803,0.871661936297698
33804,0.3204036581520025
33805,0.902579627877641
33806,0.71520655944497
33807,0.12160201829076002
33808,0.3165689057079785
33809,0.044389782403027433
33810,0.5528729107537054
33811,0.3247808262377799
33812,0.2992999053926206
33813,0.17899716177861874
33814,0.3090760012614317
33815,0.7193440555029958
33816,0.8303122043519394
33817,0.46522863450015767
33818,0.32676127404604227
33819,0.6065216020182908
33820,0.09444339325134028
33821,0.2829895931882687
33822,0.7311636707663198
33823,0.8930432040365814
33824,0.9680731630400504
33825,0.6798233995584989
33826,0.9194323557237465
33827,0.2433427940712709
33828,0.5192305266477452
33829,0.3856575212866603
33830,0.046080100914538
33831,0.15101860611794388
33832,0.029694102806685593
33833,0.8444654683065279
33834,0.41764742983286024
33835,0.1582718385367392
33836,0.9185367391989908
33837,0.9391359192683696
33838,0.46713339640491963
33839,0.5701292967518132
33840,0.7767518133081048
33841,0.8217218543046357
33842,0.18386628823714915
33843,0.5136928413749606
33844,0.4810217596972564
33845,0.7954714601072217
33846,0.6259602649006621
33847,0.03366761274046042
33848,0.06538000630715862
33849,0.2288489435509303
33850,0.010116682434563228
33851,0.942705771050142
33852,0.31376852727846105
33853,0.8939009776095869
33854,0.22428256070640176
33855,0.7471712393566698
33856,0.7929864396089561
33857,0.5411289813938821
33858,0.08346893724377169
33859,0.0625291706086408
33860,0.4375023651844844
33861,0.354247871333964
33862,0.6064080731630401
33863,0.19747713654998422
33864,0.23698517817723116
33865,0.8263134657836644
33866,0.25907284768211924
33867,0.432645853043204
33868,0.22423210343740144
33869,0.838233995584989
33870,0.06478713339640492
33871,0.9021633554083884
33872,0.5959886471144749
33873,0.15048880479344057
33874,0.6257962787764112
33875,0.16948596657205928
33876,0.29492273730684326
33877,0.1011037527593819
33878,0.812134973194576
33879,0.8687228003784295
33880,0.5160138757489751
33881,0.5804982655313781
33882,0.8523494165878271
33883,0.4312835067801955
33884,0.09883317565436771
33885,0.4781330810469883
33886,0.13419110690633868
33887,0.18001892147587514
33888,0.4001892147587512
33889,0.12509618416903184
33890,0.5959255755282247
33891,0.6270955534531694
33892,0.5549164301482181
33893,0.7667991169977924
33894,0.1619678334910123
33895,0.9099842321034375
33896,0.8828382213812676
33897,0.23559760327972248
33898,0.27999999999999997
33899,0.22136865342163356
33900,0.23118259224219487
33901,0.2831661936297698
33902,0.48708924629454425
33903,0.6017281614632608
33904,0.8006181015452539
33905,0.35398297067171236
33906,0.4530558183538316
33907,0.49612109744560073
33908,0.3236076947335225
33909,0.4525260170293283
33910,0.7195332702617472
33911,0.8155534531693472
33912,0.482876064333018
33913,0.06830652790917692
33914,0.47842321034374014
33915,0.31801955219173766
33916,0.6204351939451277
33917,0.23745190791548407
33918,0.11135919268369598
33919,0.8518070009460738
33920,0.3383033743298644
33921,0.24268684957426678
33922,0.9197981709239986
33923,0.3654619993692842
33924,0.33660044150110374
33925,0.0821444339325134
33926,0.4428003784295175
33927,0.29993062125512454
33928,0.4349921160517187
33929,0.5826805424156417
33930,0.8829139072847683
33931,0.345443077893409
33932,0.3007757805108799
33933,0.09948912015137182
33934,0.6272595395774204
33935,0.9263828445285398
33936,0.06308420056764429
33937,0.5024030274361401
33938,0.8576348155156102
33939,0.9595458845789971
33940,0.9144875433617154
33941,0.12485651214128035
33942,0.8137748344370862
33943,0.9792999053926206
33944,0.1923052664774519
33945,0.22105329549038158
33946,0.2932198044780826
33947,0.4599684642068748
33948,0.5856701356039103
33949,0.2912393566698202
33950,0.32431409649952697
33951,0.5528224534847052
33952,0.81758435824661
33953,0.9074865972879217
33954,0.09298013245033113
33955,0.8192368338063702
33956,0.3767391989908546
33957,0.05176915799432356
33958,0.12941028066855884
33959,0.8586313465783665
33960,0.9114853358561967
33961,0.2724944812362031
33962,0.7483948281299274
33963,0.3280731630400504
33964,0.9328666035950803
33965,0.7911447492904445
33966,0.17372437716808575
33967,0.4079722485020499
33968,0.5607820876695049
33969,0.9830589719331441
33970,0.6834815515610217
33971,0.9552191737622201
33972,0.7508798486281929
33973,0.9556228319142225
33974,0.35027436140018925
33975,0.9748722800378429
33976,0.7878145695364238
33977,0.878877325764743
33978,0.9958751182592243
33979,0.4707663197729423
33980,0.8388268684957427
33981,0.8650268054241564
33982,0.538719646799117
33983,0.6465216020182908
33984,0.609271523178808
33985,0.5677704194260486
33986,0.9662188584042888
33987,0.9241879533270261
33988,0.33024282560706403
33989,0.7832986439608957
33990,0.6288867865026806
33991,0.3049258908861558
33992,0.9259665720592873
33993,0.9974771365499843
33994,0.4921854304635761
33995,0.9456070640176599
33996,0.9380637023021129
33997,0.5872595395774204
33998,0.5482812992746767
33999,0.774077578051088
34000,0.7412172816146326
34001,0.6650015767896563
34002,0.298719646799117
34003,0.9452917060864081
34004,0.9219804478082623
34005,0.5502869757174392
34006,0.37304320403658153
34007,0.6873793755912961
34008,0.7192557552822453
34009,0.7852160201829076
34010,0.7794386628823715
34011,0.5927089246294546
34012,0.347839798170924
34013,0.8908104698833175
34014,0.6947713654998423
34015,0.970898770104068
34016,0.952645853043204
34017,0.9426931567328918
34018,0.644932198044781
34019,0.3832608010091454
34020,0.5237590665405235
34021,0.8553768527278461
34022,0.8477451907915484
34023,0.4949858088930937
34024,0.8168653421633554
34025,0.956644591611479
34026,0.7148155156102177
34027,0.5596215704824976
34028,0.17608325449385054
34029,0.5971870072532324
34030,0.4184673604541154
34031,0.13758435824660992
34032,0.8242321034374015
34033,0.2588457899716178
34034,0.477931251970987
34035,0.8221128981393883
34036,0.7117754651529485
34037,0.8539514348785873
34038,0.15067801955219173
34039,0.6952002522863451
34040,0.5610596026490067
34041,0.7454556922106591
34042,0.32074424471775465
34043,0.2553263954588458
34044,0.1016966256701356
34045,0.23817092399873857
34046,0.43538315988647114
34047,0.17200883002207504
34048,0.12818669189530116
34049,0.048274992116051726
34050,0.7821128981393883
34051,0.6301734468621886
34052,0.8931567328918323
34053,0.348483128350678
34054,0.6263260801009146
34055,0.0391674550614948
34056,0.34323557237464525
34057,0.47794386628823715
34058,0.6784232103437402
34059,0.06746136865342163
34060,0.5687038789025544
34061,0.37377483443708615
34062,0.7567328918322296
34063,0.9296751813308104
34064,0.8505455692210658
34065,0.4112519709870703
34066,0.9582466099022391
34067,0.22120466729738253
34068,0.42399243140964993
34069,0.31953327026174705
34070,0.8242068748029013
34071,0.766710816777042
34072,0.3290823084200568
34073,0.5429832860296436
34074,0.8927783033743298
34075,0.22883632923368025
34076,0.45759697256385995
34077,0.1732450331125828
34078,0.17132765689057078
34079,0.860485651214128
34080,0.8231472721538947
34081,0.7106275622831915
34082,0.30159571113213496
34083,0.309277830337433
34084,0.2960201829076001
34085,0.4632608010091454
34086,0.6389530116682435
34087,0.6155156102175969
34088,0.9629895931882687
34089,0.36644591611479027
34090,0.18034689372437718
34091,0.24005045726900032
34092,0.4384484389782403
34093,0.1784799747713655
34094,0.7088363292336802
34095,0.01893409019236834
34096,0.23617786187322615
34097,0.49888363292336796
34098,0.2814128035320088
34099,0.4582024597918638
34100,0.3240870387890255
34101,0.6015263323872596
34102,0.09257647429832862
34103,0.508647114474929
34104,0.496966256701356
34105,0.5654872280037843
34106,0.7972753074739829
34107,0.22690633869441815
34108,0.9679848628193
34109,0.03322611163670766
34110,0.94240302743614
34111,0.676152633238726
34112,0.4910879848628193
34113,0.34752444023967205
34114,0.5216903185115105
34115,0.1884326710816777
34116,0.6423967202775149
34117,0.4480479344055503
34118,0.7556606748659729
34119,0.5690949227373069
34120,0.6197792494481237
34121,0.570242825607064
34122,0.13695364238410593
34123,0.17877010406811733
34124,0.10719646799116997
34125,0.7438789025543993
34126,0.5885588142541786
34127,0.9219552191737621
34128,0.08917060864080732
34129,0.03552191737622201
34130,0.14554399243140964
34131,0.5757678965625985
34132,0.24941028066855883
34133,0.7334847051403343
34134,0.8997287921791233
34135,0.855843582466099
34136,0.8369851781772312
34137,0.8258845789971617
34138,0.5034626300851466
34139,0.1619047619047619
34140,0.19234310942920216
34141,0.39362976978871017
34142,0.5583222958057394
34143,0.16608010091453798
34144,0.6732639545884579
34145,0.8970797855566067
34146,0.7766130558183537
34147,0.05420372122358877
34148,0.7139198990854619
34149,0.240479344055503
34150,0.13536423841059603
34151,0.31248186691895297
34152,0.7978555660674866
34153,0.19519394512771998
34154,0.42162093976663506
34155,0.037678965625985494
34156,0.017760958688111006
34157,0.15421002838221382
34158,0.8808451592557554
34159,0.6186944181646168
34160,0.6894102806685588
34161,0.38281929990539265
34162,0.2826994638915169
34163,0.10241564175339012
34164,0.09508672343109428
34165,0.5568590350047303
34166,0.4172942289498581
34167,0.2666540523494165
34168,0.2617975402081362
34169,0.4402775149795017
34170,0.17267738883632922
34171,0.09871964679911699
34172,0.008073163040050457
34173,0.49728161463260806
34174,0.2667675812046673
34175,0.11471460107221697
34176,0.1357300536108483
34177,0.8448438978240302
34178,0.6101797540208136
34179,0.5546767581204667
34180,0.9594071270892462
34181,0.07876379690949227
34182,0.05103752759381898
34183,0.009713024282560706
34184,0.38503941974140643
34185,0.8339955849889624
34186,0.48092084515925576
34187,0.17469567959634186
34188,0.8811226742352569
34189,0.7280605487228005
34190,0.14104068117313148
34191,0.6474802901292968
34192,0.08409965310627562
34193,0.43466414380321666
34194,0.2254556922106591
34195,0.034462314727215386
34196,0.918738568274992
34197,0.7652475559760328
34198,0.020901923683380636
34199,0.17820245979186378
34200,0.07375591296121098
34201,0.7981078524124882
34202,0.94240302743614
34203,0.3433743298643961
34204,0.4245348470514033
34205,0.43229265216020185
34206,0.6518070009460738
34207,0.3406244087038789
34208,0.1936297697887102
34209,0.11924314096499526
34210,0.06871018606117943
34211,0.286559444970041
34212,0.07202775149795017
34213,0.1224976348155156
34214,0.024320403658152003
34215,0.22607379375591294
34216,0.7842321034374015
34217,0.119520655944497
34218,0.05214758751182592
34219,0.7375465152948596
34220,0.3523304951119521
34221,0.017685272784610535
34222,0.4588205613371176
34223,0.6682056133711763
34224,0.6434563229265216
34225,0.3738379060233365
34226,0.6983916745506149
34227,0.8331630400504573
34228,0.46980763166193623
34229,0.42982024597918633
34230,0.6151119520655944
34231,0.5006874802901293
34232,0.6679407127089246
34233,0.5679091769157995
34234,0.2865216020182907
34235,0.012816146326080101
34236,0.6145443077893409
34237,0.37092399873856824
34238,0.19233049511195208
34239,0.46845789971617785
34240,0.10931567328918322
34241,0.5224724061810154
34242,0.4558057395143487
34243,0.23167455061494796
34244,0.1881425417849259
34245,0.56959949542731
34246,0.06458530432040366
34247,0.30018290760012617
34248,0.18794071270892465
34249,0.5225228634500156
34250,0.05411542100283822
34251,0.2613938820561337
34252,0.12763166193629769
34253,0.5593440555029959
34254,0.6798107852412489
34255,0.2344118574582151
34256,0.892324187953327
34257,0.8974456007568591
34258,0.32363292336802274
34259,0.7175780510879849
34260,0.8314853358561969
34261,0.7367644276253549
34262,0.3118259224219489
34263,0.63359192683696
34264,0.3501734468621886
34265,0.7006874802901293
34266,0.5710879848628193
34267,0.08693787448754337
34268,0.5317943866288237
34269,0.17792494481236204
34270,0.13070955534531695
34271,0.18476190476190477
34272,0.7338252917060863
34273,0.1529107537054557
34274,0.6176852727846105
34275,0.6593251340271207
34276,0.11017344686218856
34277,0.6834184799747713
34278,0.508155156102176
34279,0.5243897824030275
34280,0.137117628508357
34281,0.7112204351939451
34282,0.2546956795963418
34283,0.12417533900977608
34284,0.39994954273099975
34285,0.09110059918006938
34286,0.17456953642384104
34287,0.8052980132450331
34288,0.11497950173446861
34289,0.21713024282560706
34290,0.8231094292021444
34291,0.2403658152002523
34292,0.7933396404919584
34293,0.0855502995900347
34294,0.4193882056133712
34295,0.2589593188268685
34296,0.15537054556922106
34297,0.48432671081677703
34298,0.3730684326710817
34299,0.2028382213812677
34300,0.7338883632923368
34301,0.9702175969725638
34302,0.0445285398927783
34303,0.052198044780826236
34304,0.1659035004730369
34305,0.19525701671397036
34306,0.7417975402081363
34307,0.2193882056133712
34308,0.956480605487228
34309,0.15731315042573318
34310,0.7863765373699149
34311,0.6892715231788079
34312,0.4808199306212551
34313,0.42826868495742665
34314,0.9120403658152003
34315,0.8034437086092715
34316,0.6115673289183224
34317,0.4396972563859981
34318,0.869454430778934
34319,0.7342541784925891
34320,0.24821192052980132
34321,0.37276568905707985
34322,0.4675622831914223
34323,0.17522548092084514
34324,0.32211920529801324
34325,0.8430526647745191
34326,0.4419930621255124
34327,0.1983222958057395
34328,0.2582150741091138
34329,0.12604225796278776
34330,0.432797224850205
34331,0.5415326395458846
34332,0.3377357300536108
34333,0.21721854304635763
34334,0.2057899716177862
34335,0.2436959949542731
34336,0.20360769473352253
34337,0.6348155156102177
34338,0.684629454430779
34339,0.45808893093661307
34340,0.36180384736676124
34341,0.40724061810154527
34342,0.8142667928098393
34343,0.10619993692841373
34344,0.5617660044150111
34345,0.8272343109429202
34346,0.3653106275622832
34347,0.2124124881740776
34348,0.32999053926206245
34349,0.3798675496688742
34350,0.41825291706086404
34351,0.7440933459476506
34352,0.47625354777672657
34353,0.6810974456007568
34354,0.10593503626616209
34355,0.5168464206874802
34356,0.47289813938820563
34357,0.13739514348785872
34358,0.49588142541784924
34359,0.432797224850205
34360,0.8584925890886156
34361,0.463689687795648
34362,0.015175023651844843
34363,0.8555408388520972
34364,0.10380321665089878
34365,0.40140018921475873
34366,0.6884768211920529
34367,0.32555029959003473
34368,0.7484200567644277
34369,0.30164616840113523
34370,0.10317250078839484
34371,0.5112835067801955
34372,0.018353831598864712
34373,0.666729738252917
34374,0.6665405234941659
34375,0.26323557237464523
34376,0.2740460422579628
34377,0.35341532639545886
34378,0.43688426363923055
34379,0.7588142541784926
34380,0.23200252286345002
34381,0.1892904446546831
34382,0.01784925890886156
34383,0.2109239987385683
34384,0.34797855566067487
34385,0.3998486281929991
34386,0.9855061494796594
34387,0.11204036581520026
34388,0.9360580258593504
34389,0.7355408388520971
34390,0.25832860296436455
34391,0.22725953957742037
34392,0.3734720908230842
34393,0.09547776726584675
34394,0.44988962472406174
34395,0.4750804162724692
34396,0.6262882371491643
34397,0.22463576158940396
34398,0.30415641753390094
34399,0.41625985493535156
34400,0.031926836959949544
34401,0.10353831598864711
34402,0.527190160832545
34403,0.9114222642699464
34404,0.8710942920214444
34405,0.9168590350047303
34406,0.27089246294544306
34407,0.23871333964049193
34408,0.466565752128666
34409,0.2517439293598234
34410,0.6061936297697887
34411,0.5011037527593819
34412,0.3276947335225481
34413,0.22879848628192995
34414,0.08305266477451907
34415,0.4165752128666036
34416,0.3549416587827184
34417,0.06515294859665721
34418,0.9803468937243771
34419,0.22466099022390412
34420,0.8280416272469253
34421,0.45851781772311573
34422,0.1998990854619994
34423,0.5831851151056449
34424,0.5120277514979502
34425,0.7149921160517188
34426,0.8978366445916114
34427,0.5080163986124251
34428,0.8969536423841059
34429,0.385758435824661
34430,0.6113781141595712
34431,0.5048628192999054
34432,0.15656890570797857
34433,0.4652538631346579
34434,0.3766887417218543
34435,0.3437653736991485
34436,0.7680479344055504
34437,0.7990665405234942
34438,0.7803973509933775
34439,0.29517502365184484
34440,0.09840428886786501
34441,0.26935351624093345
34442,0.8171807000946075
34443,0.3956480605487228
34444,0.06457269000315359
34445,0.4385493535162409
34446,0.14931567328918322
34447,0.7706086408073163
34448,0.8689246294544308
34449,0.272153894670451
34450,0.07032481866918953
34451,0.9016335540838851
34452,0.5463765373699149
34453,0.23899085461999367
34454,0.7127593818984548
34455,0.7928981393882056
34456,0.39003468937243774
34457,0.14334910122989594
34458,0.6787764112267424
34459,0.38309681488489433
34460,0.9358814254178494
34461,0.7687291075370545
34462,0.9595584988962472
34463,0.9994701986754966
34464,0.8962850835698518
34465,0.5679470198675496
34466,0.3102112898139388
34467,0.4857395143487859
34468,1.0
34469,0.94720908230842
34470,0.5977798801639862
34471,0.8204982655313782
34472,0.984799747713655
34473,0.42136865342163354
34474,0.8156291390728476
34475,0.7012046672973825
34476,0.9542857142857143
34477,0.8045789971617786
34478,0.9584105960264899
34479,0.9556354462314728
34480,0.8882749921160518
34481,0.33989277830337433
34482,0.8606244087038789
34483,0.9924566382844529
34484,0.6657332071901608
34485,0.8864711447492905
34486,0.8980889309366131
34487,0.5464648375906654
34488,0.9748218227688425
34489,0.9448880479344055
34490,0.8024345632292652
34491,0.9675559760327972
34492,0.7985241248817408
34493,0.9244528539892778
34494,0.2979627877641123
34495,0.5453421633554085
34496,0.1414064963733838
34497,0.850558183538316
34498,0.7353137811415957
34499,0.45480920845159256
34500,0.7289435509303058
34501,0.8546578366445915
34502,0.4815263323872595
34503,0.7296247240618101
34504,0.7925323241879534
34505,0.490558183538316
34506,0.5213623462630085
34507,0.47598864711447486
34508,0.9318448438978238
34509,0.6339451277199623
34510,0.62399243140965
34511,0.9328539892778303
34512,0.5141343424787133
34513,0.9272658467360454
34514,0.7861747082939136
34515,0.7919394512771997
34516,0.9632923368022706
34517,0.7825039419741406
34518,0.38106590980763166
34519,0.8326584673604541
34520,0.5399306212551246
34521,0.8860170293282876
34522,0.2391674550614948
34523,0.2413118889940082
34524,0.3450520340586566
34525,0.04904446546830653
34526,0.3601766004415011
34527,0.8805928729107536
34528,0.6909239987385681
34529,0.2601955219173762
34530,0.7036644591611478
34531,0.07254493850520341
34532,0.20483128350678015
34533,0.4962976978871019
34534,0.6385871964679912
34535,0.041526332387259536
34536,0.0950741091138442
34537,0.6025859350362661
34538,0.3486218858404289
34539,0.04013875748975087
34540,0.8737054556922106
34541,0.5196341847997478
34542,0.6138000630715862
34543,0.48702617470829385
34544,0.09610848312835067
34545,0.3031598864711447
34546,0.30767581204667305
34547,0.7572374645222327
34548,0.4589971617786187
34549,0.9733964049195837
34550,0.7158751182592242
34551,0.44481866918953006
34552,0.4599936928413749
34553,0.043607694733522544
34554,0.06506464837590664
34555,0.28910753705455694
34556,0.7311384421318196
34557,0.1738252917060864
34558,0.2648502049826553
34559,0.17840428886786502
34560,0.9234941658782717
34561,0.0861305581835383
34562,0.6991485335856197
34563,0.784963733837906
34564,0.7141595711132135
34565,0.9623588773257647
34566,0.39231788079470203
34567,0.35954588457899717
34568,0.17861873226111638
34569,0.35140964995269636
34570,0.6617596972563861
34571,0.6171428571428571
34572,0.10746136865342162
34573,0.144963733837906
34574,0.18935351624093344
34575,0.9393882056133711
34576,0.3555976032797225
34577,0.2514790286975717
34578,0.9037779880163986
34579,0.5833238725953958
34580,0.35523178807947026
34581,0.024534847051403342
34582,0.34506464837590667
34583,0.6060927152317881
34584,0.16058025859350364
34585,0.6415767896562597
34586,0.09149164301482182
34587,0.13409019236833805
34588,0.3719583727530747
34589,0.634878587196468
34590,0.2701734468621886
34591,0.24045411542100284
34592,0.5955219173762221
34593,0.9215641753390098
34594,0.43538315988647114
34595,0.18681803847366762
34596,0.8777168085777357
34597,0.5951434878587196
34598,0.32886786502680543
34599,0.6505077262693157
34600,0.18604856512141282
34601,0.5902995900346893
34602,0.7304572690003154
34603,0.7015452538631347
34604,0.36551245663828447
34605,0.48570167139703563
34606,0.6102806685588142
34607,0.46802901292967514
34608,0.6888930936613056
34609,0.7937432986439609
34610,0.20377168085777358
34611,0.22661620939766636
34612,0.7197855566067486
34613,0.1257773573005361
34614,0.2669441816461684
34615,0.2663386944181646
34616,0.384799747713655
34617,0.15292336802270576
34618,0.2413118889940082
34619,0.4308041627246925
34620,0.030753705455692212
34621,0.9292589088615578
34622,0.36826237779880167
34623,0.5099590034689372
34624,0.4431535793125197
34625,0.19055187637969093
34626,0.308962472406181
34627,0.2944433932513402
34628,0.646546830652791
34629,0.16861557868180385
34630,0.12526017029328287
34631,0.11553453169347208
34632,0.5943740145064648
34633,0.8418921475875119
34634,0.39936928413749606
34635,0.3373573005361085
34636,0.5061873226111636
34637,0.0327846105329549
34638,0.16152633238725955
34639,0.6256070640176601
34640,0.179842321034374
34641,0.3026931567328919
34642,0.1946893724377168
34643,0.17161778618732262
34644,0.9306464837590666
34645,0.9105392620624408
34646,0.7814821822768844
34647,0.40399873856827495
34648,0.12302743614001892
34649,0.416486912645853
34650,0.7871081677704195
34651,0.3920655944497004
34652,0.6501040681173131
34653,0.21400189214758752
34654,0.09386313465783665
34655,0.029731945758435824
34656,0.14531693472090823
34657,0.16604225796278776
34658,0.429113844213182
34659,0.26019552191737627
34660,0.7283759066540523
34661,0.7141343424787133
34662,0.06487543361715548
34663,0.12187953327026176
34664,0.3919646799116998
34665,0.22365184484389783
34666,0.5158246609902238
34667,0.5847871333964049
34668,0.6383727530747398
34669,0.36479344055503
34670,0.0964490696941028
34671,0.566559444970041
34672,0.7701797540208136
34673,0.8963229265216021
34674,0.4280542415641753
34675,0.3134910122989593
34676,0.1503248186691895
34677,0.7249321980447809
34678,0.7471460107221697
34679,0.7394638915168716
34680,0.2141911069063387
34681,0.06471144749290444
34682,0.16235887732576473
34683,0.05816461684011352
34684,0.7047240618101546
34685,0.7871207820876694
34686,0.7577294228949858
34687,0.47046357615894047
34688,0.8904824976348156
34689,0.4748407442447178
34690,0.843834752444024
34691,0.16316619362976978
34692,0.1334720908230842
34693,0.9317565436770735
34694,0.4645726900031536
34695,0.5895048880479344
34696,0.8146578366445916
34697,0.4892967518133081
34698,0.4108230842005677
34699,0.6053863134657836
34700,0.2814254178492589
34701,0.37255124566382847
34702,0.7398675496688742
34703,0.008237149164301483
34704,0.9065531378114158
34705,0.5613118889940082
34706,0.7053547776726584
34707,0.31578681803847364
34708,0.3456701356039104
34709,0.058959318826868494
34710,0.17387574897508673
34711,0.07434878587196468
34712,0.8028508356985179
34713,0.8926773888363291
34714,0.042257962787764114
34715,0.31834752444023967
34716,0.6388142541784926
34717,0.5053169347209082
34718,0.5834247871333964
34719,0.5025417849258909
34720,0.5676064333017975
34721,0.6811100599180069
34722,0.09076001261431725
34723,0.05879533270261748
34724,0.47321349731945755
34725,0.3908167770419426
34726,0.7230022075055187
34727,0.62080100914538
34728,0.1282245348470514
34729,0.4574077578051088
34730,0.6078965625985494
34731,0.4335414695679596
34732,0.09292967518133081
34733,0.09690318511510564
34734,0.22350047303689688
34735,0.2938379060233365
34736,0.5811542100283822
34737,0.42028382213812676
34738,0.7117754651529486
34739,0.298732261116367
34740,0.03643014821822769
34741,0.4225796278776411
34742,0.9127719962157047
34743,0.17155471460107222
34744,0.07157363607694733
34745,0.05550299590034689
34746,0.15848628192999054
34747,0.418883632923368
34748,0.3198233995584989
34749,0.8854493850520341
34750,0.9267991169977925
34751,0.4181520025228634
34752,0.7022516556291392
34753,0.5272910753705455
34754,0.7189782403027436
34755,0.8420813623462631
34756,0.23143487858719644
34757,0.28717754651529487
34758,0.6106969410280669
34759,0.40826237779880165
34760,0.24205613371176285
34761,0.0703500473036897
34762,0.26660359508041626
34763,0.7773194575843583
34764,0.7509176915799431
34765,0.40274992116051717
34766,0.7026931567328919
34767,0.26674235257016715
34768,0.30501419110690636
34769,0.8826363923052665
34770,0.664976348155156
34771,0.220321665089877
34772,0.46753705455692207
34773,0.8093345947650583
34774,0.44666035950804156
34775,0.2968653421633554
34776,0.6646231472721538
34777,0.6995900346893724
34778,0.5672658467360454
34779,0.6328602964364554
34780,0.8680416272469252
34781,0.715357931251971
34782,0.7928855250709554
34783,0.9186376537369915
34784,0.43263323872595394
34785,0.8081236203090508
34786,0.43042573320719013
34787,0.7172500788394828
34788,0.284326710816777
34789,0.39122043519394506
34790,0.28422579627877637
34791,0.4906717123935667
34792,0.49449385052034056
34793,0.78879848628193
34794,0.7501734468621886
34795,0.9027814569536424
34796,0.3590034689372438
34797,0.1344181646168401
34798,0.30699463891516876
34799,0.8174834437086094
34800,0.5995963418479975
34801,0.9069441816461684
34802,0.17128981393882056
34803,0.38802901292967523
34804,0.26887417218543047
34805,0.1711888994008199
34806,0.043771680857773575
34807,0.48913276568905706
34808,0.8988079470198675
34809,0.5467171239356671
34810,0.31592557552822453
34811,0.2168653421633554
34812,0.2775149795017345
34813,0.31704824976348156
34814,0.887694733522548
34815,0.3045474613686534
34816,0.14995900346893726
34817,0.1752507095553453
34818,0.7180195521917376
34819,0.033932513402712076
34820,0.536322926521602
34821,0.2942920214443393
34822,0.7069315673289183
34823,0.1565436770734784
34824,0.40142541784925895
34825,0.7084578997161779
34826,0.8351813308104699
34827,0.7509429202144433
34828,0.7823021128981394
34829,0.5952822453484705
34830,0.6018795332702617
34831,0.7074361400189214
34832,0.4280542415641754
34833,0.42361400189214754
34834,0.8999053926206244
34835,0.5803847366761274
34836,0.3272406181015453
34837,0.37948912015137176
34838,0.7578429517502365
34839,0.16731630400504574
34840,0.24568905707978553
34841,0.07119520655944499
34842,0.3568968779564806
34843,0.38368968779564805
34844,0.20026490066225167
34845,0.29152948596657213
34846,0.40637023021128976
34847,0.7487101860611796
34848,0.8997666351308735
34849,0.2867865026805424
34850,0.6185935036266161
34851,0.24445285398927785
34852,0.3542100283822138
34853,0.03762850835698518
34854,0.8681929990539262
34855,0.8870135603910437
34856,0.5844717754651529
34857,0.7205424156417535
34858,0.04326710816777042
34859,0.10763796909492274
34860,0.9567455061494796
34861,0.9103122043519394
34862,0.6138379060233364
34863,0.7218164616840114
34864,0.05354777672658467
34865,0.07369284137496057
34866,0.4715862503941974
34867,0.3356922106590981
34868,0.4844023967202775
34869,0.8392809839167455
34870,0.7245663828445286
34871,0.34685588142541784
34872,0.31269631031220435
34873,0.40544938505203404
34874,0.7463639230526646
34875,0.19412172816146328
34876,0.394563229265216
34877,0.701595711132135
34878,0.56161463260801
34879,0.5622075055187638
34880,0.5409145380006307
34881,0.2964238410596027
34882,0.45238725953957737
34883,0.8431157363607695
34884,0.70401766004415
34885,0.08956165247555976
34886,0.2639924314096499
34887,0.31211605171870077
34888,0.030879848628193
34889,0.13961526332387258
34890,0.28176600441501104
34891,0.3432103437401451
34892,0.5920655944497003
34893,0.42265531378114163
34894,0.6014254178492588
34895,0.7332576474298329
34896,0.8686849574266793
34897,0.15442447177546512
34898,0.9792494481236204
34899,0.8193882056133711
34900,0.6055629139072848
34901,0.7062251655629139
34902,0.8526773888363293
34903,0.788483128350678
34904,0.60799747713655
34905,0.2985808893093661
34906,0.8945190791548407
34907,0.12870387890255439
34908,0.5682497634815514
34909,0.36474298328602967
34910,0.08473036896877957
34911,0.911687164932198
34912,0.2951371807000946
34913,0.4569662567013561
34914,0.8457395143487858
34915,0.8030778934090194
34916,0.11455061494796595
34917,0.6417281614632608
34918,0.5233175654367708
34919,0.3247555976032797
34920,0.2368968779564806
34921,0.1303311258278146
34922,0.8763670766319773
34923,0.3123431094292022
34924,0.2717628508356985
34925,0.04408703878902554
34926,0.8490949227373068
34927,0.8130179754020813
34928,0.12922106590980761
34929,0.5097445600756859
34930,0.4624913276568906
34931,0.51361715547146
34932,0.06028382213812677
34933,0.580977609586881
34934,0.21256385998107852
34935,0.22173446862188587
34936,0.9419489120151372
34937,0.22445916114790285
34938,0.6069504888047935
34939,0.3351876379690949
34940,0.9578429517502366
34941,0.6164364553768528
34942,0.9702175969725639
34943,0.7668117313150427
34944,0.7346452223273416
34945,0.9716556291390728
34946,0.6514285714285714
34947,0.8091327656890571
34948,0.9607947019867549
34949,0.5851907915484075
34950,0.2886155786818039
34951,0.9101356039104382
34952,0.9135162409334595
34953,0.8227309996846421
34954,0.5383286029643646
34955,0.5239735099337749
34956,0.7645916114790288
34957,0.42578366445916116
34958,0.914071270892463
34959,0.9506149479659414
34960,0.9991548407442448
34961,0.49483443708609276
34962,0.8080479344055503
34963,0.8777041942604856
34964,0.9757048249763481
34965,0.6163103122043518
34966,0.6015389467045097
34967,0.9635698517817722
34968,0.43977294228949854
34969,0.5747587511825922
34970,0.5239861242510249
34971,0.9572248502049826
34972,0.5478776411226742
34973,0.6133081046988331
34974,0.44322926521602024
34975,0.2492462945443078
34976,0.31407127089246295
34977,0.9930116682434562
34978,0.939526963103122
34979,0.7701166824345632
34980,0.8204351939451278
34981,0.3434374014506465
34982,0.8709050772626932
34983,0.38879848628193
34984,0.9132134973194576
34985,0.9761967833491012
34986,0.8091453800063072
34987,0.38949227373068435
34988,0.5026174708293913
34989,0.9523683380637024
34990,0.5379375591296122
34991,0.09904761904761905
34992,0.3854178492589089
34993,0.7101986754966888
34994,0.017041942604856516
34995,0.2941784925890887
34996,0.6061936297697887
34997,0.28597918637653735
34998,0.5184610532954904
34999,0.22840744244717756
35000,0.5413434247871334
35001,0.7720088300220751
35002,0.8439482812992748
35003,0.6675875118259225
35004,0.2804288867865027
35005,0.2909113844213182
35006,0.7546263008514664
35007,0.7054683065279093
35008,0.10757489750867234
35009,0.6317123935666982
35010,0.12011352885525071
35011,0.5553074739829706
35012,0.7330936613055818
35013,0.7971365499842321
35014,0.8759129612109744
35015,0.23685903500473035
35016,0.22567013560391044
35017,0.7763103122043519
35018,0.2861431725007884
35019,0.106401766004415
35020,0.8271586250394197
35021,0.3189908546199937
35022,0.7166950488804794
35023,0.5000946073793755
35024,0.3041438032166509
35025,0.08485651214128036
35026,0.4351813308104699
35027,0.32152633238725953
35028,0.414884894355093
35029,0.21980447808262377
35030,0.17689057079785556
35031,0.6490444654683065
35032,0.8903689687795648
35033,0.7405361084831283
35034,0.27320088300220746
35035,0.23055187637969093
35036,0.04413749605802585
35037,0.02077578051087985
35038,0.6848943550930305
35039,0.05303058971933144
35040,0.48967518133081045
35041,0.16741721854304634
35042,0.0707032481866919
35043,0.26018290760012613
35044,0.09733207190160832
35045,0.6174077578051088
35046,0.393125197098707
35047,0.1495175023651845
35048,0.5938568274992116
35049,0.5370167139703563
35050,0.47052664774519076
35051,0.20666035950804162
35052,0.9727909176915799
35053,0.08099653106275623
35054,0.525134027120782
35055,0.11428571428571428
35056,0.13087354146956795
35057,0.567051403342794
35058,0.03211605171870073
35059,0.5324124881740777
35060,0.6196152633238726
35061,0.3264333017975402
35062,0.3819615263323873
35063,0.055250709555345306
35064,0.2097130242825607
35065,0.3677199621570482
35066,0.11630400504572688
35067,0.2362535477767266
35068,0.14081362346263007
35069,0.505291706086408
35070,0.9576032797224849
35071,0.30538000630715856
35072,0.4059413434247871
35073,0.620964995269631
35074,0.05578051087984864
35075,0.3717565436770735
35076,0.7703815830968149
35077,0.35084200567644275
35078,0.11268369599495427
35079,0.9007000946073793
35080,0.6761400189214759
35081,0.6627562283191423
35082,0.5835635446231473
35083,0.7214884894355094
35084,0.15524440239672027
35085,0.606736045411542
35086,0.1371050141911069
35087,0.5387322611163671
35088,0.4520088300220751
35089,0.2049952696310312
35090,0.16223273415326395
35091,0.13725638599810783
35092,0.7659791863765374
35093,0.5826931567328919
35094,0.006181015452538632
35095,0.007707347839798171
35096,0.6615074109113844
35097,0.2786250394197414
35098,0.9545253863134657
35099,0.25128981393882055
35100,0.8448186691895302
35101,0.3042573320719016
35102,0.4544938505203405
35103,0.6205865657521287
35104,0.12701356039104383
35105,0.6778555660674866
35106,0.8839230526647746
35107,0.35819615263323873
35108,0.3712645853043204
35109,0.18970671712393564
35110,0.13870703248186692
35111,0.49477136549984235
35112,0.5262693156732892
35113,0.5483443708609271
35114,0.8155912961210975
35115,0.5996972563859981
35116,0.602888678650268
35117,0.07169977924944813
35118,0.42078839482812996
35119,0.11284768211920532
35120,0.5079659413434248
35121,0.47413434247871333
35122,0.07109429202144434
35123,0.09026805424156417
35124,0.016802270577105014
35125,0.769120151371807
35126,0.6936234626300851
35127,0.36273730684326705
35128,0.8856385998107852
35129,0.01207190160832545
35130,0.20455376852727844
35131,0.26630085146641436
35132,0.13991800693787446
35133,0.438713339640492
35134,0.2550110375275938
35135,0.3784673604541154
35136,0.3898076316619363
35137,0.7311258278145696
35138,0.17316934720908234
35139,0.11712393566698202
35140,0.004175339009776096
35141,0.5546136865342163
35142,0.1680983916745506
35143,0.16319142226426994
35144,0.29639861242510246
35145,0.03668243456322926
35146,0.4851087984862819
35147,0.5692084515925575
35148,0.2939388205613371
35149,0.09130242825607066
35150,0.20736676127404605
35151,0.5220561337117628
35152,0.9107537054556921
35153,0.8204604225796278
35154,0.523506780195522
35155,0.015843582466099022
35156,0.07408388520971303
35157,0.2060674865972879
35158,0.6598927783033743
35159,0.9684515925575528
35160,0.33566698202459794
35161,0.6668937243771681
35162,0.40354462314727213
35163,0.38965625985493535
35164,0.3569347209082308
35165,0.1752507095553453
35166,0.5033869441816462
35167,0.6494607379375592
35168,0.29426679280983914
35169,0.09527593818984548
35170,0.35151056449069695
35171,0.22297067171239354
35172,0.8653547776726586
35173,0.26781456953642385
35174,0.08071901608325448
35175,0.7286155786818039
35176,0.41690318511510566
35177,0.3266603595080417
35178,0.4143298643960896
35179,0.08653421633554084
35180,0.7101103752759381
35181,0.33271523178807944
35182,0.920479344055503
35183,0.14823084200567643
35184,0.7035509303058972
35185,0.6415263323872595
35186,0.019312519709870708
35187,0.05912330495111952
35188,0.14645222327341534
35189,0.006080100914538001
35190,0.010305897193314413
35191,0.023058971933144115
35192,0.820649637338379
35193,0.5472595395774204
35194,0.6616461684011352
35195,0.3455566067486597
35196,0.8959192683695995
35197,0.86082623777988
35198,0.797123935666982
35199,0.2398107852412488
35200,0.09403973509933775
35201,0.01272784610532955
35202,0.6504824976348155
35203,0.3298896247240618
35204,0.1925449385052034
35205,0.8437590665405235
35206,0.4521728161463261
35207,0.2701734468621886
35208,0.5378871018606118
35209,0.4198044780826238
35210,0.5619426048565122
35211,0.6449069694102807
35212,0.6206244087038789
35213,0.7697887101860612
35214,0.4334027120782088
35215,0.6621759697256386
35216,0.4171933144118575
35217,0.6003784295175023
35218,0.2375906654052349
35219,0.37871964679911696
35220,0.7459981078524126
35221,0.048211920529801326
35222,0.6677893409019238
35223,0.13432986439608957
35224,0.11221696625670136
35225,0.07317565436770736
35226,0.33168085777357303
35227,0.7638473667612741
35228,0.5869820245979187
35229,0.2141280353200883
35230,0.1472216966256701
35231,0.5581330810469883
35232,0.048010091453800065
35233,0.737760958688111
35234,0.7845348470514033
35235,0.5040807316304006
35236,0.1478524124881741
35237,0.4549227373068433
35238,0.21130242825607062
35239,0.34231472721538947
35240,0.17039419741406495
35241,0.34332387259539576
35242,0.17912330495111953
35243,0.906086408073163
35244,0.09874487543361715
35245,0.6090570797855567
35246,0.914260485651214
35247,0.15390728476821194
35248,0.23024913276568904
35249,0.9428445285398928
35250,0.178719646799117
35251,0.35442447177546516
35252,0.0007442447177546515
35253,0.4237527593818985
35254,0.2254683065279092
35255,0.7799810785241249
35256,0.5513844213181962
35257,0.37574266792809835
35258,0.8468495742667927
35259,0.07634184799747715
35260,0.07153579312519709
35261,0.577445600756859
35262,0.715042573320719
35263,0.9098707032481866
35264,0.3304951119520656
35265,0.2826994638915169
35266,0.7451403342794072
35267,0.9184105960264899
35268,0.8348281299274677
35269,0.6387764112267423
35270,0.8735540838852097
35271,0.085600756859035
35272,0.013825291706086408
35273,0.16493219804478082
35274,0.10376537369914852
35275,0.6397477136549985
35276,0.16093345947650584
35277,0.12870387890255439
35278,0.14028382213812676
35279,0.9378618732261116
35280,0.6237527593818984
35281,0.7534153263954588
35282,0.04890570797855567
35283,0.7037779880163987
35284,0.15953327026174707
35285,0.2549353516240933
35286,0.6088930936613056
35287,0.7100094607379375
35288,0.978744875433617
35289,0.29024282560706405
35290,0.022251655629139073
35291,0.12314096499526964
35292,0.6275118259224219
35293,0.5102617470829391
35294,0.3222201198360139
35295,0.81922421948912
35296,0.13623462630085148
35297,0.8984421318196153
35298,0.23052664774519077
35299,0.5345064648375906
35300,0.8211794386628825
35301,0.8157300536108484
35302,0.7019110690633868
35303,0.2348912015137181
35304,0.12562598549353515
35305,0.5419615263323873
35306,0.3244276253547777
35307,0.10578366445916115
35308,0.8716114790286976
35309,0.754714601072217
35310,0.48649637338379065
35311,0.5871333964049196
35312,0.34168401135288556
35313,0.08151371807000947
35314,0.10448438978240303
35315,0.3130873541469568
35316,0.5916493219804478
35317,0.057508672343109433
35318,0.036720277514979506
35319,0.22459791863765374
35320,0.24348155156102178
35321,0.14299590034689372
35322,0.05450646483759067
35323,0.4664648375906654
35324,0.6129044465468306
35325,0.7553074739829706
35326,0.048792179123304955
35327,0.5491264585304321
35328,0.0955660674865973
35329,0.6709303058971934
35330,0.06820561337117628
35331,0.0452475559760328
35332,0.01709239987385683
35333,0.7702049826553138
35334,0.684944812362031
35335,0.9045096184169031
35336,0.06549353516240934
35337,0.6788899400819931
35338,0.725903500473037
35339,0.06936613055818354
35340,0.009990539262062439
35341,0.35504257332071903
35342,0.11286029643645537
35343,0.3227751497950173
35344,0.3997224850204983
35345,0.5451529485966572
35346,0.741911069063387
35347,0.7953074739829707
35348,0.16462945443077895
35349,0.32489435509303055
35350,0.3398297067171239
35351,0.4934847051403343
35352,0.6972185430463577
35353,0.4013371176285083
35354,0.632797224850205
35355,0.3840933459476506
35356,0.49171870072532325
35357,0.5031851151056449
35358,0.35572374645222327
35359,0.6318511510564491
35360,0.264635761589404
35361,0.5724503311258278
35362,0.6189467045096184
35363,0.3193062125512457
35364,0.3493787448754336
35365,0.17142857142857143
35366,0.6431914222642701
35367,0.5506654052349416
35368,0.5582466099022391
35369,0.33335856196783353
35370,0.9631031220435194
35371,0.6508356985178178
35372,0.7538568274992116
35373,0.19196467991169977
35374,0.8067738883632924
35375,0.841438032166509
35376,0.3402964364553768
35377,0.11452538631346577
35378,0.877779880163986
35379,0.37034374014506466
35380,0.6387385682749922
35381,0.9219299905392621
35382,0.14314727215389467
35383,0.2737811415957111
35384,0.42452223273415324
35385,0.7401702932828762
35386,0.4090696941028067
35387,0.26380321665089873
35388,0.27809523809523806
35389,0.3148912015137181
35390,0.26285714285714284
35391,0.21535162409334596
35392,0.010293282876064335
35393,0.7231661936297697
35394,0.8047555976032799
35395,0.9037023021128981
35396,0.44017660044150103
35397,0.95839798170924
35398,0.12702617470829392
35399,0.16142541784925887
35400,0.7606054872280039
35401,0.43596341847997483
35402,0.4087038789025544
35403,0.07567328918322296
35404,0.5599116997792494
35405,0.8226174708293913
35406,0.39187637969094924
35407,0.9703815830968148
35408,0.7118385367391991
35409,0.36105960264900666
35410,0.9551182592242194
35411,0.6458404288867865
35412,0.7752507095553454
35413,0.28523494165878277
35414,0.7492904446546831
35415,0.9534153263954588
35416,0.9935036266162094
35417,0.9103248186691895
35418,0.8850331125827815
35419,0.41105014191106903
35420,0.8967770419426049
35421,0.8039356669820247
35422,0.9472721538946705
35423,0.9558246609902238
35424,0.7570230211289815
35425,0.9744812362030906
35426,0.95678334910123
35427,0.970734783979817
35428,0.581116367076632
35429,0.6689498580889308
35430,0.6682056133711762
35431,0.7994701986754967
35432,0.2928287606433302
35433,0.5517880794701987
35434,0.6059413434247872
35435,0.9939577420372123
35436,0.9960895616524754
35437,0.9686912645853042
35438,0.9956102175969727
35439,0.40538631346578363
35440,0.6375780510879848
35441,0.48083254493850525
35442,0.9795900346893726
35443,0.9570482497634816
35444,0.8201955219173762
35445,0.9397918637653736
35446,0.28580258593503627
35447,0.48088300220750557
35448,0.5253989277830337
35449,0.21966572059287293
35450,0.21536423841059602
35451,0.8293913591926837
35452,0.911182592242195
35453,0.7853043204036582
35454,0.7962157048249764
35455,0.60961210974456
35456,0.7807000946073793
35457,0.7898202459791864
35458,0.8217218543046357
35459,0.9814947965941344
35460,0.50239041311889
35461,0.9281614632608008
35462,0.45483443708609267
35463,0.6728098391674551
35464,0.8370356354462315
35465,0.9444339325134027
35466,0.7335856196783349
35467,0.4615200252286345
35468,0.9936802270577104
35469,0.505430463576159
35470,0.7605171870072532
35471,0.273276568905708
35472,0.949290444654683
35473,0.924339325134027
35474,0.5932639545884578
35475,0.14168401135288552
35476,0.5224850204982655
35477,0.3422138126773889
35478,0.6729107537054557
35479,0.10275622831914223
35480,0.8402144433932512
35481,0.10916430148218227
35482,0.14686849574266794
35483,0.17202144433932515
35484,0.3622075055187638
35485,0.3135162409334595
35486,0.2636013875748975
35487,0.8992242194891201
35488,0.271031220435194
35489,0.15530747398297068
35490,0.9301797540208137
35491,0.7300157678965625
35492,0.4962598549353517
35493,0.814708293913592
35494,0.43574897508672344
35495,0.8175591296121097
35496,0.16103437401450646
35497,0.379842321034374
35498,0.7722737306843268
35499,0.2240428886786503
35500,0.20590350047303693
35501,0.14346263008514665
35502,0.09089877010406812
35503,0.9879407127089246
35504,0.8480227057710501
35505,0.0628319142226427
35506,0.11135919268369598
35507,0.4591485335856197
35508,0.13648691264585305
35509,0.4606748659728792
35510,0.6326963103122044
35511,0.6093724377168086
35512,0.3640491958372753
35513,0.4167644276253548
35514,0.7407757805108799
35515,0.8115421002838221
35516,0.17620939766635133
35517,0.8997414064963734
35518,0.15501734468621886
35519,0.5377483443708609
35520,0.7437653736991485
35521,0.13409019236833805
35522,0.6436707663197729
35523,0.26559444970040996
35524,0.17021759697256383
35525,0.12
35526,0.48840113528855256
35527,0.6431283506780195
35528,0.11911699779249449
35529,0.7266477451907916
35530,0.296486912645853
35531,0.5801072216966257
35532,0.5816209397666352
35533,0.11233049511195206
35534,0.41199621570482503
35535,0.23620309050772628
35536,0.7946263008514663
35537,0.7269757174392937
35538,0.022857142857142857
35539,0.7037023021128982
35540,0.36920845159255755
35541,0.7087732576474298
35542,0.35487858719646803
35543,0.5661936297697887
35544,0.6162598549353516
35545,0.37141595711132136
35546,0.017962787764112267
35547,0.6341091138442131
35548,0.24688741721854304
35549,0.21575528224534848
35550,0.09748344370860927
35551,0.8708924629454431
35552,0.3316556291390728
35553,0.9869315673289183
35554,0.7309618416903185
35555,0.7720971302428256
35556,0.8413749605802586
35557,0.9521665089877009
35558,0.8965247555976031
35559,0.011138442131819614
35560,0.6379817092399874
35561,0.15412172816146327
35562,0.14502680542415639
35563,0.4213181961526332
35564,0.08962472406181016
35565,0.3023021128981394
35566,0.2620372122358878
35567,0.030476190476190473
35568,0.14616209397666352
35569,0.026767581204667296
35570,0.6181898454746136
35571,0.8240681173131503
35572,0.5338126773888363
35573,0.15275938189845475
35574,0.6152885525070956
35575,0.0034058656575212867
35576,0.6464837590665405
35577,0.25771050141911067
35578,0.890722169662567
35579,0.38430778934090193
35580,0.3762093976663513
35581,0.8745127719962157
35582,0.2787385682749921
35583,0.5432986439608957
35584,0.4679407127089247
35585,0.8020561337117629
35586,0.7984736676127404
35587,0.012740460422579628
35588,0.05193314411857458
35589,0.16618101545253863
35590,0.09262693156732892
35591,0.38053610848312835
35592,0.4650394197414065
35593,0.4880605487228003
35594,0.8489309366130557
35595,0.008338063702302112
35596,0.30312204351939454
35597,0.5102743614001892
35598,0.60320403658152
35599,0.9079280983916744
35600,0.04433932513402712
35601,0.6768716493219804
35602,0.7230526647745191
35603,0.8843897824030275
35604,0.47127089246294546
35605,0.04910753705455692
35606,0.8712330495111953
35607,0.35243140964995273
35608,0.732475559760328
35609,0.11689687795648061
35610,0.8905077262693156
35611,0.49556606748659726
35612,0.76479344055503
35613,0.31230526647745194
35614,0.1496941028066856
35615,0.7661684011352886
35616,0.6784232103437402
35617,0.290406811731315
35618,0.32621885840428894
35619,0.32021444339325134
35620,0.49487228003784295
35621,0.33385052034058654
35622,0.3626868495742668
35623,0.976474298328603
35624,0.3517250078839483
35625,0.25511195206559445
35626,0.0006559444970040997
35627,0.0931693472090823
35628,0.42998423210343745
35629,0.5596215704824976
35630,0.5688174077578051
35631,0.7514601072216966
35632,0.4874424471775465
35633,0.4592620624408704
35634,0.19928098391674554
35635,0.1307978555660675
35636,0.11810785241248817
35637,0.6488300220750552
35638,0.7240870387890255
35639,0.15221696625670134
35640,0.27817092399873855
35641,0.7799432355723747
35642,0.07364238410596027
35643,0.368792179123305
35644,0.8044023967202776
35645,0.3785808893093662
35646,0.14313465783664459
35647,0.5050772626931567
35648,0.4091453800063072
35649,0.30347524440239676
35650,0.021166824345632294
35651,0.7548155156102176
35652,0.09344686218858406
35653,0.4211794386628824
35654,0.4858908861557868
35655,0.6313718070009461
35656,0.43952065594449696
35657,0.33728161463260803
35658,0.5046231472721538
35659,0.7208325449385052
35660,0.06473667612740461
35661,0.12215704824976348
35662,0.09406496373383791
35663,0.4296941028066856
35664,0.3150804162724693
35665,0.29591926836959953
35666,0.466565752128666
35667,0.18508987701040683
35668,0.8514664143803217
35669,0.20599180069378745
35670,0.16957426679280987
35671,0.10299590034689372
35672,0.3200756859035005
35673,0.7106906338694419
35674,0.3055187637969095
35675,0.10667928098391675
35676,0.7754020813623462
35677,0.9082056133711763
35678,0.5522295805739514
35679,0.49750867234310936
35680,0.19407127089246295
35681,0.533913591926837
35682,0.5860485651214128
35683,0.2772500788394828
35684,0.11525701671397036
35685,0.45921160517187004
35686,0.23299905392620623
35687,0.8931188899400819
35688,0.6538883632923369
35689,0.503349101229896
35690,0.8354336171554715
35691,0.4958688111005991
35692,0.15465152948596658
35693,0.6720529801324503
35694,0.5118511510564491
35695,0.6527656890570797
35696,0.05363607694733523
35697,0.8766698202459792
35698,0.7776978871018606
35699,0.4073289183222958
35700,0.7281740775780511
35701,0.4976474298328603
35702,0.1989908546199937
35703,0.5906275622831914
35704,0.4045033112582781
35705,0.49487228003784295
35706,0.8400630715862505
35707,0.5648691264585304
35708,0.32813623462630087
35709,0.6215074109113844
35710,0.08495742667928098
35711,0.38428256070640177
35712,0.03756543677073478
35713,0.3945380006307158
35714,0.8083002207505519
35715,0.6244591611479029
35716,0.22993377483443705
35717,0.2277010406811731
35718,0.05892147587511826
35719,0.10328602964364553
35720,0.16681173131504257
35721,0.4205865657521287
35722,0.8883380637023021
35723,0.30160832544938504
35724,0.6536108483128351
35725,0.8720529801324504
35726,0.35336486912645854
35727,0.8152254809208451
35728,0.8324566382844527
35729,0.25227373068432674
35730,0.04319142226426995
35731,0.4016903185115106
35732,0.24383475244402394
35733,0.5754525386313465
35734,0.7397666351308736
35735,0.5305455692210659
35736,0.7345569221065911
35737,0.24473036896877956
35738,0.29410280668558814
35739,0.6024976348155155
35740,0.485764742983286
35741,0.4121980447808262
35742,0.6654052349416588
35743,0.7805739514348786
35744,0.42602333648691265
35745,0.564957426679281
35746,0.39378114159571115
35747,0.8645726900031535
35748,0.018971933144118575
35749,0.24748029012929673
35750,0.7367391989908546
35751,0.04666035950804162
35752,0.056436455376852726
35753,0.006786502680542416
35754,0.576966256701356
35755,0.3589782403027436
35756,0.10038473667612739
35757,0.39755282245348467
35758,0.5722232734153264
35759,0.2405298013245033
35760,0.673743298643961
35761,0.6374771365499843
35762,0.8788142541784925
35763,0.020763166193629768
35764,0.19013560391043835
35765,0.3928350678019552
35766,0.038839482812992744
35767,0.15870072532324186
35768,0.7005108798486281
35769,0.39616524755597604
35770,0.9073856827499212
35771,0.4364175339009776
35772,0.1154083885209713
35773,0.32961210974456007
35774,0.017786187322611165
35775,0.2093093661305582
35776,0.3864900662251656
35777,0.6609649952696309
35778,0.7428192999053926
35779,0.7342794071270893
35780,0.3586250394197414
35781,0.23757805108798485
35782,0.2113402712078209
35783,0.7307726269315673
35784,0.8112645853043203
35785,0.7928981393882056
35786,0.5768527278461053
35787,0.7524566382844529
35788,0.5464396089561652
35789,0.19766635130873542
35790,0.5326773888363291
35791,0.21970356354462314
35792,0.044402396720277515
35793,0.4350930305897193
35794,0.049359823399558495
35795,0.10625039419741407
35796,0.23876379690949226
35797,0.8364553768527279
35798,0.8895364238410596
35799,0.6486029643645538
35800,0.427675812046673
35801,0.6872658467360454
35802,0.06136865342163356
35803,0.03142226426994639
35804,0.699047619047619
35805,0.58719646799117
35806,0.9248438978240302
35807,0.48211920529801316
35808,0.247518133081047
35809,0.1917754651529486
35810,0.3357805108798486
35811,0.8431788079470199
35812,0.3661557868180385
35813,0.8343235572374644
35814,0.622869757174393
35815,0.018114159571113213
35816,0.5007505518763796
35817,0.04910753705455692
35818,0.15726269315673286
35819,0.9012803532008831
35820,0.3637212235887733
35821,0.20081993062125514
35822,0.2603090507726269
35823,0.2687732576474298
35824,0.814884894355093
35825,0.7526584673604542
35826,0.07220435193945128
35827,0.17678965625985493
35828,0.5983475244402396
35829,0.49279091769157995
35830,0.035635446231472724
35831,0.7563418479974771
35832,0.4634374014506465
35833,0.4123620309050773
35834,0.3375212866603595
35835,0.43446231472721536
35836,0.5118511510564491
35837,0.27450015767896563
35838,0.2711573636076947
35839,0.16421318196152632
35840,0.0779690949227373
35841,0.4020309050772627
35842,0.24433932513402712
35843,0.3019489120151372
35844,0.5807505518763797
35845,0.3021759697256386
35846,0.5359949542731001
35847,0.9074361400189215
35848,0.868306527909177
35849,0.5170860927152318
35850,0.8710059918006938
35851,0.24044150110375279
35852,0.77760958688111
35853,0.38926521602018294
35854,0.9618921475875118
35855,0.437287921791233
35856,0.3671144749290445
35857,0.6152633238725954
35858,0.781911069063387
35859,0.2995648060548723
35860,0.20973825291706086
35861,0.3290696941028067
35862,0.029050772626931565
35863,0.5686281929990539
35864,0.5294228949858089
35865,0.5357805108798486
35866,0.9519899085461999
35867,0.8845663828445285
35868,0.44910753705455686
35869,0.20293913591926838
35870,0.9001829076001261
35871,0.9100977609586881
35872,0.8090444654683066
35873,0.6091075370545569
35874,0.6423714916430148
35875,0.37977924944812363
35876,0.8303626616209399
35877,0.5191169977924945
35878,0.6189719331441186
35879,0.9528350678019553
35880,0.203683380637023
35881,0.9821759697256386
35882,0.18505203405865658
35883,0.2123494165878272
35884,0.044402396720277515
35885,0.738076316619363
35886,0.8891958372753074
35887,0.29210974456007566
35888,0.4920719016083255
35889,0.15991169977924946
35890,0.6321791233049511
35891,0.34592242194891204
35892,0.6257458215074109
35893,0.3602270577105014
35894,0.7259413434247872
35895,0.5940081993062125
35896,0.27162409334594767
35897,0.7432608010091455
35898,0.8278902554399243
35899,0.7734973194575843
35900,0.2839104383475245
35901,0.7976663513087354
35902,0.09609586881110059
35903,0.6975339009776097
35904,0.5752633238725954
35905,0.9338505203405865
35906,0.5572248502049826
35907,0.5626237779880163
35908,0.3986881110059918
35909,0.2670829391359193
35910,0.7431851151056449
35911,0.5591548407442447
35912,0.16093345947650586
35913,0.3394512771996216
35914,0.2923998738568275
35915,0.2957552822453485
35916,0.4014884894355093
35917,0.2193377483443709
35918,0.9659035004730367
35919,0.9731693472090823
35920,0.8547335225480922
35921,0.8870135603910437
35922,0.4518322295805739
35923,0.7653358561967835
35924,0.7581961526332388
35925,0.7619804478082625
35926,0.8515042573320719
35927,0.8028256070640177
35928,0.7771554714601073
35929,0.9157868180384736
35930,0.9618921475875117
35931,0.9601009145380007
35932,0.7181078524124882
35933,0.9785935036266162
35934,0.7175149795017345
35935,0.49123935666982027
35936,0.8558435824660992
35937,0.7464900662251656
35938,0.6818416903185115
35939,0.3560895616524756
35940,0.9434878587196467
35941,0.7631283506780195
35942,0.7598864711447493
35943,0.9072847682119204
35944,0.5941847997477137
35945,0.8815263323872595
35946,0.9394386628823714
35947,0.5596215704824976
35948,0.8158940397350993
35949,0.9970608640807316
35950,0.7386187322611164
35951,0.9281993062125513
35952,0.8330368968779565
35953,0.7670009460737937
35954,0.4416777041942605
35955,0.3948912015137181
35956,0.687202775149795
35957,0.8768338063702301
35958,0.3485083569851782
35959,0.3551813308104699
35960,0.7967076631977293
35961,0.1669757174392936
35962,0.7280479344055504
35963,0.5085083569851782
35964,0.8740460422579628
35965,0.5412551245663828
35966,0.380334279407127
35967,0.8418669189530116
35968,0.5983349101229897
35969,0.470551876379691
35970,0.8570167139703564
35971,0.6735414695679597
35972,0.8042257962787764
35973,0.2249763481551561
35974,0.8041501103752761
35975,0.9186250394197414
35976,0.4819552191737623
35977,0.26988331756543676
35978,0.45605802585935035
35979,0.35351624093345946
35980,0.06911384421318195
35981,0.6342857142857143
35982,0.06550614947965941
35983,0.4084515925575528
35984,0.8706275622831914
35985,0.13128981393882055
35986,0.7905140334279407
35987,0.5104131188899401
35988,0.80481866918953
35989,0.2942920214443393
35990,0.275521917376222
35991,0.8428760643330181
35992,0.08860296436455377
35993,0.9018227688426363
35994,0.2886786502680542
35995,0.8303752759381898
35996,0.7685146641438033
35997,0.3225228634500158
35998,0.7901229895931884
35999,0.11018606117943866
36000,0.2567013560391044
36001,0.16035320088300217
36002,0.6261242510249133
36003,0.7009145380006307
36004,0.9823777988016398
36005,0.38361400189214756
36006,0.2570040996531063
36007,0.17441816461684012
36008,0.3151561021759697
36009,0.8348407442447178
36010,0.7077262693156733
36011,0.807669504888048
36012,0.9046736045411542
36013,0.8295805739514349
36014,0.6970167139703562
36015,0.055704824976348155
36016,0.007303689687795649
36017,0.12693787448754335
36018,0.2549605802585935
36019,0.18713339640491958
36020,0.1582087669504888
36021,0.5636581520025228
36022,0.149277830337433
36023,0.7721854304635761
36024,0.09068432671081679
36025,0.14873541469567958
36026,0.7765121412803531
36027,0.7142730999684643
36028,0.7845222327341533
36029,0.6186439608956165
36030,0.8240050457269
36031,0.16760643330179756
36032,0.22083885209713022
36033,0.4815137180700095
36034,0.7027814569536422
36035,0.742567013560391
36036,0.6041122674235258
36037,0.9943992431409651
36038,0.7332324187953327
36039,0.2118574582150741
36040,0.3841311888994008
36041,0.9449889624724062
36042,0.8876442762535478
36043,0.19455061494796594
36044,0.5979943235572375
36045,0.19419741406496374
36046,0.259514348785872
36047,0.1507537054556922
36048,0.24035320088300222
36049,0.16301482182276886
36050,0.29256385998107853
36051,0.7541721854304636
36052,0.8392683695994955
36053,0.7312519709870703
36054,0.35040050457269
36055,0.2059791863765374
36056,0.24184169031851152
36057,0.44167770419426045
36058,0.3926836959949543
36059,0.624497004099653
36060,0.1881425417849259
36061,0.18244087038789025
36062,0.09192052980132451
36063,0.15013560391043831
36064,0.4451970987070325
36065,0.7619299905392621
36066,0.6410596026490066
36067,0.4960706401766004
36068,0.15586250394197412
36069,0.518561967833491
36070,0.041185745821507413
36071,0.1540334279407127
36072,0.05802585935036266
36073,0.13536423841059605
36074,0.16286345001576788
36075,0.6799747713654999
36076,0.7432229580573951
36077,0.31138442131819616
36078,0.6318133081046988
36079,0.08210659098076316
36080,0.7703185115105646
36081,0.35776726584673607
36082,0.6978366445916115
36083,0.1520151371807001
36084,0.7165184484389783
36085,0.3558498896247241
36086,0.12262377798801638
36087,0.3463513087354147
36088,0.5121034374014506
36089,0.9781646168401135
36090,0.06476190476190477
36091,0.2852601702932829
36092,0.08860296436455378
36093,0.12609271523178806
36094,0.37005361084831284
36095,0.14910122989593189
36096,0.7399306212551245
36097,0.05922421948912015
36098,0.07086723431094291
36099,0.41214758751182595
36100,0.282876064333018
36101,0.40286345001576795
36102,0.7624345632292652
36103,0.14303374329864396
36104,0.318877325764743
36105,0.6521980447808262
36106,0.33653736991485333
36107,0.7115862503941974
36108,0.6997414064963735
36109,0.08519709870703247
36110,0.4631220435193945
36111,0.07714916430148218
36112,0.2877073478397982
36113,0.8994260485651214
36114,0.6856259854935352
36115,0.810886155786818
36116,0.7258278145695364
36117,0.5991422264269947
36118,0.7245033112582782
36119,0.25157994323557237
36120,0.389441816461684
36121,0.4935351624093346
36122,0.9682876064333017
36123,0.5959634184799748
36124,0.8980384736676126
36125,0.5875622831914222
36126,0.6438852097130242
36127,0.23857458215074112
36128,0.5973131504257332
36129,0.7857205928729106
36130,0.07750236518448439
36131,0.9293345947650582
36132,0.6392305266477452
36133,0.03728792179123305
36134,0.8371870072532324
36135,0.024131188899400823
36136,0.15870072532324186
36137,0.6852601702932828
36138,0.16391043834752445
36139,0.15215389467045096
36140,0.295515610217597
36141,0.8889813938820562
36142,0.7871964679911699
36143,0.17922421948912015
36144,0.8471397035635446
36145,0.17091138442131817
36146,0.5473099968464207
36147,0.7018606117943866
36148,0.23823399558498895
36149,0.5167328918322295
36150,0.1666855881425418
36151,0.22980763166193632
36152,0.036455376852727844
36153,0.1019362976978871
36154,0.5992305266477451
36155,0.1682876064333018
36156,0.7769031851151056
36157,0.4633743298643961
36158,0.29545253863134663
36159,0.05598233995584989
36160,0.018669189530116682
36161,0.1645916114790287
36162,0.5156480605487228
36163,0.42575843582466094
36164,0.06515294859665721
36165,0.39139703563544626
36166,0.10117943866288236
36167,0.3426679280983917
36168,0.0872658467360454
36169,0.3093282876064333
36170,0.48628192999053926
36171,0.5340775780510879
36172,0.9122169662567012
36173,0.3621318196152633
36174,0.13411542100283821
36175,0.4321412803532009
36176,0.19774203721223588
36177,0.7155597603279722
36178,0.827347839798171
36179,0.5717943866288236
36180,0.5928729107537054
36181,0.6229832860296437
36182,0.05542730999684642
36183,0.5046357615894039
36184,0.7864017660044151
36185,0.5764869126458531
36186,0.616650898770104
36187,0.21479659413434243
36188,0.7640365815200252
36189,0.6309555345316934
36190,0.45152948596657205
36191,0.6668432671081679
36192,0.26690633869441815
36193,0.6292147587511826
36194,0.6363796909492274
36195,0.9259791863765373
36196,0.0310564490696941
36197,0.1589782403027436
36198,0.6349164301482183
36199,0.2888804793440555
36200,0.05593188268684957
36201,0.06397981709239987
36202,0.20792179123304955
36203,0.11751497950173447
36204,0.2113402712078209
36205,0.7159634184799748
36206,0.8541911069063386
36207,0.08462945443077893
36208,0.7661684011352886
36209,0.5601135288552506
36210,0.4339577420372122
36211,0.19591296121097446
36212,0.4291264585304321
36213,0.08422579627877641
36214,0.675370545569221
36215,0.6378555660674866
36216,0.11229265216020183
36217,0.7784925890886156
36218,0.8157300536108483
36219,0.3979817092399874
36220,0.2957931251970987
36221,0.3562409334594765
36222,0.5118006937874487
36223,0.9404099653106276
36224,0.862894985808893
36225,0.8038852097130242
36226,0.30635130873541466
36227,0.6301356039104383
36228,0.5054178492589089
36229,0.1072469252601703
36230,0.25632292652160205
36231,0.0834058656575213
36232,0.750072532324188
36233,0.8623399558498898
36234,0.14397981709239988
36235,0.22725953957742037
36236,0.5275812046672974
36237,0.767341532639546
36238,0.69120151371807
36239,0.11722485020498265
36240,0.2000630715862504
36241,0.20509618416903186
36242,0.6511888994008199
36243,0.9300788394828131
36244,0.7939577420372123
36245,0.5109176915799432
36246,0.7629769788710186
36247,0.2528413749605803
36248,0.19138442131819616
36249,0.2686218858404289
36250,0.5179690949227373
36251,0.7789719331441186
36252,0.19805739514348789
36253,0.9630148218227688
36254,0.5575149795017345
36255,0.18693156732891833
36256,0.04359508041627247
36257,0.12187953327026176
36258,0.15659413434247874
36259,0.16633238725953955
36260,0.7936802270577105
36261,0.757767265846736
36262,0.48644591611479027
36263,0.5976032797224851
36264,0.4467865026805424
36265,0.22925260170293282
36266,0.2554399243140965
36267,0.7697382529170609
36268,0.7866792809839168
36269,0.89120151371807
36270,0.9797161778618731
36271,0.17675181330810472
36272,0.7145758435824662
36273,0.123519394512772
36274,0.557767265846736
36275,0.04716493219804479
36276,0.6278902554399244
36277,0.1972122358877326
36278,0.5396657205928729
36279,0.24324187953327026
36280,0.6222768842636393
36281,0.10280668558814254
36282,0.4045033112582781
36283,0.6262251655629139
36284,0.08643330179754022
36285,0.3594828129927468
36286,0.6301734468621886
36287,0.4705897193314412
36288,0.5960391043834753
36289,0.7043330179754022
36290,0.4424724061810154
36291,0.9321349731945758
36292,0.14082623777988015
36293,0.7865909807631662
36294,0.14638915168716493
36295,0.6815515610217597
36296,0.2786376537369915
36297,0.8138252917060864
36298,0.45011668243456326
36299,0.4477199621570483
36300,0.08851466414380323
36301,0.39777988016398613
36302,0.5206054872280038
36303,0.535679596341848
36304,0.2283065279091769
36305,0.8685966572059286
36306,0.741936297697887
36307,0.14546830652790918
36308,0.07022390413118891
36309,0.9199747713654999
36310,0.5446988331756544
36311,0.1633427940712709
36312,0.7962787764112268
36313,0.35550930305897194
36314,0.17392620624408706
36315,0.47415957111321344
36316,0.46785241248817405
36317,0.02286975717439294
36318,0.6441627246925261
36319,0.436152633238726
36320,0.9816335540838852
36321,0.8111258278145695
36322,0.8402649006622518
36323,0.6356228319142226
36324,0.695843582466099
36325,0.4986565752128666
36326,0.6740460422579628
36327,0.6159571113213498
36328,0.7939829706717124
36329,0.4678019552191738
36330,0.8712961210974457
36331,0.3876631977294229
36332,0.7783286029643646
36333,0.10457269000315358
36334,0.10382844528539893
36335,0.7864522232734152
36336,0.2821318196152633
36337,0.36842636392305267
36338,0.2066855881425418
36339,0.995055187637969
36340,0.24314096499526963
36341,0.7379375591296121
36342,0.8125007883948282
36343,0.209435509303059
36344,0.17178177231157363
36345,0.6843393251340272
36346,0.5317439293598234
36347,0.7585115105644906
36348,0.07822138126773887
36349,0.3546767581204668
36350,0.1401450646483759
36351,0.4313213497319458
36352,0.376953642384106
36353,0.5183096814884895
36354,0.4714727215389467
36355,0.06099022390413119
36356,0.24234626300851464
36357,0.32063071586250397
36358,0.31048880479344054
36359,0.48160201829076
36360,0.9469820245979185
36361,0.8625039419741406
36362,0.47548407442447177
36363,0.7571491643014822
36364,0.25622201198360134
36365,0.1547650583412173
36366,0.1880794701986755
36367,0.306237779880164
36368,0.792469252601703
36369,0.7704194260485652
36370,0.04543677073478398
36371,0.31526963103122047
36372,0.5333333333333333
36373,0.6611668243456322
36374,0.775528224534847
36375,0.12143803216650899
36376,0.4066477451907915
36377,0.8533081046988332
36378,0.7088489435509303
36379,0.45957742037212235
36380,0.6392809839167455
36381,0.48605487228003785
36382,0.8117943866288237
36383,0.5570987070324818
36384,0.8395080416272469
36385,0.4708167770419426
36386,0.6791169977924946
36387,0.3126584673604541
36388,0.4880479344055503
36389,0.16549984232103437
36390,0.7497193314411859
36391,0.8372879217912331
36392,0.8637779880163987
36393,0.17284137496058027
36394,0.4014632608010092
36395,0.34102806685588144
36396,0.29342163355408385
36397,0.7605676442762536
36398,0.6987827183853674
36399,0.901280353200883
36400,0.6245348470514034
36401,0.3731819615263324
36402,0.5939955849889624
36403,0.9058341217281615
36404,0.9292967518133081
36405,0.8674109113844214
36406,0.8737811415957111
36407,0.7277956480605487
36408,0.8692904446546831
36409,0.6799747713654999
36410,0.6711321349731946
36411,0.5840933459476505
36412,0.7971996215704825
36413,0.9526963103122044
36414,0.9452034058656575
36415,0.6409839167455061
36416,0.3465783664459161
36417,0.5993818984547462
36418,0.9160643330179754
36419,0.48420056764427627
36420,0.5961904761904762
36421,0.3805108798486282
36422,0.8651655629139073
36423,0.41951434878587196
36424,0.9361967833491012
36425,0.38399243140964995
36426,0.7686534216335541
36427,0.8738063702302113
36428,0.9478145695364238
36429,0.5812677388836329
36430,0.8143803216650899
36431,0.9744812362030904
36432,0.6660611794386628
36433,0.6325449385052034
36434,0.9301292967518133
36435,0.9562913907284767
36436,0.8162472406181016
36437,0.7680100914538002
36438,0.8851718700725323
36439,0.7680731630400506
36440,0.8508356985178177
36441,0.850381583096815
36442,0.9801198360138758
36443,0.6196909492273731
36444,0.8611415957111321
36445,0.42512771996215704
36446,0.6256827499211606
36447,0.998877325764743
36448,0.9172122358877326
36449,0.3615389467045096
36450,0.21605802585935038
36451,0.8270577105014191
36452,0.6922485020498265
36453,0.9074739829706716
36454,0.26505203405865657
36455,0.8892210659098077
36456,0.567026174708294
36457,0.49556606748659726
36458,0.6650015767896563
36459,0.8936865342163355
36460,0.6891075370545569
36461,0.7996720277514979
36462,0.8740334279407127
36463,0.5710753705455692
36464,0.9263576158940398
36465,0.6883128350678018
36466,0.9901860611794386
36467,0.9119142226426993
36468,0.11978555660674867
36469,0.3144370860927152
36470,0.8263386944181647
36471,0.6859035004730369
36472,0.3158877325764743
36473,0.29052034058656573
36474,0.67519394512772
36475,0.11090507726269316
36476,0.521450646483759
36477,0.35682119205298013
36478,0.3628003784295175
36479,0.9000946073793756
36480,0.6678524124881741
36481,0.5786565752128666
36482,0.7425417849258908
36483,0.18717123935666982
36484,0.6183033743298645
36485,0.6446420687480291
36486,0.5238473667612741
36487,0.3524692526017029
36488,0.27269631031220437
36489,0.9175528224534847
36490,0.7429706717123936
36491,0.17961526332387262
36492,0.06951750236518447
36493,0.9165184484389782
36494,0.6591863765373699
36495,0.3178934090192369
36496,0.2918070009460738
36497,0.19706086408073162
36498,0.5640996531062755
36499,0.3143487858719647
36500,0.8107978555660675
36501,0.11861242510249133
36502,0.7099463891516872
36503,0.7921286660359508
36504,0.29094922737306844
36505,0.6112267423525701
36506,0.050848312835067806
36507,0.5750614947965941
36508,0.7062630085146641
36509,0.5378114159571113
36510,0.3579943235572375
36511,0.742869757174393
36512,0.2549731945758436
36513,0.1079533270261747
36514,0.9868558814254179
36515,0.741759697256386
36516,0.059060233364869125
36517,0.3154462314727215
36518,0.10572059287291076
36519,0.19318826868495742
36520,0.18358877325764744
36521,0.7015452538631347
36522,0.4423210343740145
36523,0.21340901923683384
36524,0.9068937243771682
36525,0.10678019552191738
36526,0.14564490696941026
36527,0.16549984232103437
36528,0.5191169977924945
36529,0.2962346263008514
36530,0.3640491958372753
36531,0.916480605487228
36532,0.8038221381267739
36533,0.31407127089246295
36534,0.8186313465783664
36535,0.6501292967518133
36536,0.2978366445916115
36537,0.049031851151056446
36538,0.044831283506780194
36539,0.25248817407757806
36540,0.12867865026805422
36541,0.9907789340901924
36542,0.19949542730999684
36543,0.43214128035320093
36544,0.8150362661620939
36545,0.5280479344055503
36546,0.2620119836013876
36547,0.6723431094292022
36548,0.5189277830337432
36549,0.48782087669504887
36550,0.7104761904761904
36551,0.6678019552191737
36552,0.09702932828760644
36553,0.2572059287291075
36554,0.4853610848312835
36555,0.31597603279722486
36556,0.17546515294859666
36557,0.11650583412172814
36558,0.8442257962787765
36559,0.6267423525701672
36560,0.6048817407757805
36561,0.24900662251655628
36562,0.11674550614947966
36563,0.42900031535793126
36564,0.3272658467360454
36565,0.6062693156732892
36566,0.7257269000315358
36567,0.1270766319772942
36568,0.15327656890570796
36569,0.5093156732891831
36570,0.3264459161147903
36571,0.7743172500788394
36572,0.8595143487858719
36573,0.8752444023967203
36574,0.9445222327341533
36575,0.6890823084200567
36576,0.964478082623778
36577,0.19919268369599494
36578,0.3465783664459161
36579,0.49123935666982027
36580,0.20283822138126775
36581,0.23163670766319772
36582,0.17040681173131506
36583,0.9469820245979187
36584,0.85760958688111
36585,0.2416777041942605
36586,0.19060233364869125
36587,0.5865405234941659
36588,0.3004225796278776
36589,0.14141911069063387
36590,0.1071838536739199
36591,0.8604982655313781
36592,0.8308672343109429
36593,0.4620498265531378
36594,0.8273856827499211
36595,0.4748407442447177
36596,0.6816650898770104
36597,0.6173951434878586
36598,0.3490381583096815
36599,0.7174897508672342
36600,0.21913591926836962
36601,0.2567518133081047
36602,0.6368338063702302
36603,0.5137180700094608
36604,0.33745821507410917
36605,0.7252727846105329
36606,0.5525070955534531
36607,0.1883065279091769
36608,0.7773573005361085
36609,0.7980952380952382
36610,0.865279091769158
36611,0.6983538315988647
36612,0.7856449069694104
36613,0.5621444339325133
36614,0.6462945443077893
36615,0.6872532324187954
36616,0.5505644906969409
36617,0.6417660044150111
36618,0.31429832860296436
36619,0.46719646799116993
36620,0.349441816461684
36621,0.10022075055187638
36622,0.0792935982339956
36623,0.2109113844213182
36624,0.6843771680857774
36625,0.10703248186691895
36626,0.17280353200883003
36627,0.6122611163670766
36628,0.11499211605171872
36629,0.1708356985178177
36630,0.7810406811731315
36631,0.5046988331756543
36632,0.49543992431409656
36633,0.48666035950804165
36634,0.05940081993062126
36635,0.2445159255755282
36636,0.4308041627246925
36637,0.28305266477451907
36638,0.533762220119836
36639,0.44587827183853673
36640,0.7956859035004731
36641,0.5845853043204036
36642,0.7112204351939451
36643,0.864320403658152
36644,0.5705455692210659
36645,0.6970167139703564
36646,0.26376537369914854
36647,0.5621570482497635
36648,0.05677704194260486
36649,0.4457269000315358
36650,0.6257836644591611
36651,0.2314727215389467
36652,0.4009713024282561
36653,0.8305014191106905
36654,0.33030589719331443
36655,0.6055755282245349
36656,0.2898391674550615
36657,0.06727215389467045
36658,0.08305266477451909
36659,0.4622390413118889
36660,0.5268117313150426
36661,0.3472595395774204
36662,0.37709239987385684
36663,0.690734783979817
36664,0.5744307789340902
36665,0.9425796278776412
36666,0.06328602964364553
36667,0.7253232418795332
36668,0.7044213181961526
36669,0.032368338063702304
36670,0.610709555345317
36671,0.28411226742352574
36672,0.18667928098391676
36673,0.16461684011352887
36674,0.04216966256701356
36675,0.1348470514033428
36676,0.5244276253547776
36677,0.4836329233680227
36678,0.9519520655944498
36679,0.5214128035320088
36680,0.454241564175339
36681,0.7832734153263954
36682,0.5872469252601704
36683,0.06806685588142541
36684,0.893118889940082
36685,0.42535477767265845
36686,0.43658152002522865
36687,0.5959760327972248
36688,0.04095868811100599
36689,0.15178807947019868
36690,0.21082308420056764
36691,0.7946515294859666
36692,0.609763481551561
36693,0.7182339955849889
36694,0.06842005676442764
36695,0.5341406496373383
36696,0.4680920845159256
36697,0.17805108798486283
36698,0.5156606748659729
36699,0.7486849574266794
36700,0.5278587196467992
36701,0.8639419741406497
36702,0.1744560075685903
36703,0.14439608956165248
36704,0.0541280353200883
36705,0.14000630715862505
36706,0.8122989593188269
36707,0.30510249132765693
36708,0.05213497319457585
36709,0.7149921160517188
36710,0.4954146956795963
36711,0.34768842636392305
36712,0.7280605487228003
36713,0.663841059602649
36714,0.14791548407442445
36715,0.6118070009460739
36716,0.3885083569851781
36717,0.2102049826553138
36718,0.840479344055503
36719,0.24190476190476187
36720,0.15388205613371178
36721,0.6194891201513718
36722,0.5539703563544623
36723,0.22751182592242195
36724,0.8182781456953643
36725,0.4516934720908231
36726,0.2292904446546831
36727,0.34886155786818035
36728,0.3600252286345002
36729,0.7007127089246294
36730,0.5132513402712078
36731,0.46960580258593504
36732,0.5994828129927469
36733,0.24213181961526328
36734,0.24118574582150742
36735,0.6755849889624725
36736,0.18327341532639546
36737,0.8593503626616209
36738,0.28843897824030273
36739,0.8154020813623463
36740,0.6791422264269947
36741,0.4055502995900347
36742,0.45168085777357303
36743,0.7469189530116683
36744,0.8791296121097446
36745,0.23084200567644275
36746,0.559356669820246
36747,0.6509870703248186
36748,0.7177041942604857
36749,0.39187637969094924
36750,0.3322611163670766
36751,0.5431220435193945
36752,0.6894228949858089
36753,0.5610974456007569
36754,0.6219110690633869
36755,0.3199243140964995
36756,0.7724124881740775
36757,0.04444023967202775
36758,0.9767644276253546
36759,0.332967518133081
36760,0.09966572059287292
36761,0.5402459791863765
36762,0.33383790602333646
36763,0.06434563229265217
36764,0.7342163355408389
36765,0.5282876064333017
36766,0.8641438032166509
36767,0.815364238410596
36768,0.22979501734468621
36769,0.32708924629454433
36770,0.3247808262377799
36771,0.5742037212235888
36772,0.19215389467045096
36773,0.6277262693156733
36774,0.45893409019236836
36775,0.31714916430148216
36776,0.8362913907284769
36777,0.6065972879217912
36778,0.24431409649952698
36779,0.9543866288237148
36780,0.14585935036266162
36781,0.1143866288237149
36782,0.3940586565752129
36783,0.1444970040996531
36784,0.9376852727846106
36785,0.7628634500157679
36786,0.2586565752128666
36787,0.7405613371176284
36788,0.4981393882056134
36789,0.05947650583412173
36790,0.575048880479344
36791,0.6816650898770105
36792,0.3754146956795964
36793,0.23231788079470203
36794,0.9380132450331127
36795,0.2871523178807947
36796,0.7063134657836645
36797,0.45748344370860927
36798,0.6765689057079786
36799,0.06260485651214129
36800,0.010621255124566383
36801,0.16449069694102808
36802,0.9524061810154525
36803,0.21157994323557236
36804,0.34423210343740146
36805,0.420321665089877
36806,0.7619678334910123
36807,0.926559444970041
36808,0.4445789971617786
36809,0.054266792809839176
36810,0.8374519079154841
36811,0.7095427309996847
36812,0.6180006307158625
36813,0.4658088930936613
36814,0.5710753705455692
36815,0.7813181961526333
36816,0.5683002207505519
36817,0.2961210974456008
36818,0.045070955534531686
36819,0.571516871649322
36820,0.7129738252917062
36821,0.07807000946073794
36822,0.5897067171239356
36823,0.7298770104068117
36824,0.4007316304005046
36825,0.39051403342794067
36826,0.10394197414064964
36827,0.23210343740145065
36828,0.6817281614632608
36829,0.37233680227057714
36830,0.5058719646799117
36831,0.9450520340586566
36832,0.9770671712393565
36833,0.8194386628823715
36834,0.8240176600441502
36835,0.17571743929359823
36836,0.5965815200252286
36837,0.675521917376222
36838,0.13815200252286342
36839,0.8325449385052034
36840,0.4558561967833491
36841,0.24846420687480292
36842,0.22883632923368022
36843,0.854733522548092
36844,0.3632923368022706
36845,0.33045726900031536
36846,0.08561337117628509
36847,0.6089183222958057
36848,0.9010406811731314
36849,0.49120151371807
36850,0.46859665720592875
36851,0.4421065909807632
36852,0.894884894355093
36853,0.21566698202459791
36854,0.2210280668558814
36855,0.31031220435193946
36856,0.38536739198990855
36857,0.5136549984232104
36858,0.8178997161778618
36859,0.4760643330179754
36860,0.6038599810785241
36861,0.6339325134027121
36862,0.9261936297697887
36863,0.7836392305266477
36864,0.8069883317565437
36865,0.11003468937243771
36866,0.40642068748029014
36867,0.4610028382213813
36868,0.5845348470514034
36869,0.66240302743614
36870,0.1880163986124251
36871,0.7732198044780826
36872,0.6425480920845159
36873,0.31173762220119833
36874,0.8596531062756229
36875,0.6307410911384421
36876,0.8214064963733838
36877,0.23836013875748974
36878,0.15409649952696308
36879,0.08813623462630085
36880,0.6157174392935982
36881,0.27651844843897827
36882,0.7603910438347524
36883,0.15876379690949227
36884,0.8610154525386313
36885,0.34847051403342794
36886,0.22858404288867865
36887,0.2640807316304005
36888,0.35693472090823086
36889,0.33412803532008833
36890,0.42043519394512774
36891,0.20442762535477765
36892,0.6187701040681174
36893,0.16187953327026178
36894,0.6049069694102807
36895,0.9671775465152948
36896,0.9532008830022075
36897,0.8193503626616209
36898,0.916657205928729
36899,0.9013686534216336
36900,0.9925827814569536
36901,0.934228949858089
36902,0.5895175023651845
36903,0.451352885525071
36904,0.7649069694102806
36905,0.8362030905077262
36906,0.6488300220750552
36907,0.3641374960580258
36908,0.9629391359192684
36909,0.8269694102806685
36910,0.363355408388521
36911,0.9931756543677074
36912,0.7555093030589719
36913,0.9783664459161148
36914,0.9327783033743299
36915,0.6859539577420372
36916,0.5628382213812677
36917,0.6908356985178178
36918,0.6942794071270894
36919,0.9998990854619992
36920,0.9948155156102175
36921,0.6825228634500158
36922,0.6580763166193629
36923,0.6898391674550615
36924,0.9376348155156102
36925,0.3218416903185115
36926,0.9096688741721854
36927,0.910879848628193
36928,0.8960075685903501
36929,0.7754020813623462
36930,0.4511636707663198
36931,0.9546641438032167
36932,0.7716682434563229
36933,0.9678208766950488
36934,0.675370545569221
36935,0.8988584042888679
36936,0.9246168401135288
36937,0.9512582781456953
36938,0.9791233049511195
36939,0.20948596657205926
36940,0.7933396404919585
36941,0.9536297697887103
36942,0.6783727530747399
36943,0.9716682434563229
36944,0.6615074109113844
36945,0.8886660359508042
36946,0.43944497004099653
36947,0.9970860927152317
36948,0.5746199936928414
36949,0.6227814569536424
36950,0.4250394197414065
36951,0.9204036581520025
36952,0.996165247555976
36953,0.2480857773573005
36954,0.9012172816146325
36955,0.9336739198990855
36956,0.5092021444339325
36957,0.6700220750551877
36958,0.6387511825922422
36959,0.274235257016714
36960,0.9168590350047304
36961,0.17029328287606432
36962,0.28773257647429834
36963,0.2789403973509934
36964,0.4087038789025544
36965,0.35896562598549353
36966,0.6624660990223905
36967,0.2483002207505519
36968,0.5959508041627246
36969,0.9222705771050141
36970,0.23694733522548092
36971,0.9297760958688112
36972,0.4330368968779565
36973,0.6973573005361086
36974,0.9409397666351309
36975,0.0419047619047619
36976,0.6468621885840429
36977,0.36532324187953324
36978,0.3168211920529801
36979,0.47052664774519076
36980,0.9067549668874172
36981,0.07620309050772628
36982,0.5454178492589089
36983,0.20568905707978555
36984,0.5218669189530117
36985,0.45970356354462316
36986,0.6743866288237149
36987,0.6225417849258909
36988,0.1072973825291706
36989,0.760971302428256
36990,0.682245348470514
36991,0.9617029328287606
36992,0.0666414380321665
36993,0.807846105329549
36994,0.2739829706717124
36995,0.6560201829076002
36996,0.06191106906338695
36997,0.7484831283506781
36998,0.8810343740145065
36999,0.8041122674235257
37000,0.8857521286660358
37001,0.1808640807316304
37002,0.6313718070009461
37003,0.8989593188268685
37004,0.6218353831598864
37005,0.7981456953642384
37006,0.17094922737306845
37007,0.6784484389782403
37008,0.16933459476505835
37009,0.563695994954273
37010,0.6685714285714286
37011,0.9647177546515295
37012,0.06859665720592874
37013,0.8242699463891517
37014,0.977432986439609
37015,0.12943550930305897
37016,0.22095238095238098
37017,0.21684011352885524
37018,0.9442447177546515
37019,0.7542604856512141
37020,0.6959318826868496
37021,0.6932071901608325
37022,0.6247871333964049
37023,0.05620939766635131
37024,0.03624093345947651
37025,0.41883317565436773
37026,0.3389719331441186
37027,0.661923683380637
37028,0.634096499526963
37029,0.5889498580889309
37030,0.037981709239987387
37031,0.32688741721854303
37032,0.41546515294859665
37033,0.9663197729422895
37034,0.7635698517817724
37035,0.22674235257016712
37036,0.391687164932198
37037,0.8983538315988647
37038,0.5128350678019552
37039,0.5653610848312834
37040,0.36388520971302424
37041,0.904345632292652
37042,0.6979375591296121
37043,0.4300599180069379
37044,0.8055502995900347
37045,0.6352317880794702
37046,0.3680605487228004
37047,0.4391800693787449
37048,0.22916430148218225
37049,0.687518133081047
37050,0.777269000315358
37051,0.8092336802270577
37052,0.9638095238095239
37053,0.7370167139703563
37054,0.012778303374329865
37055,0.06286975717439293
37056,0.27801955219173763
37057,0.32074424471775465
37058,0.47082939135919266
37059,0.6655566067486597
37060,0.8476947335225481
37061,0.5614254178492589
37062,0.6287732576474299
37063,0.5502995900346894
37064,0.3478271838536739
37065,0.6176474298328603
37066,0.08102175969725639
37067,0.9041185745821507
37068,0.6049826553137811
37069,0.5166950488804793
37070,0.6396467991169978
37071,0.6594260485651214
37072,0.10011983601387575
37073,0.2773762220119836
37074,0.5193188268684958
37075,0.48320403658152006
37076,0.19448754336171553
37077,0.31923052664774515
37078,0.9707095553453169
37079,0.9417344686218859
37080,0.45793755912961215
37081,0.6437969094922739
37082,0.35852412488174074
37083,0.19949542730999684
37084,0.2142541784925891
37085,0.5560895616524755
37086,0.17184484389782403
37087,0.3951182592242195
37088,0.1679722485020498
37089,0.7338126773888364
37090,0.7923052664774519
37091,0.22578366445916112
37092,0.3679722485020498
37093,0.361286660359508
37094,0.13474613686534218
37095,0.7230778934090192
37096,0.21662567013560394
37097,0.29231157363607696
37098,0.2856259854935352
37099,0.8598927783033742
37100,0.4791169977924945
37101,0.39365499842321033
37102,0.03467675812046673
37103,0.5178807947019868
37104,0.7077136549984232
37105,0.9408262377798803
37106,0.5585115105644908
37107,0.8183412172816146
37108,0.2539514348785872
37109,0.05226111636707663
37110,0.30030905077262693
37111,0.399041311888994
37112,0.5493409019236833
37113,0.081438032166509
37114,0.8891327656890571
37115,0.5146515294859666
37116,0.4617470829391359
37117,0.6690129296751812
37118,0.5522043519394512
37119,0.8761778618732262
37120,0.2646231472721539
37121,0.691693472090823
37122,0.48522232734153264
37123,0.5905771050141911
37124,0.28605487228003784
37125,0.8894228949858088
37126,0.47028697571743927
37127,0.18500157678965626
37128,0.6002396720277514
37129,0.38257962787764116
37130,0.7211731315042572
37131,0.4636013875748975
37132,0.7257773573005362
37133,0.6499526963103122
37134,0.4761526332387259
37135,0.9209460737937559
37136,0.19072847682119207
37137,0.49695364238410594
37138,0.5941343424787133
37139,0.3933522548092085
37140,0.970886155786818
37141,0.9543487858719646
37142,0.4792935982339956
37143,0.39249448123620306
37144,0.4398486281929991
37145,0.5567076631977295
37146,0.3606054872280038
37147,0.28944812362030903
37148,0.2273099968464207
37149,0.3626616209397666
37150,0.09578051087984862
37151,0.25831598864711447
37152,0.030450961841690317
37153,0.14125512456638284
37154,0.3757300536108483
37155,0.2853232418795333
37156,0.5649195837275307
37157,0.777269000315358
37158,0.5587890255439925
37159,0.4072532324187953
37160,0.28335540838852097
37161,0.3199495427309997
37162,0.25778618732261116
37163,0.5813812677388837
37164,0.2927656890570798
37165,0.9164932198044781
37166,0.0751687164932198
37167,0.7758940397350993
37168,0.29178177231157365
37169,0.9168464206874803
37170,0.8282560706401766
37171,0.40322926521602015
37172,0.26168401135288555
37173,0.714727215389467
37174,0.8617975402081361
37175,0.7970104068117313
37176,0.7360201829076001
37177,0.44012614317250076
37178,0.610091453800063
37179,0.1388584042888679
37180,0.6880100914538
37181,0.32992746767581205
37182,0.7452286345001577
37183,0.3207190160832545
37184,0.27345316934720904
37185,0.06786502680542415
37186,0.30641438032166507
37187,0.6553137811415957
37188,0.39365499842321033
37189,0.307839798170924
37190,0.8105455692210658
37191,0.6047303689687795
37192,0.36084515925575533
37193,0.3518637653736992
37194,0.14404288867865028
37195,0.2873793755912961
37196,0.17217281614632607
37197,0.039873856827499214
37198,0.7085966572059287
37199,0.49241248817407757
37200,0.37556606748659727
37201,0.8542920214443392
37202,0.09300536108483128
37203,0.7953831598864711
37204,0.2796089561652476
37205,0.10654052349416587
37206,0.554411857458215
37207,0.23926836959949543
37208,0.867499211605172
37209,0.032027751497950174
37210,0.6345253863134658
37211,0.5963040050457269
37212,0.5038158309681489
37213,0.8097130242825608
37214,0.33029328287606435
37215,0.49667612740460426
37216,0.8445537685272785
37217,0.064799747713655
37218,0.5188016398612424
37219,0.6287858719646799
37220,0.23275938189845474
37221,0.36063071586250395
37222,0.4545821507410911
37223,0.1070072532324188
37224,0.46028382213812674
37225,0.9733964049195838
37226,0.21607064017660046
37227,0.4073793755912961
37228,0.6801135288552508
37229,0.2372374645222327
37230,0.4585935036266162
37231,0.31129612109744564
37232,0.209284137496058
37233,0.39249448123620306
37234,0.7059728792179124
37235,0.8047682119205298
37236,0.733106275622832
37237,0.6023841059602648
37238,0.8479974771365499
37239,0.37868180384736677
37240,0.21946389151687165
37241,0.714575843582466
37242,0.3510186061179439
37243,0.8210532954903816
37244,0.5094165878271838
37245,0.12152633238725953
37246,0.48515925575528224
37247,0.08518448438978239
37248,0.6527656890570797
37249,0.2587448754336171
37250,0.7627120782087669
37251,0.8206874802901293
37252,0.10573320719016084
37253,0.6194512771996216
37254,0.3033112582781457
37255,0.2972690003153579
37256,0.1431220435193945
37257,0.04914538000630716
37258,0.6052853989277831
37259,0.8114285714285715
37260,0.8969788710186062
37261,0.3280353200883002
37262,0.7002459791863765
37263,0.13917376222011985
37264,0.08615578681803847
37265,0.006143172500788395
37266,0.0900157678965626
37267,0.6630842005676443
37268,0.15716177861873226
37269,0.870892462945443
37270,0.13632292652160202
37271,0.774569536423841
37272,0.5898328602964366
37273,0.14791548407442448
37274,0.30632608010091456
37275,0.8626174708293914
37276,0.25715547146010725
37277,0.5411668243456323
37278,0.577748344370861
37279,0.6132071901608325
37280,0.8811731315042574
37281,0.8836329233680227
37282,0.4032166508987701
37283,0.1967707347839798
37284,0.0863323872595396
37285,0.17081046988331755
37286,0.656802270577105
37287,0.056638284452853994
37288,0.08761904761904762
37289,0.8507095553453169
37290,0.8576852727846106
37291,0.5132765689057079
37292,0.7048249763481551
37293,0.9105014191106906
37294,0.7092021444339326
37295,0.25116367076631974
37296,0.20326710816777044
37297,0.8163103122043518
37298,0.5590665405234941
37299,0.5559634184799749
37300,0.3253484705140334
37301,0.7686786502680543
37302,0.28456638284452856
37303,0.2614064963733838
37304,0.8265152948596658
37305,0.3477136549984232
37306,0.8879344055502997
37307,0.15592557552822456
37308,0.7508672343109429
37309,0.43532008830022073
37310,0.2714853358561968
37311,0.9000063071586251
37312,0.7045600756859036
37313,0.07023651844843898
37314,0.30343740145064646
37315,0.5955976032797226
37316,0.10678019552191738
37317,0.06881110059918007
37318,0.27379375591296123
37319,0.10527909176915799
37320,0.09248817407757806
37321,0.07552191737622202
37322,0.3243645537685273
37323,0.8068369599495427
37324,0.4950236518448439
37325,0.6005298013245033
37326,0.722384105960265
37327,0.6298580889309368
37328,0.7660548722800379
37329,0.5834626300851468
37330,0.861116367076632
37331,0.7723872595395774
37332,0.401438032166509
37333,0.4953390097760959
37334,0.805600756859035
37335,0.30312204351939454
37336,0.6021696625670135
37337,0.6270324818669188
37338,0.9629643645537684
37339,0.0715357931251971
37340,0.20098391674550617
37341,0.5364490696941028
37342,0.9283128350678019
37343,0.6584925890886155
37344,0.7455439924314097
37345,0.21112582781456954
37346,0.8063323872595396
37347,0.5753894670450962
37348,0.6712204351939451
37349,0.6900031535793125
37350,0.5323494165878272
37351,0.7720088300220751
37352,0.8704509618416904
37353,0.502239041311889
37354,0.8384232103437402
37355,0.3735477767265847
37356,0.4928413749605803
37357,0.4825102491327657
37358,0.6448943550930305
37359,0.44524755597603277
37360,0.4847051403342794
37361,0.4214947965941343
37362,0.9149542730999685
37363,0.17904761904761907
37364,0.5922926521602019
37365,0.44799747713654997
37366,0.46690633869441817
37367,0.0887669504888048
37368,0.5666729738252916
37369,0.7287164932198046
37370,0.13048249763481554
37371,0.7678713339640493
37372,0.2212677388836329
37373,0.9068180384736675
37374,0.11925575528224536
37375,0.27670766319772944
37376,0.8213181961526332
37377,0.03277199621570483
37378,0.732147587511826
37379,0.3930999684642069
37380,0.8183664459161148
37381,0.8941154210028381
37382,0.8981015452538631
37383,0.4137243771680858
37384,0.4030652790917692
37385,0.7005234941658782
37386,0.11537054556922106
37387,0.06708293913591926
37388,0.17928729107537056
37389,0.8562472406181016
37390,0.923342794071271
37391,0.4541784925890886
37392,0.9549416587827183
37393,0.75360454115421
37394,0.9306464837590666
37395,0.858416903185115
37396,0.7442825607064018
37397,0.9153957742037211
37398,0.9801955219173762
37399,0.8335162409334594
37400,0.9093661305581835
37401,0.9769284137496057
37402,0.9896058025859351
37403,0.8910627562283191
37404,0.8648375906654052
37405,0.7457836644591612
37406,0.9840428886786503
37407,0.6966130558183538
37408,0.8641311888994008
37409,0.9986628823714916
37410,0.882560706401766
37411,0.952645853043204
37412,0.8965878271838537
37413,0.8420435193945128
37414,0.872494481236203
37415,0.49931251970987073
37416,0.7083443708609273
37417,0.7578807947019868
37418,0.7284768211920529
37419,0.9366004415011037
37420,0.6831283506780196
37421,0.7464774519079156
37422,0.7026805424156417
37423,0.841753390097761
37424,0.8552254809208452
37425,0.14358877325764743
37426,0.8599558498896246
37427,0.8198675496688742
37428,0.7325764742983286
37429,0.9520277514979502
37430,0.8712456638284453
37431,0.9881046988331758
37432,0.37499842321034377
37433,0.8549227373068432
37434,0.5976158940397351
37435,0.4131819615263324
37436,0.9888867865026805
37437,0.502075055187638
37438,0.35949542730999684
37439,0.2160454115421003
37440,0.9639735099337748
37441,0.6458025859350361
37442,0.8400378429517503
37443,0.8048943550930306
37444,0.7805613371176284
37445,0.7683632923368023
37446,0.314727215389467
37447,0.729914853358562
37448,0.8538252917060862
37449,0.8780826237779881
37450,0.8543424787133396
37451,0.9245916114790288
37452,0.9367265846736046
37453,0.9409271523178808
37454,0.6706527909176916
37455,0.6292904446546831
37456,0.9612235887732575
37457,0.9444339325134027
37458,0.7657647429832861
37459,0.8112267423525702
37460,0.36408703878902554
37461,0.9037401450646483
37462,0.7089877010406812
37463,0.9958625039419741
37464,0.14944181646168403
37465,0.5247934405550299
37466,0.30818038473667614
37467,0.2858278145695364
37468,0.6207379375591295
37469,0.3922169662567013
37470,0.38949227373068435
37471,0.46102806685588144
37472,0.5381141595711132
37473,0.4059035004730369
37474,0.977281614632608
37475,0.71518133081047
37476,0.538883632923368
37477,0.30289498580889307
37478,0.10994638915168717
37479,0.9780132450331126
37480,0.42286975717439296
37481,0.8489940081993063
37482,0.9302049826553136
37483,0.4775275938189846
37484,0.4800630715862504
37485,0.7356165247555977
37486,0.4020056764427625
37487,0.26076316619362977
37488,0.930583412172816
37489,0.6229454430778933
37490,0.2911510564490697
37491,0.9240744244717753
37492,0.8678145695364239
37493,0.09842951750236519
37494,0.6556039104383474
37495,0.4591359192683696
37496,0.486244087038789
37497,0.4390539262062441
37498,0.5346199936928415
37499,0.0651024913276569
37500,0.16087038789025546
37501,0.6484011352885525
37502,0.3103500473036897
37503,0.56639545884579
37504,0.3669504888047934
37505,0.25497319457584355
37506,0.13383790602333648
37507,0.08986439608956166
37508,0.5914979501734469
37509,0.7832229580573952
37510,0.6742478713339641
37511,0.6382087669504888
37512,0.33213497319457586
37513,0.4431788079470199
37514,0.4639167455061495
37515,0.1768148848943551
37516,0.8278902554399243
37517,0.17951434878587197
37518,0.34888678650268057
37519,0.6765184484389782
37520,0.31484074424471775
37521,0.4652538631346579
37522,0.19948281299274678
37523,0.6063197729422894
37524,0.06328602964364555
37525,0.27639230526647746
37526,0.39752759381898456
37527,0.18835698517817723
37528,0.06936613055818354
37529,0.8412740460422581
37530,0.6052349416587827
37531,0.12336802270577105
37532,0.7041690318511511
37533,0.32963733837906023
37534,0.5381141595711132
37535,0.22946704509618415
37536,0.28971302428256074
37537,0.42594765058341216
37538,0.2688489435509303
37539,0.4547335225480921
37540,0.9589403973509933
37541,0.21450646483759067
37542,0.3306338694418164
37543,0.051264585304320404
37544,0.9423147272153896
37545,0.4069757174392936
37546,0.6755849889624725
37547,0.09845474613686535
37548,0.7412046672973824
37549,0.42435824660990223
37550,0.6572942289498581
37551,0.9119142226426994
37552,0.1507537054556922
37553,0.9238725953957742
37554,0.8164112267423527
37555,0.6895111952065595
37556,0.8802396720277516
37557,0.5463134657836645
37558,0.46293282876064334
37559,0.442712078208767
37560,0.25202144433932516
37561,0.24721538946704508
37562,0.3489498580889309
37563,0.24695048880479345
37564,0.34782718385367395
37565,0.20481866918953012
37566,0.6268180384736677
37567,0.7150804162724693
37568,0.46570797855566065
37569,0.733118889940082
37570,0.3531882686849574
37571,0.44320403658152
37572,0.1829454430778934
37573,0.8772500788394829
37574,0.5440681173131505
37575,0.3811794386628824
37576,0.9125701671397035
37577,0.36047934405550297
37578,0.36253547776726586
37579,0.14401766004415012
37580,0.5796278776411227
37581,0.836959949542731
37582,0.7532639545884579
37583,0.07597603279722484
37584,0.49260170293282873
37585,0.5937432986439608
37586,0.46372753074739825
37587,0.393276568905708
37588,0.5246672973825292
37589,0.7766256701356039
37590,0.7668495742667928
37591,0.8434310942920215
37592,0.5669504888047935
37593,0.1932008830022075
37594,0.09726900031535791
37595,0.6274361400189215
37596,0.648804793440555
37597,0.2044906969410281
37598,0.40185430463576155
37599,0.5004225796278776
37600,0.5248060548722799
37601,0.09836644591611478
37602,0.9335099337748345
37603,0.5708356985178178
37604,0.5882812992746768
37605,0.03513087354146957
37606,0.05212235887732576
37607,0.44748029012929674
37608,0.2824976348155156
37609,0.45840428886786505
37610,0.17416587827183855
37611,0.6151371807000946
37612,0.4049448123620309
37613,0.3978051087984863
37614,0.5308861557868181
37615,0.14703248186691895
37616,0.8619741406496373
37617,0.6775402081362346
37618,0.357275307473983
37619,0.6653043204036583
37620,0.3587637969094923
37621,0.8335919268369599
37622,0.8775528224534846
37623,0.20140018921475877
37624,0.5928224534847052
37625,0.9202396720277515
37626,0.68639545884579
37627,0.08874172185430464
37628,0.5755786818038473
37629,0.055679596341848
37630,0.7706969410280669
37631,0.7334216335540839
37632,0.7033869441816463
37633,0.7175654367707348
37634,0.07950804162724694
37635,0.4173194575843583
37636,0.212639545884579
37637,0.10416903185115105
37638,0.3782529170608641
37639,0.42947965941343424
37640,0.567518133081047
37641,0.9130621255124566
37642,0.05434247871333964
37643,0.30743614001892144
37644,0.16982655313781142
37645,0.7718700725323242
37646,0.5266982024597918
37647,0.9171617786187323
37648,0.02492589088615579
37649,0.2240933459476506
37650,0.5435635446231472
37651,0.13345947650583412
37652,0.6166761274046042
37653,0.11501734468621885
37654,0.6995774203721224
37655,0.7852538631346578
37656,0.5583727530747399
37657,0.748634500157679
37658,0.6734657836644591
37659,0.07076631977294229
37660,0.19931882686849572
37661,0.3368905707978556
37662,0.6531441185745822
37663,0.534884894355093
37664,0.5369662567013559
37665,0.4024471775465153
37666,0.18071270892462946
37667,0.32133711762850836
37668,0.07500473036896878
37669,0.5065405234941659
37670,0.30970671712393566
37671,0.45941343424787134
37672,0.34728476821192056
37673,0.7810280668558814
37674,0.6236644591611479
37675,0.4057899716177862
37676,0.6547461368653421
37677,0.5537937559129612
37678,0.4420687480290129
37679,0.5032355723746452
37680,0.7910186061179438
37681,0.2554651529485966
37682,0.6597918637653737
37683,0.25560391043834757
37684,0.16847682119205296
37685,0.9897319457584357
37686,0.9550551876379691
37687,0.20703878902554398
37688,0.3598233995584989
37689,0.2042257962787764
37690,0.5549921160517188
37691,0.8406811731315043
37692,0.6405928729107537
37693,0.9693976663513088
37694,0.7329044465468307
37695,0.4748533585619678
37696,0.20790917691579944
37697,0.47144749290444654
37698,0.15210343740145066
37699,0.6940397350993377
37700,0.8642194891201515
37701,0.5489372437716808
37702,0.6681046988331757
37703,0.35299905392620623
37704,0.4259854935351624
37705,0.7132891832229581
37706,0.1982718385367392
37707,0.2764427625354778
37708,0.6140649637338379
37709,0.4629832860296436
37710,0.7343424787133397
37711,0.535843582466099
37712,0.9704194260485651
37713,0.9839798170923999
37714,0.11008514664143804
37715,0.036114790286975715
37716,0.1991674550614948
37717,0.2693913591926837
37718,0.33599495427309994
37719,0.2515547146010722
37720,0.18310942920214443
37721,0.7482308420056765
37722,0.623525701671397
37723,0.23362976978871017
37724,0.8435572374645223
37725,0.40432671081677707
37726,0.3804478082623778
37727,0.16814884894355092
37728,0.23501734468621885
37729,0.7235320088300221
37730,0.5271144749290444
37731,0.22632608010091457
37732,0.13353516240933458
37733,0.06351308735414696
37734,0.6786250394197414
37735,0.025077262693156733
37736,0.9533900977609587
37737,0.6632103437401451
37738,0.716341847997477
37739,0.049511195206559444
37740,0.6847808262377798
37741,0.2665783664459161
37742,0.8642951750236517
37743,0.7381393882056133
37744,0.7900346893724377
37745,0.7016461684011354
37746,0.9995584988962473
37747,0.08750551876379692
37748,0.7417092399873856
37749,0.7975906654052349
37750,0.9249448123620309
37751,0.35561021759697253
37752,0.522876064333018
37753,0.7506275622831915
37754,0.6546326080100915
37755,0.42995900346893723
37756,0.47804478082623775
37757,0.4110627562283191
37758,0.520327972248502
37759,0.9837023021128981
37760,0.3582844528539893
37761,0.6278145695364239
37762,0.14728476821192052
37763,0.23084200567644275
37764,0.7230022075055188
37765,0.349921160517187
37766,0.6296436455376853
37767,0.7833112582781457
37768,0.6061936297697887
37769,0.8222264269946389
37770,0.7229012929675181
37771,0.9987764112267423
37772,0.9522421948912014
37773,0.9642636392305266
37774,0.7698139388205615
37775,0.9272658467360455
37776,0.6763670766319773
37777,0.8530558183538316
37778,0.5025165562913907
37779,0.6754714601072216
37780,0.4680290129296752
37781,0.8619110690633869
37782,0.7676190476190476
37783,0.871371807000946
37784,0.7259791863765374
37785,0.9759318826868496
37786,0.46164616840113526
37787,0.9985998107852413
37788,0.43040050457269
37789,0.9816335540838853
37790,0.9958877325764742
37791,0.979350362661621
37792,0.9493282876064333
37793,0.962081362346263
37794,0.9144118574582151
37795,0.9013938820561337
37796,0.729132765689057
37797,0.9391485335856196
37798,0.6125134027120782
37799,0.8361147902869758
37800,0.6297950173446862
37801,0.46719646799116993
37802,0.8351561021759697
37803,0.36876695048880476
37804,0.7121412803532009
37805,0.7264206874802902
37806,0.7324503311258278
37807,0.19680857773573007
37808,0.5056449069694103
37809,0.8330873541469568
37810,0.5479154840744245
37811,0.7052160201829076
37812,0.8952633238725953
37813,0.8212425102491328
37814,0.950551876379691
37815,0.6126773888363293
37816,0.4271460107221697
37817,0.6539640491958373
37818,0.6224408703878903
37819,0.7798801639861243
37820,0.912620624408704
37821,0.9593062125512456
37822,0.3755282245348471
37823,0.6325953957742037
37824,0.528792179123305
37825,0.45894670450961844
37826,0.3998864711447493
37827,0.06281929990539262
37828,0.3164427625354778
37829,0.9058467360454114
37830,0.48321665089877014
37831,0.5065152948596656
37832,0.6520971302428256
37833,0.3873730684326711
37834,0.07878902554399243
37835,0.7354903815830968
37836,0.31991169977924944
37837,0.5420498265531378
37838,0.5888489435509303
37839,0.0797603279722485
37840,0.49005361084831284
37841,0.6438978240302744
37842,0.24587827183853675
37843,0.42717123935666984
37844,0.3204036581520025
37845,0.19273415326395457
37846,0.12959949542730997
37847,0.7803721223588773
37848,0.7152822453484705
37849,0.9197098707032481
37850,0.7628129927467677
37851,0.9693345947650583
37852,0.2805045726900031
37853,0.3320214443393251
37854,0.08169031851151057
37855,0.34054872280037846
37856,0.31205298013245036
37857,0.7266982024597918
37858,0.5016840113528855
37859,0.5381898454746137
37860,0.5322106590980763
37861,0.8505960264900662
37862,0.3028571428571429
37863,0.7166824345632292
37864,0.4745380006307159
37865,0.45600756859035
37866,0.41402712078208764
37867,0.19559760327972248
37868,0.24925890886155788
37869,0.10397981709239987
37870,0.8521223588773258
37871,0.17141595711132135
37872,0.5541847997477137
37873,0.7651087984862819
37874,0.45110059918006945
37875,0.1612614317250079
37876,0.46608640807316304
37877,0.2049448123620309
37878,0.25034374014506466
37879,0.7852160201829076
37880,0.9423273415326395
37881,0.2586565752128666
37882,0.30025859350362666
37883,0.4682056133711763
37884,0.36030274361400183
37885,0.16604225796278776
37886,0.09478397981709241
37887,0.7487101860611793
37888,0.13671397035635446
37889,0.2639545884578997
37890,0.6359129612109744
37891,0.3090381583096815
37892,0.13181961526332386
37893,0.679672027751498
37894,0.3330684326710817
37895,0.1741280353200883
37896,0.3390097760958688
37897,0.15603910438347524
37898,0.13010406811731315
37899,0.42061179438662877
37900,0.91040050457269
37901,0.5294985808893093
37902,0.5003468937243771
37903,0.8643834752444024
37904,0.8757489750867234
37905,0.05527593818984548
37906,0.26292021444339325
37907,0.10090192368338065
37908,0.551535793125197
37909,0.8105329549038158
37910,0.9539703563544623
37911,0.5524566382844529
37912,0.03009776095868811
37913,0.14332387259539578
37914,0.9000819930621254
37915,0.4180132450331126
37916,0.07561021759697256
37917,0.5082056133711763
37918,0.060876695048880484
37919,0.7212614317250079
37920,0.6524503311258278
37921,0.4497004099653106
37922,0.9670640176600441
37923,0.22394197414064962
37924,0.6561841690318512
37925,0.39867549668874175
37926,0.9348596657205928
37927,0.5891390728476821
37928,0.2671207820876695
37929,0.10744875433617154
37930,0.2580510879848628
37931,0.06207505518763797
37932,0.5667486597287923
37933,0.7577041942604856
37934,0.9073352254809208
37935,0.6225165562913907
37936,0.07901608325449384
37937,0.8032544938505204
37938,0.7839672027751498
37939,0.23626616209397666
37940,0.8539009776095868
37941,0.7968590350047304
37942,0.43808262377798796
37943,0.9157111321349732
37944,0.46251655629139077
37945,0.3376978871018606
37946,0.18053610848312834
37947,0.7647177546515295
37948,0.14246609902239044
37949,0.040756859035004735
37950,0.2249132765689057
37951,0.19397035635446233
37952,0.24827499211605172
37953,0.5356039104383475
37954,0.4751308735414696
37955,0.78878587196468
37956,0.21946389151687168
37957,0.8608893093661305
37958,0.36218227688426363
37959,0.5857079785556607
37960,0.24186691895301168
37961,0.7694102806685588
37962,0.41628508356985183
37963,0.20914538000630717
37964,0.10052349416587829
37965,0.5677830337432986
37966,0.4887164932198045
37967,0.19537054556922107
37968,0.2848312835067802
37969,0.5298643960895617
37970,0.7930873541469567
37971,0.35794386628823716
37972,0.8778934090192368
37973,0.5192305266477452
37974,0.8933459476505834
37975,0.586881110059918
37976,0.633919899085462
37977,0.20152633238725956
37978,0.22564490696941028
37979,0.18345001576789657
37980,0.32662251655629143
37981,0.7128981393882056
37982,0.005512456638284453
37983,0.46387890255439923
37984,0.16465468306527908
37985,0.45398927783033743
37986,0.9580700094607378
37987,0.3047871333964049
37988,0.7958625039419741
37989,0.7052034058656576
37990,0.9191800693787449
37991,0.6251655629139072
37992,0.2710816777041943
37993,0.7284894355093031
37994,0.27288552507095554
37995,0.318082623777988
37996,0.1437906023336487
37997,0.9280479344055503
37998,0.7711510564490697
37999,0.0137117628508357
38000,0.20753074739829705
38001,0.2927278461053296
38002,0.11957111321349731
38003,0.1449763481551561
38004,0.26443393251340275
38005,0.7176537369914854
38006,0.29892147587511825
38007,0.23235572374645222
38008,0.4595774203721224
38009,0.16578997161778622
38010,0.6853736991485335
38011,0.21023021128981392
38012,0.7635824660990223
38013,0.09690318511510565
38014,0.34645222327341535
38015,0.564150110375276
38016,0.5729675181330811
38017,0.31221696625670137
38018,0.019526963103122044
38019,0.6345001576789656
38020,0.8659854935351624
38021,0.7482434563229265
38022,0.4785241248817408
38023,0.26225165562913905
38024,0.27446231472721544
38025,0.7811794386628824
38026,0.7712141280353201
38027,0.6427877641122676
38028,0.7085966572059288
38029,0.7033364869126458
38030,0.9136423841059602
38031,0.7742667928098391
38032,0.7481803847366761
38033,0.8804541154210028
38034,0.7686912645853043
38035,0.6482245348470514
38036,0.09513718070009461
38037,0.7635446231472721
38038,0.9202775149795017
38039,0.2979501734468622
38040,0.8375402081362346
38041,0.6675622831914223
38042,0.23303689687795645
38043,0.28721538946704506
38044,0.6685966572059288
38045,0.23442447177546516
38046,0.5877514979501735
38047,0.5696625670135604
38048,0.4717754651529486
38049,0.23339009776095868
38050,0.7922548092084516
38051,0.27395774203721224
38052,0.2563859981078524
38053,0.07404604225796278
38054,0.7585745821507411
38055,0.5033112582781457
38056,0.25205928729107535
38057,0.02227688426363923
38058,0.2422831914222643
38059,0.9605424156417534
38060,0.6808199306212552
38061,0.2319899085461999
38062,0.1704320403658152
38063,0.4413371176285084
38064,0.9129233680227057
38065,0.882560706401766
38066,0.10809208451592558
38067,0.24461684011352883
38068,0.9029832860296436
38069,0.370558183538316
38070,0.7771428571428571
38071,0.12777041942604855
38072,0.051491643014821814
38073,0.26423210343740144
38074,0.3441185745821507
38075,0.7565184484389783
38076,0.6427373068432671
38077,0.2920971302428256
38078,0.38329864396089564
38079,0.16007568590350046
38080,0.2417912330495112
38081,0.4832166508987701
38082,0.31413434247871336
38083,0.6803532008830022
38084,0.29685272784610534
38085,0.5659287291075371
38086,0.13648691264585305
38087,0.4342100283822138
38088,0.9624850204982656
38089,0.3552444023967202
38090,0.7641122674235257
38091,0.3907663197729423
38092,0.6283443708609271
38093,0.9152696310312204
38094,0.8271586250394197
38095,0.43037527593818986
38096,0.3325134027120782
38097,0.2856890570797856
38098,0.32486912645853044
38099,0.2550614947965941
38100,0.6040365815200253
38101,0.3408640807316304
38102,0.679356669820246
38103,0.39180069378744875
38104,0.20283822138126775
38105,0.33557868180384737
38106,0.44433932513402713
38107,0.5902869757174393
38108,0.05392620624408704
38109,0.6365184484389782
38110,0.300309050772627
38111,0.7324503311258278
38112,0.053421633554083886
38113,0.6515673289183224
38114,0.23800693787448754
38115,0.9298770104068118
38116,0.5994071270892464
38117,0.301116367076632
38118,0.06703248186691894
38119,0.25279091769157996
38120,0.2961715547146011
38121,0.18222642699463892
38122,0.25427940712708924
38123,0.09772311573636076
38124,0.5267991169977925
38125,0.24090823084200566
38126,0.29569221065909806
38127,0.48413749605802586
38128,0.8436959949542732
38129,0.5929990539262062
38130,0.6346515294859666
38131,0.17406496373383792
38132,0.096322926521602
38133,0.4583159886471144
38134,0.19883948281299277
38135,0.17434247871333966
38136,0.41904761904761906
38137,0.1933774834437086
38138,0.012538631346578366
38139,0.7921286660359509
38140,0.23977294228949858
38141,0.2601198360138757
38142,0.029265216020182908
38143,0.3988647114474929
38144,0.9713907284768212
38145,0.2721286660359508
38146,0.7492526017029328
38147,0.5817218543046359
38148,0.29620939766635135
38149,0.1058719646799117
38150,0.21493535162409336
38151,0.22275622831914224
38152,0.5180700094607379
38153,0.48128666035950807
38154,0.7868432671081678
38155,0.36108483128350677
38156,0.8807694733522549
38157,0.057168085777357304
38158,0.22013245033112586
38159,0.6185052034058657
38160,0.6702112898139388
38161,0.704471775465153
38162,0.5552570167139704
38163,0.6861305581835383
38164,0.16695048880479343
38165,0.5572753074739829
38166,0.8917565436770735
38167,0.22088930936613055
38168,0.4030148218227689
38169,0.5999369284137496
38170,0.5144244717754651
38171,0.023197729422894987
38172,0.8586313465783664
38173,0.7817092399873857
38174,0.4438599810785241
38175,0.7078902554399243
38176,0.28481866918953014
38177,0.19181330810469885
38178,0.8987701040681173
38179,0.8163481551561023
38180,0.7613245033112583
38181,0.5310879848628193
38182,0.42146956795963414
38183,0.8831788079470199
38184,0.3073099968464207
38185,0.2593882056133712
38186,0.6813875748975087
38187,0.15373068432671083
38188,0.3316430148218228
38189,0.9035887732576474
38190,0.49663828445285396
38191,0.1965310627562283
38192,0.9132891832229579
38193,0.5767013560391044
38194,0.5315547146010722
38195,0.3401072216966257
38196,0.37644906969410274
38197,0.8719646799116998
38198,0.9800819930621255
38199,0.5192809839167456
38200,0.7959760327972247
38201,0.7753894670450963
38202,0.24642068748029014
38203,0.18780195521917378
38204,0.7644023967202775
38205,0.23742667928098393
38206,0.66399243140965
38207,0.4093472090823084
38208,0.2066603595080416
38209,0.3445096184169032
38210,0.5357805108798487
38211,0.6254178492589089
38212,0.9615641753390098
38213,0.39458845789971625
38214,0.37818984547461365
38215,0.34982024597918643
38216,0.8332639545884579
38217,0.4607379375591296
38218,0.13011668243456323
38219,0.5349479659413434
38220,0.5663576158940397
38221,0.7913718070009461
38222,0.5221192052980133
38223,0.5539198990854621
38224,0.11128350678019552
38225,0.5253989277830338
38226,0.23040050457269
38227,0.6534973194575844
38228,0.7592052980132451
38229,0.13419110690633868
38230,0.12687480290129297
38231,0.7929612109744559
38232,0.8061557868180385
38233,0.6318511510564491
38234,0.9087606433301797
38235,0.307511825922422
38236,0.9766887417218543
38237,0.9867675812046672
38238,0.941280353200883
38239,0.9466414380321665
38240,0.3983727530747398
38241,0.9130242825607064
38242,0.8654683065279092
38243,0.9824787133396405
38244,0.4289120151371807
38245,0.8869631031220435
38246,0.29152948596657213
38247,0.4892084515925576
38248,0.5319583727530748
38249,0.4958183538315989
38250,0.8116304005045727
38251,0.43399558498896246
38252,0.9218290760012613
38253,0.8505455692210658
38254,0.7797540208136234
38255,0.9254493850520341
38256,0.6837338379060234
38257,0.8009082308420057
38258,0.9624724061810154
38259,0.9486849574266791
38260,0.5526080100914538
38261,0.518095238095238
38262,0.6216587827183855
38263,0.4425985493535162
38264,0.9504888047934406
38265,0.7005234941658782
38266,0.8801513718070009
38267,0.4532954903815831
38268,0.9411668243456324
38269,0.8285714285714286
38270,0.6396215704824977
38271,0.9577420372122357
38272,0.8991106906338694
38273,0.26421948912015136
38274,0.9969851781772311
38275,0.5196846420687481
38276,0.8888552507095553
38277,0.8776663513087353
38278,0.8424471775465153
38279,0.4274361400189215
38280,0.6581141595711132
38281,0.8109870703248188
38282,0.9904383475244403
38283,0.9784547461368654
38284,0.8470135603910438
38285,0.28320403658152
38286,0.5558246609902239
38287,0.22852097130242824
38288,0.7098580889309367
38289,0.47326395458845794
38290,0.5371050141911069
38291,0.5343424787133396
38292,0.6807064017660044
38293,0.6506212551245663
38294,0.6343614001892147
38295,0.6248502049826553
38296,0.8864711447492905
38297,0.7314916430148217
38298,0.1762346263008515
38299,0.5104383475244403
38300,0.4759255755282245
38301,0.22616209397666354
38302,0.08972563859981078
38303,0.605764742983286
38304,0.09386313465783665
38305,0.8980637023021129
38306,0.6865089877010406
38307,0.8752065594449701
38308,0.45879533270261746
38309,0.37689057079785554
38310,0.15381898454746137
38311,0.9800819930621255
38312,0.5851655629139072
38313,0.9069315673289183
38314,0.5919520655944497
38315,0.5250204982655313
38316,0.11634184799747713
38317,0.9740018921475876
38318,0.3170356354462314
38319,0.5563292336802271
38320,0.20908230842005676
38321,0.7197603279722484
38322,0.5653863134657837
38323,0.08074424471775465
38324,0.8737306843267109
38325,0.11557237464522234
38326,0.6636266162093978
38327,0.3214758751182592
38328,0.9650709555345317
38329,0.6319016083254494
38330,0.16910753705455692
38331,0.4113276568905708
38332,0.5519142226426995
38333,0.6307284768211922
38334,0.014191106906338695
38335,0.2939766635130874
38336,0.29951434878587196
38337,0.5306464837590666
38338,0.07350362661620939
38339,0.817773573005361
38340,0.2788268684957427
38341,0.9249321980447808
38342,0.18035950804162726
38343,0.9653736991485335
38344,0.4321034374014506
38345,0.511371807000946
38346,0.33924944812362035
38347,0.6894985808893094
38348,0.11843582466099023
38349,0.27586250394197415
38350,0.2504320403658152
38351,0.376953642384106
38352,0.5080542415641753
38353,0.9480920845159255
38354,0.24274992116051716
38355,0.5888363292336802
38356,0.42664143803216653
38357,0.3032986439608956
38358,0.5777357300536109
38359,0.7194828129927467
38360,0.23442447177546513
38361,0.5932513402712078
38362,0.13461999369284136
38363,0.09760958688111006
38364,0.8261999369284136
38365,0.05715547146010722
38366,0.7553074739829706
38367,0.9628256070640177
38368,0.4653547776726585
38369,0.41246294544307793
38370,0.1281110059918007
38371,0.2538252917060864
38372,0.12633238725953957
38373,0.7884452853989279
38374,0.33028066855881427
38375,0.226401766004415
38376,0.10765058341217283
38377,0.9730810469883316
38378,0.3834374014506465
38379,0.7328035320088301
38380,0.28060548722800377
38381,0.9174266792809839
38382,0.5813560391043836
38383,0.7800441501103753
38384,0.6753200883002208
38385,0.047619047619047616
38386,0.20163986124251024
38387,0.03012298959318827
38388,0.7331693472090824
38389,0.015212866603595082
38390,0.05656259854935351
38391,0.047127089246294544
38392,0.648476821192053
38393,0.549113844213182
38394,0.07708609271523177
38395,0.9817470829391359
38396,0.7180321665089878
38397,0.24944812362030905
38398,0.5482182276884263
38399,0.969738252917061
38400,0.34461053295490385
38401,0.8304383475244402
38402,0.9479407127089247
38403,0.13016713970356356
38404,0.6635761589403973
38405,0.4220119836013876
38406,0.29420372122358873
38407,0.39146010722169666
38408,0.9496814884894355
38409,0.968312835067802
38410,0.06051087984862819
38411,0.3194449700409965
38412,0.18308420056764427
38413,0.948647114474929
38414,0.5762850835698518
38415,0.5045600756859036
38416,0.16307789340901924
38417,0.14694418164616838
38418,0.632305266477452
38419,0.617458215074109
38420,0.4722674235257016
38421,0.30593503626616214
38422,0.8668558814254178
38423,0.03383159886471145
38424,0.051668243456322926
38425,0.13304320403658149
38426,0.22554399243140966
38427,0.04491958372753075
38428,0.686231472721539
38429,0.07861242510249133
38430,0.10578366445916114
38431,0.8575086723431093
38432,0.24869126458530433
38433,0.14710816777041943
38434,0.2611415957111321
38435,0.11654367707347842
38436,0.4713465783664459
38437,0.5208451592557553
38438,0.22203721223588774
38439,0.24990223904131187
38440,0.1830589719331441
38441,0.8768085777357302
38442,0.5420498265531377
38443,0.7573383790602334
38444,0.15103122043519393
38445,0.2093598233995585
38446,0.11703563544623147
38447,0.039697256385998116
38448,0.3233175654367707
38449,0.4696814884894355
38450,0.07231788079470199
38451,0.618883632923368
38452,0.19431094292021445
38453,0.6927152317880795
38454,0.29866918953011673
38455,0.6027625354777673
38456,0.8587070324818669
38457,0.09733207190160832
38458,0.7002585935036266
38459,0.8295931882686849
38460,0.582730999684642
38461,0.5045348470514034
38462,0.7772059287291075
38463,0.08423841059602648
38464,0.6111762850835699
38465,0.4795711132134973
38466,0.8129170608640807
38467,0.7044970040996531
38468,0.9106906338694418
38469,0.7896688741721855
38470,0.10052349416587827
38471,0.33844213181961524
38472,0.39171239356669824
38473,0.5165184484389782
38474,0.3222831914222643
38475,0.060435193945127724
38476,0.16600441501103752
38477,0.5502239041311888
38478,0.32324187953327027
38479,0.6365184484389782
38480,0.7284137496058026
38481,0.5879659413434247
38482,0.12687480290129297
38483,0.09068432671081679
38484,0.3390854619993693
38485,0.36325449385052033
38486,0.16666035950804164
38487,0.03253232418795332
38488,0.7462756228319143
38489,0.2652160201829076
38490,0.17671397035635444
38491,0.18179754020813624
38492,0.8250394197414065
38493,0.8927783033743298
38494,0.856802270577105
38495,0.7248817407757805
38496,0.6289246294544308
38497,0.81600756859035
38498,0.4969536423841059
38499,0.6001135288552507
38500,0.7146641438032166
38501,0.20508356985178178
38502,0.9468180384736675
38503,0.584787133396405
38504,0.2871649321980448
38505,0.309769788710186
38506,0.1902869757174393
38507,0.4192620624408704
38508,0.49103752759381897
38509,0.19303689687795647
38510,0.48761904761904756
38511,0.602081362346263
38512,0.9368274992116051
38513,0.25802585935036265
38514,0.22392935982339954
38515,0.0828634500157679
38516,0.5921791233049511
38517,0.68959949542731
38518,0.5504888047934405
38519,0.7550930305897193
38520,0.5901734468621885
38521,0.7932387259539578
38522,0.06138126773888363
38523,0.6742730999684642
38524,0.004427625354777673
38525,0.44702617470829387
38526,0.36290129296751816
38527,0.13696625670135604
38528,0.02286975717439294
38529,0.05055818353831599
38530,0.6780195521917376
38531,0.4396341847997477
38532,0.6958309681488489
38533,0.2583538315988647
38534,0.6364301482182277
38535,0.46014506464837585
38536,0.2171680857773573
38537,0.22445916114790285
38538,0.26192368338063704
38539,0.10758751182592242
38540,0.5276442762535477
38541,0.18322295805739514
38542,0.6277388836329233
38543,0.5346199936928413
38544,0.8908104698833176
38545,0.752633238725954
38546,0.11625354777672657
38547,0.0804162724692526
38548,0.1583222958057395
38549,0.8274487543361716
38550,0.5499463891516871
38551,0.35711132134973195
38552,0.8274487543361716
38553,0.1771680857773573
38554,0.17878271838536738
38555,0.3022516556291391
38556,0.2469252601702933
38557,0.5946263008514664
38558,0.5210091453800062
38559,0.5213875748975086
38560,0.4226426994638915
38561,0.05002838221381267
38562,0.7132387259539578
38563,0.8714853358561969
38564,0.7145380006307158
38565,0.25468306527909174
38566,0.7709996846420688
38567,0.009208451592557553
38568,0.674714601072217
38569,0.5431472721538947
38570,0.03706086408073162
38571,0.11038789025543992
38572,0.27125827814569536
38573,0.5530873541469568
38574,0.01795017344686219
38575,0.9135414695679597
38576,0.1781141595711132
38577,0.34730999684642067
38578,0.4155534531693472
38579,0.9703058971933145
38580,0.5881299274676758
38581,0.28608010091453795
38582,0.3468937243771681
38583,0.42136865342163354
38584,0.2768968779564806
38585,0.03361715547146011
38586,0.052980132450331126
38587,0.16666035950804164
38588,0.5781520025228635
38589,0.0180006307158625
38590,0.4473793755912961
38591,0.626073793755913
38592,0.8524377168085777
38593,0.37372437716808576
38594,0.35776726584673607
38595,0.13880794701986757
38596,0.10493850520340588
38597,0.1193440555029959
38598,0.6098391674550615
38599,0.7089624724061809
38600,0.17161778618732262
38601,0.9551056449069695
38602,0.6271333964049196
38603,0.7396404919583728
38604,0.7842951750236519
38605,0.14044780826237782
38606,0.570558183538316
38607,0.05374960580258594
38608,0.48418795332702613
38609,0.8461557868180384
38610,0.49060864080731625
38611,0.6413245033112583
38612,0.7438915168716493
38613,0.18189845474613686
38614,0.11682119205298012
38615,0.13475875118259223
38616,0.6402649006622516
38617,0.8877073478397982
38618,0.40005045726900035
38619,0.26584673604541154
38620,0.3591674550614948
38621,0.05445600756859035
38622,0.1847366761274046
38623,0.48816146326080095
38624,0.68
38625,0.7961652475559761
38626,0.16208136234626302
38627,0.7494039735099338
38628,0.6888930936613057
38629,0.09163040050457269
38630,0.7658404288867866
38631,0.3447619047619048
38632,0.44189214758751183
38633,0.3866162093976664
38634,0.25364869126458534
38635,0.34947965941343423
38636,0.42078839482812996
38637,0.7133270261747083
38638,0.4223147272153895
38639,0.7480163986124252
38640,0.48306527909176916
38641,0.7250709555345317
38642,0.8510122989593187
38643,0.3733333333333333
38644,0.06770104068117314
38645,0.08232103437401452
38646,0.8418543046357616
38647,0.06458530432040366
38648,0.28355723746452216
38649,0.29392620624408705
38650,0.09356039104383476
38651,0.5999243140964995
38652,0.007921791233049511
38653,0.5566445916114791
38654,0.43973509933774835
38655,0.16415011037527596
38656,0.6458656575212867
38657,0.7740901923683381
38658,0.7015200252286345
38659,0.2663260801009146
38660,0.7814695679596341
38661,0.8606496373383791
38662,0.08856512141280354
38663,0.2426868495742668
38664,0.5349227373068434
38665,0.8494985808893093
38666,0.6866855881425418
38667,0.5685146641438031
38668,0.7876505834121729
38669,0.9429454430778934
38670,0.7784925890886156
38671,0.9565184484389782
38672,0.4643330179754021
38673,0.6860422579627878
38674,0.4052601702932829
38675,0.5506275622831914
38676,0.08538631346578368
38677,0.4713213497319458
38678,0.10575843582466099
38679,0.4563355408388521
38680,0.3312645853043204
38681,0.8739955849889623
38682,0.6217849258908862
38683,0.7809271523178807
38684,0.4453863134657836
38685,0.30196152633238726
38686,0.2887669504888048
38687,0.49065909807631664
38688,0.6368464206874803
38689,0.32094607379375595
38690,0.6332639545884579
38691,0.14064963733837907
38692,0.8689246294544308
38693,0.4931062756228319
38694,0.6734910122989594
38695,0.8875181330810469
38696,0.42565752128666035
38697,0.8964616840113527
38698,0.5194071270892463
38699,0.29261431725007886
38700,0.1952444023967203
38701,0.5476505834121728
38702,0.4315988647114475
38703,0.66881110059918
38704,0.8188962472406182
38705,0.40575212866603594
38706,0.08153894670450963
38707,0.7864900662251655
38708,0.5079154840744244
38709,0.23412172816146326
38710,0.9727909176915799
38711,0.8886786502680543
38712,0.9732198044780828
38713,0.7320719016083255
38714,0.9957615894039734
38715,0.6495742667928098
38716,0.7835383159886471
38717,0.2637275307473983
38718,0.9716682434563229
38719,0.9082182276884264
38720,0.9046736045411542
38721,0.988003784295175
38722,0.9556354462314728
38723,0.5086597287921791
38724,0.4080353200883002
38725,0.6786881110059917
38726,0.48398612425102494
38727,0.8840491958372753
38728,0.858568274992116
38729,0.5483948281299276
38730,0.38456007568590356
38731,0.5846231472721538
38732,0.7276442762535478
38733,0.9485588142541784
38734,0.7871712393566699
38735,0.6372626931567329
38736,0.5461494796594134
38737,0.9680983916745506
38738,0.7679344055502995
38739,0.8269567959634184
38740,0.920643330179754
38741,0.9685903500473036
38742,0.936310312204352
38743,0.5202901292967519
38744,0.3029202144433933
38745,0.7691453800063073
38746,0.48799747713654995
38747,0.6299590034689373
38748,0.9141974140649638
38749,0.9439293598233995
38750,0.198082623777988
38751,0.518549353516241
38752,0.4755723746452224
38753,0.9431725007883948
38754,0.9363986124251025
38755,0.714399243140965
38756,0.9912835067801956
38757,0.7619804478082625
38758,0.8597414064963733
38759,0.951825922421949
38760,0.7441059602649007
38761,0.5007127089246295
38762,0.48880479344055505
38763,0.4726963103122044
38764,0.6713591926836959
38765,0.8445159255755281
38766,0.18039735099337748
38767,0.5674676758120466
38768,0.49993062125512455
38769,0.563670766319773
38770,0.8771996215704824
38771,0.18297067171239353
38772,0.341280353200883
38773,0.5803973509933774
38774,0.5821128981393883
38775,0.9820119836013875
38776,0.6029139072847681
38777,0.5937811415957113
38778,0.40259854935351624
38779,0.7986881110059918
38780,0.18847051403342796
38781,0.8186061179438663
38782,0.8041248817407758
38783,0.4811100599180069
38784,0.5465657521286661
38785,0.2342100283822138
38786,0.7980700094607379
38787,0.5535793125197098
38788,0.9604288867865026
38789,0.27095553453169346
38790,0.5437275307473982
38791,0.13376222011983602
38792,0.6928539892778304
38793,0.03528224534847052
38794,0.9731945758435825
38795,0.5683380637023021
38796,0.6979880163986124
38797,0.5765247555976033
38798,0.8054115421002839
38799,0.448968779564806
38800,0.9071838536739198
38801,0.7349731945758435
38802,0.472481866918953
38803,0.3984862819299905
38804,0.45272784610532957
38805,0.22399243140964994
38806,0.5764490696941028
38807,0.5919772942289498
38808,0.6341595711132135
38809,0.2829643645537685
38810,0.531365499842321
38811,0.6797224850204983
38812,0.23224219489120154
38813,0.040946073793755915
38814,0.6138000630715863
38815,0.07514348785871965
38816,0.6853610848312834
38817,0.7481803847366761
38818,0.9605171870072532
38819,0.3918259224219489
38820,0.8759129612109744
38821,0.2261116367076632
38822,0.7325134027120782
38823,0.3728161463260801
38824,0.6129927467675812
38825,0.5661936297697887
38826,0.2603342794071271
38827,0.37232418795332706
38828,0.4221633554083885
38829,0.7191043834752444
38830,0.7179438662882371
38831,0.28625670135603914
38832,0.7904888047934406
38833,0.24073163040050458
38834,0.7528476821192054
38835,0.8197540208136235
38836,0.40669820245979177
38837,0.4080731630400505
38838,0.45658782718385366
38839,0.6825859350362662
38840,0.06744875433617156
38841,0.5257395143487859
38842,0.5471207820876696
38843,0.06829391359192684
38844,0.47781772311573634
38845,0.1935036266162094
38846,0.36538631346578365
38847,0.6543172500788396
38848,0.292160201829076
38849,0.7722863450015767
38850,0.674727215389467
38851,0.8788016398612425
38852,0.16175339009776096
38853,0.35254493850520335
38854,0.21366130558183538
38855,0.25733207190160834
38856,0.06136865342163356
38857,0.3290318511510565
38858,0.672948596657206
38859,0.23967202775149796
38860,0.23412172816146326
38861,0.9385808893093662
38862,0.7761210974456008
38863,0.7347839798170924
38864,0.7249700409965311
38865,0.8392809839167454
38866,0.19431094292021445
38867,0.25718070009460736
38868,0.37272784610532955
38869,0.3888615578681804
38870,0.18596026490066225
38871,0.4573068432671082
38872,0.2745253863134658
38873,0.8018921475875118
38874,0.8136486912645854
38875,0.15505518763796908
38876,0.38356354462314723
38877,0.3547398297067171
38878,0.062390413118889945
38879,0.8646988331756543
38880,0.15327656890570796
38881,0.014708293913591927
38882,0.43704824976348156
38883,0.2530810469883318
38884,0.019072847682119205
38885,0.647518133081047
38886,0.14333648691264586
38887,0.5754399243140965
38888,0.049523809523809526
38889,0.09043204036581522
38890,0.27764112267423524
38891,0.7963796909492274
38892,0.48959949542731
38893,0.09945127719962157
38894,0.725096184169032
38895,0.43225480920845155
38896,0.932324187953327
38897,0.3673415326395459
38898,0.533118889940082
38899,0.02553137811415957
38900,0.48259854935351626
38901,0.09349731945758437
38902,0.4784736676127404
38903,0.743677073478398
38904,0.4489435509303059
38905,0.4888552507095553
38906,0.5288678650268055
38907,0.04044150110375276
38908,0.1350236518448439
38909,0.11423525701671397
38910,0.07116997792494482
38911,0.3026931567328918
38912,0.3652727846105329
38913,0.6194638915168716
38914,0.565916114790287
38915,0.9144875433617154
38916,0.061948912015137185
38917,0.12526017029328287
38918,0.08466729738252918
38919,0.8572942289498582
38920,0.26305897193314415
38921,0.41459476505834125
38922,0.04690003153579313
38923,0.8536234626300852
38924,0.06738568274992117
38925,0.6012235887732577
38926,0.24225796278776413
38927,0.8371617786187323
38928,0.6428129927467675
38929,0.10488804793440555
38930,0.3373194575843582
38931,0.0043645537685272785
38932,0.6637653736991486
38933,0.6256322926521602
38934,0.595660674865973
38935,0.7216524755597603
38936,0.6703500473036897
38937,0.7658530432040366
38938,0.6614695679596342
38939,0.6111510564490696
38940,0.14351308735414697
38941,0.5284137496058026
38942,0.1993945127719962
38943,0.9387448754336171
38944,0.020624408703878903
38945,0.009725638599810786
38946,0.13525070955534532
38947,0.18169662567013561
38948,0.19839798170923997
38949,0.03837275307473983
38950,0.10423210343740145
38951,0.7846105329549038
38952,0.47412172816146325
38953,0.399028697571744
38954,0.36861557868180383
38955,0.35484074424471773
38956,0.958713339640492
38957,0.562573320719016
38958,0.39641753390097767
38959,0.06829391359192685
38960,0.3568590350047304
38961,0.42799116997792497
38962,0.5140334279407127
38963,0.7898454746136865
38964,0.7186754966887418
38965,0.9507410911384422
38966,0.08856512141280354
38967,0.7665342163355409
38968,0.72479344055503
38969,0.7973257647429833
38970,0.32821192052980136
38971,0.7045979186376538
38972,0.16191737622201197
38973,0.8541532639545885
38974,0.31967202775149794
38975,0.049473352254809214
38976,0.48909492273730687
38977,0.781772311573636
38978,0.26397981709239987
38979,0.5600756859035004
38980,0.5212362030905078
38981,0.0751687164932198
38982,0.7107284768211921
38983,0.2106590980763166
38984,0.18150741091138442
38985,0.40920845159255753
38986,0.3351497950173447
38987,0.27794386628823714
38988,0.354399243140965
38989,0.050596026490066226
38990,0.014443393251340272
38991,0.7090129296751813
38992,0.03595080416272469
38993,0.6721791233049511
38994,0.040542415641753385
38995,0.7625102491327657
38996,0.2267045096184169
38997,0.9195332702617471
38998,0.7864900662251656
38999,0.4058278145695364
39000,0.7154840744244718
39001,0.6549605802585936
39002,0.7423777988016399
39003,0.16182907600126142
39004,0.22762535477767265
39005,0.6714096499526964
39006,0.5628382213812678
39007,0.7493661305581836
39008,0.9033238725953957
39009,0.10685588142541785
39010,0.10124251024913276
39011,0.04170293282876065
39012,0.2960075685903501
39013,0.020498265531378113
39014,0.2010091453800063
39015,0.22315988647114476
39016,0.5950047303689687
39017,0.6061179438662883
39018,0.46932828760643336
39019,0.2689750867234311
39020,0.03620309050772627
39021,0.8506464837590665
39022,0.22971933144118575
39023,0.12706401766004413
39024,0.07491643014821822
39025,0.5751119520655944
39026,0.6351813308104698
39027,0.8890823084200568
39028,0.09050772626931568
39029,0.0967518133081047
39030,0.8505329549038158
39031,0.08589088615578683
39032,0.37473352254809206
39033,0.5438789025543993
39034,0.38125512456638283
39035,0.5454683065279091
39036,0.12223273415326395
39037,0.5606937874487543
39038,0.6104951119520655
39039,0.14902554399243143
39040,0.8967644276253547
39041,0.4752191737622201
39042,0.1608703878902554
39043,0.6866099022390414
39044,0.7264080731630401
39045,0.05813938820561337
39046,0.8070009460737938
39047,0.1355660674865973
39048,0.16474298328602965
39049,0.106401766004415
39050,0.2031661936297698
39051,0.08782087669504889
39052,0.27776726584673606
39053,0.08954903815830968
39054,0.029555345316934722
39055,0.4080605487228004
39056,0.7372059287291076
39057,0.18664143803216648
39058,0.2413118889940082
39059,0.2466099022390413
39060,0.24591611479028694
39061,0.46005676442762533
39062,0.14327341532639548
39063,0.8384736676127404
39064,0.08985178177231157
39065,0.79519394512772
39066,0.6746389151687164
39067,0.7949416587827184
39068,0.1489120151371807
39069,0.20446546830652793
39070,0.12020182907600127
39071,0.41599495427309996
39072,0.3325512456638285
39073,0.6947965941343425
39074,0.7537559129612109
39075,0.027423525701671402
39076,0.2894859665720592
39077,0.8378555660674867
39078,0.020208136234626303
39079,0.4703374329864396
39080,0.19871333964049195
39081,0.40915799432355726
39082,0.33344686218858405
39083,0.4030022075055188
39084,0.5539703563544622
39085,0.2391674550614948
39086,0.6572563859981078
39087,0.18350047303689687
39088,0.5579438662882372
39089,0.9842951750236517
39090,0.4122485020498266
39091,0.718233995584989
39092,0.869933774834437
39093,0.3151813308104699
39094,0.2534720908230842
39095,0.9618038473667613
39096,0.868634500157679
39097,0.8934973194575844
39098,0.8164995269631031
39099,0.289284137496058
39100,0.9834752444023968
39101,0.6627562283191423
39102,0.21467045096184167
39103,0.14148218227688425
39104,0.1505897193314412
39105,0.8226300851466414
39106,0.42883632923368015
39107,0.5706843267108167
39108,0.8718637653736991
39109,0.8635635446231473
39110,0.5625354777672659
39111,0.5320088300220751
39112,0.3313276568905708
39113,0.7530116682434563
39114,0.8492462945443078
39115,0.9276695048880479
39116,0.48544938505203405
39117,0.2779817092399874
39118,0.2431157363607695
39119,0.24664774519079155
39120,0.804314096499527
39121,0.5584610532954905
39122,0.14093976663513086
39123,0.6098770104068117
39124,0.1547650583412173
39125,0.5366635130873542
39126,0.8487291075370546
39127,0.7127846105329549
39128,0.13969094922737307
39129,0.2876442762535477
39130,0.5343424787133396
39131,0.2606622516556292
39132,0.2510122989593188
39133,0.6005424156417534
39134,0.34232734153263955
39135,0.6541658782718386
39136,0.8164364553768527
39137,0.2597540208136234
39138,0.050040996531062754
39139,0.6790160832544939
39140,0.25641122674235256
39141,0.19209082308420056
39142,0.3981961526332387
39143,0.1594071270892463
39144,0.23120782087669503
39145,0.9839545884578997
39146,0.2692399873856828
39147,0.9567581204667298
39148,0.4576095868811101
39149,0.39615263323872596
39150,0.16546199936928413
39151,0.3417470829391359
39152,0.5454935351624093
39153,0.7017596972563861
39154,0.37853043204036585
39155,0.9836140018921475
39156,0.8556795963418481
39157,0.82560706401766
39158,0.9347335225480922
39159,0.9873099968464207
39160,0.9074235257016714
39161,0.713440555029959
39162,0.950551876379691
39163,0.9870072532324188
39164,0.7414317250078839
39165,0.7953957742037212
39166,0.7390097760958688
39167,0.915042573320719
39168,0.45484705140334275
39169,0.800807316304005
39170,0.515521917376222
39171,0.9154966887417217
39172,0.8269189530116682
39173,0.27741406496373383
39174,0.6170040996531062
39175,0.6323809523809524
39176,0.7245789971617786
39177,0.9288930936613055
39178,0.7712645853043204
39179,0.7391485335856197
39180,0.884175339009776
39181,0.5243645537685272
39182,0.3748596657205929
39183,0.33277830337432984
39184,0.8825985493535162
39185,0.4923368022705771
39186,0.8248880479344055
39187,0.9080163986124251
39188,0.6864837590665406
39189,0.8600946073793756
39190,0.8092967518133081
39191,0.40970040996531065
39192,0.8599558498896247
39193,0.739854935351624
39194,0.9867423525701671
39195,0.49883317565436763
39196,0.8315610217596974
39197,0.45159255755282246
39198,0.4327719962157048
39199,0.7330936613055817
39200,0.616310312204352
39201,0.8709429202144434
39202,0.580952380952381
39203,0.7264837590665406
39204,0.8813749605802587
39205,0.5068432671081677
39206,0.9936423841059603
39207,0.18023336486912644
39208,0.6407947019867549
39209,0.45877010406811725
39210,0.1154714601072217
39211,0.7283759066540525
39212,0.9725512456638284
39213,0.311371807000946
39214,0.3349984232103438
39215,0.681778618732261
39216,0.1382907600126143
39217,0.16068117313150426
39218,0.5683885209713024
39219,0.637123935666982
39220,0.27303689687795646
39221,0.7189908546199937
39222,0.06800378429517502
39223,0.3120151371807001
39224,0.41467045096184163
39225,0.37245033112582787
39226,0.08315357931251971
39227,0.7411037527593818
39228,0.699526963103122
39229,0.556631977294229
39230,0.7864396089561653
39231,0.9354903815830967
39232,0.6984295175023653
39233,0.5086092715231788
39234,0.021280353200883
39235,0.4650015767896562
39236,0.922888678650268
39237,0.6015137180700094
39238,0.8424850204982655
39239,0.6835824660990224
39240,0.37301797540208137
39241,0.6948344370860926
39242,0.12204351939451277
39243,0.34738568274992115
39244,0.04946073793755913
39245,0.18072532324187954
39246,0.5903248186691895
39247,0.3754777672658468
39248,0.6419426048565121
39249,0.3999369284137496
39250,0.21789971617786189
39251,0.35919268369599494
39252,0.384799747713655
39253,0.3542100283822138
39254,0.07166193629769789
39255,0.2939514348785872
39256,0.1857710501419111
39257,0.26780195521917377
39258,0.694077578051088
39259,0.29639861242510246
39260,0.05545253863134658
39261,0.5533396404919584
39262,0.14006937874487543
39263,0.0813749605802586
39264,0.7201009145380005
39265,0.7647555976032797
39266,0.6768338063702302
39267,0.0373762220119836
39268,0.47856196783349103
39269,0.6788520971302429
39270,0.9532261116367076
39271,0.18565752128666038
39272,0.4965752128666036
39273,0.32600441501103755
39274,0.5357805108798487
39275,0.1663702302112898
39276,0.2031535793125197
39277,0.5205676442762536
39278,0.12442762535477767
39279,0.8367328918322295
39280,0.35467675812046673
39281,0.7605676442762536
39282,0.06532954903815831
39283,0.6156165247555975
39284,0.5695111952065595
39285,0.46961841690318507
39286,0.4905960264900663
39287,0.7549290444654683
39288,0.4423841059602649
39289,0.13058341217281613
39290,0.223197729422895
39291,0.18135603910438344
39292,0.5203532008830023
39293,0.38033427940712705
39294,0.6373762220119835
39295,0.045991800693787444
39296,0.38683065279091766
39297,0.38288237149164306
39298,0.08684957426679281
39299,0.9287038789025545
39300,0.09438032166508989
39301,0.40450331125827815
39302,0.49752128666035955
39303,0.03244402396720277
39304,0.13069694102806687
39305,0.5295868811100599
39306,0.4187322611163671
39307,0.7072595395774204
39308,0.7142226426994639
39309,0.542718385367392
39310,0.10413118889940082
39311,0.8500536108483129
39312,0.757603279722485
39313,0.06675496688741722
39314,0.19211605171870072
39315,0.15728792179123305
39316,0.5871838536739199
39317,0.6743235572374645
39318,0.8377420372122358
39319,0.20806054872280036
39320,0.7197603279722485
39321,0.11231788079470198
39322,0.6907347839798171
39323,0.3921286660359508
39324,0.6002144433932515
39325,0.12652160201829077
39326,0.6615452538631346
39327,0.423525701671397
39328,0.5230652790917693
39329,0.7875496688741722
39330,0.12403658152002522
39331,0.305127719962157
39332,0.16431409649952697
39333,0.3946389151687165
39334,0.47058971933144117
39335,0.9357805108798486
39336,0.17767265846736047
39337,0.02377798801639861
39338,0.3404604225796279
39339,0.4892589088615579
39340,0.782894985808893
39341,0.6088804793440554
39342,0.4562598549353516
39343,0.45763481551561025
39344,0.8152507095553454
39345,0.17464522232734153
39346,0.25600756859035007
39347,0.817760958688111
39348,0.7959508041627247
39349,0.5931756543677073
39350,0.29134027120782086
39351,0.30023336486912644
39352,0.20407442447177546
39353,0.5297382529170609
39354,0.6814632608010092
39355,0.016739198990854617
39356,0.3551813308104699
39357,0.45686534216335545
39358,0.5281110059918007
39359,0.11106906338694418
39360,0.2236266162093977
39361,0.33274046042257965
39362,0.6024976348155157
39363,0.5457458215074109
39364,0.15224219489120153
39365,0.4550993377483443
39366,0.7150930305897194
39367,0.8361652475559761
39368,0.5394891201513718
39369,0.20832544938505204
39370,0.6616335540838852
39371,0.28797224850204983
39372,0.5779880163986124
39373,0.6208514664143804
39374,0.7768148848943552
39375,0.6619741406496372
39376,0.261431725007884
39377,0.32486912645853044
39378,0.7694733522548092
39379,0.2996026490066225
39380,0.0707032481866919
39381,0.2836959949542731
39382,0.7961652475559761
39383,0.20351939451277198
39384,0.06990854619993693
39385,0.15103122043519396
39386,0.2286218858404289
39387,0.47774203721223585
39388,0.7389971617786187
39389,0.8709807631661937
39390,0.6368211920529802
39391,0.6300725323241879
39392,0.8382213812677389
39393,0.8908230842005677
39394,0.7475875118259224
39395,0.7506780195521917
39396,0.5106906338694418
39397,0.43249448123620315
39398,0.27272153894670453
39399,0.4680668558814254
39400,0.5569347209082309
39401,0.4324944812362031
39402,0.7224976348155157
39403,0.5240870387890255
39404,0.67519394512772
39405,0.18927783033743298
39406,0.42150741091138444
39407,0.5398044780826238
39408,0.641438032166509
39409,0.3478776411226742
39410,0.29714285714285715
39411,0.5720466729738253
39412,0.3827814569536424
39413,0.9290192368338063
39414,0.6781961526332388
39415,0.931516871649322
39416,0.6669189530116683
39417,0.12731630400504573
39418,0.8416777041942605
39419,0.3083822138126774
39420,0.2607127089246295
39421,0.34555660674865973
39422,0.597111321349732
39423,0.8051970987070326
39424,0.8601955219173762
39425,0.29086092715231787
39426,0.7599747713655
39427,0.4314727215389467
39428,0.6885146641438032
39429,0.7325386313465785
39430,0.3797161778618732
39431,0.8446168401135288
39432,0.4583286029643645
39433,0.9052412488174078
39434,0.636959949542731
39435,0.21701671397035638
39436,0.449132765689057
39437,0.7097445600756859
39438,0.5594954273099969
39439,0.3070577105014191
39440,0.08311573636076947
39441,0.06649006622516555
39442,0.2947461368653422
39443,0.3978681803847367
39444,0.48803532008830025
39445,0.8484137496058025
39446,0.645108798486282
39447,0.4079344055502996
39448,0.6730999684642068
39449,0.7378240302743615
39450,0.6955786818038474
39451,0.10169662567013561
39452,0.7723998738568275
39453,0.41426679280983914
39454,0.38911384421318196
39455,0.06594765058341216
39456,0.1354273099968464
39457,0.23557237464522232
39458,0.05363607694733523
39459,0.24013875748975086
39460,0.33203405865657526
39461,0.28672343109429205
39462,0.31423525701671395
39463,0.28089561652475564
39464,0.9564175339009776
39465,0.6167896562598549
39466,0.6283569851781773
39467,0.17439293598233996
39468,0.19722485020498265
39469,0.2948218227688426
39470,0.9227120782087669
39471,0.864787133396405
39472,0.751838536739199
39473,0.9317817723115737
39474,0.6398107852412489
39475,0.1536297697887102
39476,0.9588394828129926
39477,0.8057773573005361
39478,0.7885335856196783
39479,0.6631598864711448
39480,0.8388773257647429
39481,0.4558688111005991
39482,0.7288426363923053
39483,0.8779186376537371
39484,0.42227688426363924
39485,0.7049132765689058
39486,0.5876379690949227
39487,0.9805991800693787
39488,0.8608893093661304
39489,0.864471775465153
39490,0.5645411542100284
39491,0.9714411857458215
39492,0.8364553768527279
39493,0.8284578997161779
39494,0.8166256701356039
39495,0.7330684326710818
39496,0.8989340901923684
39497,0.3541469567959634
39498,0.6575086723431094
39499,0.7989277830337433
39500,0.9170356354462315
39501,0.5567959634184799
39502,0.7083569851781772
39503,0.9253610848312835
39504,0.8148470514033428
39505,0.6330621255124566
39506,0.7466162093976664
39507,0.8739955849889623
39508,0.5302302112898138
39509,0.25533900977609586
39510,0.4565752128666036
39511,0.7600126143172501
39512,0.8692652160201829
39513,0.7903374329864395
39514,0.9839419741406495
39515,0.6247240618101545
39516,0.43641753390097765
39517,0.5508167770419427
39518,0.451680857773573
39519,0.5197981709239987
39520,0.6670577105014192
39521,0.4362661620939767
39522,0.6316619362976978
39523,0.4445285398927783
39524,0.6381456953642384
39525,0.836152633238726
39526,0.7106023336486913
39527,0.8211415957111322
39528,0.3482939135919269
39529,0.2569914853358562
39530,0.0845916114790287
39531,0.3285020498265532
39532,0.44732891832229577
39533,0.1320214443393251
39534,0.059552191737622204
39535,0.7365247555976032
39536,0.3542226426994639
39537,0.7177294228949858
39538,0.8794071270892462
39539,0.05579312519709871
39540,0.10560706401766004
39541,0.8005928729107538
39542,0.7729675181330812
39543,0.01869441816461684
39544,0.5721349731945758
39545,0.6325701671397037
39546,0.5416083254493851
39547,0.1324629454430779
39548,0.6905077262693157
39549,0.22245348470514034
39550,0.20466729738252917
39551,0.35630400504572696
39552,0.40909492273730685
39553,0.17874487543361717
39554,0.23122043519394514
39555,0.6125512456638285
39556,0.516152633238726
39557,0.6410848312835069
39558,0.6143803216650898
39559,0.05709239987385683
39560,0.7385430463576158
39561,0.9749858088930937
39562,0.6670198675496689
39563,0.016209397666351308
39564,0.17513718070009462
39565,0.4277514979501734
39566,0.09825291706086409
39567,0.151838536739199
39568,0.19448754336171556
39569,0.6967518133081047
39570,0.5562535477767265
39571,0.31163670766319773
39572,0.8173194575843582
39573,0.24533585619678336
39574,0.42339955849889627
39575,0.8494859665720593
39576,0.4905329549038158
39577,0.19876379690949228
39578,0.3003595080416273
39579,0.023727530747398296
39580,0.18381583096814885
39581,0.31621570482497635
39582,0.36489435509303064
39583,0.023841059602649012
39584,0.6323431094292021
39585,0.5241501103752759
39586,0.5294355093030589
39587,0.14367707347839798
39588,0.8011983601387574
39589,0.07485335856196783
39590,0.8459287291075371
39591,0.1202396720277515
39592,0.16515925575528223
39593,0.3768148848943551
39594,0.06695679596341848
39595,0.13796278776411228
39596,0.7910186061179437
39597,0.8093472090823084
39598,0.6769347209082308
39599,0.45521286660359506
39600,0.8062945443077895
39601,0.7449006622516556
39602,0.07801955219173762
39603,0.45593188268684953
39604,0.9586754966887417
39605,0.3337243771680858
39606,0.8486912645853043
39607,0.7368274992116052
39608,0.5885083569851782
39609,0.06035950804162725
39610,0.6976600441501105
39611,0.24802270577105012
39612,0.21422894985808896
39613,0.43055187637969095
39614,0.12722800378429516
39615,0.6916556291390729
39616,0.648640807316304
39617,0.3286912645853043
39618,0.2727846105329549
39619,0.27307473982970676
39620,0.12779564806054872
39621,0.5938568274992116
39622,0.17837906023336486
39623,0.33918637653736994
39624,0.6387133396404919
39625,0.524957426679281
39626,0.6269694102806685
39627,0.1226868495742668
39628,0.07037527593818985
39629,0.39423525701671397
39630,0.17662567013560387
39631,0.1973257647429833
39632,0.32807316304005046
39633,0.05522548092084516
39634,0.7630652790917692
39635,0.7924187953327027
39636,0.9110564490696942
39637,0.2027373068432671
39638,0.39832229580573947
39639,0.9064774519079154
39640,0.7704446546830653
39641,0.6347146010722171
39642,0.029441816461684013
39643,0.28456638284452856
